[
    {
        "id": 0,
        "location": {
            "right": 527,
            "left": 494,
            "top": 10,
            "bottom": 22
        },
        "content": "6:53",
        "isClick": false,
        "type": "text"
    },
    {
        "id": 1,
        "location": {
            "right": 378,
            "left": 47,
            "top": 7,
            "bottom": 23
        },
        "content": "fffffffffff",
        "isClick": true,
        "type": "text"
    },
    {
        "id": 2,
        "location": {
            "right": 379,
            "left": 371,
            "top": 5,
            "bottom": 33
        },
        "content": "f",
        "isClick": false,
        "type": "text"
    },
    {
        "id": 3,
        "location": {
            "right": 48,
            "left": 24,
            "top": 51,
            "bottom": 68
        },
        "content": "=",
        "isClick": true,
        "type": "text"
    },
    {
        "id": 4,
        "location": {
            "right": 365,
            "left": 80,
            "top": 49,
            "bottom": 76
        },
        "content": "Smart AudioBook Player",
        "isClick": true,
        "type": "text"
    },
    {
        "id": 5,
        "location": {
            "right": 513,
            "left": 508,
            "top": 50,
            "bottom": 70
        },
        "content": ":",
        "isClick": false,
        "type": "text"
    },
    {
        "id": 6,
        "location": {
            "right": 60,
            "left": 36,
            "top": 102,
            "bottom": 114
        },
        "content": "Zzz",
        "isClick": true,
        "type": "text"
    },
    {
        "id": 7,
        "location": {
            "right": 344,
            "left": 295,
            "top": 108,
            "bottom": 132
        },
        "content": "1.0x",
        "isClick": false,
        "type": "text"
    },
    {
        "id": 8,
        "location": {
            "right": 307,
            "left": 232,
            "top": 160,
            "bottom": 177
        },
        "content": "UNIT49",
        "isClick": false,
        "type": "text"
    },
    {
        "id": 9,
        "location": {
            "right": 274,
            "left": 133,
            "top": 197,
            "bottom": 211
        },
        "content": "Read 0:00 of 0:06",
        "isClick": false,
        "type": "text"
    },
    {
        "id": 10,
        "location": {
            "right": 316,
            "left": 295,
            "top": 197,
            "bottom": 211
        },
        "content": "0 %",
        "isClick": false,
        "type": "text"
    },
    {
        "id": 11,
        "location": {
            "right": 406,
            "left": 337,
            "top": 197,
            "bottom": 211
        },
        "content": "Left 0:06",
        "isClick": false,
        "type": "text"
    },
    {
        "id": 12,
        "location": {
            "right": 318,
            "left": 221,
            "top": 241,
            "bottom": 260
        },
        "content": "S09735.3gp",
        "isClick": false,
        "type": "text"
    },
    {
        "id": 13,
        "location": {
            "right": 46,
            "left": 14,
            "top": 307,
            "bottom": 319
        },
        "content": "0:00",
        "isClick": false,
        "type": "text"
    },
    {
        "id": 14,
        "location": {
            "right": 524,
            "left": 492,
            "top": 306,
            "bottom": 320
        },
        "content": "0:03",
        "isClick": false,
        "type": "text"
    },
    {
        "id": 15,
        "location": {
            "right": 109,
            "left": 70,
            "top": 446,
            "bottom": 489
        },
        "content": "K",
        "isClick": false,
        "type": "text"
    },
    {
        "id": 16,
        "location": {
            "right": 469,
            "left": 430,
            "top": 446,
            "bottom": 491
        },
        "content": "N",
        "isClick": false,
        "type": "text"
    },
    {
        "id": 17,
        "location": {
            "right": 360,
            "left": 342,
            "top": 729,
            "bottom": 784
        },
        "content": "\uc9e7",
        "isClick": false,
        "type": "text"
    },
    {
        "id": 18,
        "location": {
            "right": 89,
            "left": 49,
            "top": 763,
            "bottom": 783
        },
        "content": "1 m",
        "isClick": false,
        "type": "text"
    },
    {
        "id": 19,
        "location": {
            "right": 226,
            "left": 182,
            "top": 762,
            "bottom": 783
        },
        "content": "10 s",
        "isClick": false,
        "type": "text"
    },
    {
        "id": 20,
        "location": {
            "right": 361,
            "left": 316,
            "top": 761,
            "bottom": 783
        },
        "content": "10 S",
        "isClick": false,
        "type": "text"
    },
    {
        "id": 21,
        "location": {
            "right": 494,
            "left": 454,
            "top": 762,
            "bottom": 783
        },
        "content": "1 m",
        "isClick": false,
        "type": "text"
    }
]