[
    {
        "id": 0,
        "location": {
            "right": 378,
            "left": 47,
            "top": 7,
            "bottom": 23
        },
        "content": "fffffffffff",
        "isClick": true,
        "type": "text"
    },
    {
        "id": 1,
        "location": {
            "right": 527,
            "left": 494,
            "top": 10,
            "bottom": 22
        },
        "content": "6:53",
        "isClick": false,
        "type": "text"
    },
    {
        "id": 2,
        "location": {
            "right": 36,
            "left": 30,
            "top": 49,
            "bottom": 71
        },
        "content": "k",
        "isClick": true,
        "type": "text"
    },
    {
        "id": 3,
        "location": {
            "right": 365,
            "left": 80,
            "top": 49,
            "bottom": 76
        },
        "content": "Smart AudioBook Player",
        "isClick": true,
        "type": "text"
    },
    {
        "id": 4,
        "location": {
            "right": 48,
            "left": 35,
            "top": 107,
            "bottom": 133
        },
        "content": "<",
        "isClick": true,
        "type": "text"
    },
    {
        "id": 5,
        "location": {
            "right": 161,
            "left": 93,
            "top": 112,
            "bottom": 134
        },
        "content": "Library",
        "isClick": false,
        "type": "text"
    },
    {
        "id": 6,
        "location": {
            "right": 124,
            "left": 7,
            "top": 161,
            "bottom": 175
        },
        "content": "Started books :",
        "isClick": false,
        "type": "text"
    },
    {
        "id": 7,
        "location": {
            "right": 167,
            "left": 92,
            "top": 214,
            "bottom": 231
        },
        "content": "UNIT49",
        "isClick": false,
        "type": "text"
    },
    {
        "id": 8,
        "location": {
            "right": 524,
            "left": 492,
            "top": 306,
            "bottom": 320
        },
        "content": "0:03",
        "isClick": false,
        "type": "text"
    },
    {
        "id": 9,
        "location": {
            "right": 449,
            "left": 434,
            "top": 447,
            "bottom": 491
        },
        "content": "N",
        "isClick": false,
        "type": "text"
    },
    {
        "id": 10,
        "location": {
            "right": 494,
            "left": 454,
            "top": 762,
            "bottom": 783
        },
        "content": "1 m",
        "isClick": false,
        "type": "text"
    }
]