[
    {
        "id": 0,
        "location": {
            "right": 378,
            "left": 47,
            "top": 7,
            "bottom": 23
        },
        "content": "fffffffffff",
        "isClick": false,
        "type": "text"
    },
    {
        "id": 1,
        "location": {
            "right": 526,
            "left": 494,
            "top": 10,
            "bottom": 22
        },
        "content": "6:53",
        "isClick": false,
        "type": "text"
    },
    {
        "id": 2,
        "location": {
            "right": 100,
            "left": 23,
            "top": 50,
            "bottom": 75
        },
        "content": "Library",
        "isClick": false,
        "type": "text"
    },
    {
        "id": 3,
        "location": {
            "right": 471,
            "left": 442,
            "top": 45,
            "bottom": 75
        },
        "content": "s",
        "isClick": false,
        "type": "text"
    },
    {
        "id": 4,
        "location": {
            "right": 58,
            "left": 1,
            "top": 97,
            "bottom": 111
        },
        "content": "Started",
        "isClick": false,
        "type": "text"
    },
    {
        "id": 5,
        "location": {
            "right": 302,
            "left": 237,
            "top": 97,
            "bottom": 111
        },
        "content": "Finished",
        "isClick": false,
        "type": "text"
    },
    {
        "id": 6,
        "location": {
            "right": 175,
            "left": 100,
            "top": 127,
            "bottom": 144
        },
        "content": "UNIT49",
        "isClick": true,
        "type": "text"
    },
    {
        "id": 7,
        "location": {
            "right": 200,
            "left": 99,
            "top": 157,
            "bottom": 173
        },
        "content": "ABA_English",
        "isClick": true,
        "type": "text"
    },
    {
        "id": 8,
        "location": {
            "right": 532,
            "left": 488,
            "top": 184,
            "bottom": 200
        },
        "content": "\u00a9 Om",
        "isClick": false,
        "type": "text"
    }
]