[
    {
        "content": "+",
        "location": {
            "bottom": 849,
            "top": 835,
            "left": 832,
            "right": 845
        },
        "id": 0,
        "isClick": false,
        "type": "text"
    },
    {
        "content": "\u610f",
        "location": {
            "bottom": 1243,
            "top": 917,
            "left": 606,
            "right": 717
        },
        "id": 1,
        "isClick": false,
        "type": "text"
    },
    {
        "content": "+",
        "location": {
            "bottom": 1689,
            "top": 1675,
            "left": 832,
            "right": 845
        },
        "id": 2,
        "isClick": false,
        "type": "text"
    }
]