[
    {
        "content": "FAK",
        "location": {
            "bottom": 26,
            "top": 10,
            "left": 217,
            "right": 255
        },
        "id": 0,
        "isClick": false,
        "type": "text"
    },
    {
        "content": "3",
        "location": {
            "bottom": 48,
            "top": 17,
            "left": 942,
            "right": 965
        },
        "id": 1,
        "isClick": false,
        "type": "text"
    },
    {
        "content": "3:28",
        "location": {
            "bottom": 48,
            "top": 17,
            "left": 987,
            "right": 1055
        },
        "id": 2,
        "isClick": false,
        "type": "text"
    },
    {
        "content": "Settings",
        "location": {
            "bottom": 169,
            "top": 116,
            "left": 44,
            "right": 233
        },
        "id": 3,
        "isClick": false,
        "type": "text"
    },
    {
        "content": "Show",
        "location": {
            "bottom": 305,
            "top": 265,
            "left": 44,
            "right": 143
        },
        "id": 4,
        "isClick": false,
        "type": "text"
    },
    {
        "content": "background",
        "location": {
            "bottom": 309,
            "top": 265,
            "left": 159,
            "right": 371
        },
        "id": 5,
        "isClick": false,
        "type": "text"
    },
    {
        "content": "Show",
        "location": {
            "bottom": 449,
            "top": 409,
            "left": 43,
            "right": 143
        },
        "id": 6,
        "isClick": false,
        "type": "text"
    },
    {
        "content": "background",
        "location": {
            "bottom": 452,
            "top": 409,
            "left": 158,
            "right": 371
        },
        "id": 7,
        "isClick": false,
        "type": "text"
    },
    {
        "content": "grid",
        "location": {
            "bottom": 454,
            "top": 409,
            "left": 387,
            "right": 453
        },
        "id": 8,
        "isClick": false,
        "type": "text"
    },
    {
        "content": "Use",
        "location": {
            "bottom": 587,
            "top": 553,
            "left": 45,
            "right": 110
        },
        "id": 9,
        "isClick": false,
        "type": "text"
    },
    {
        "content": "double",
        "location": {
            "bottom": 587,
            "top": 553,
            "left": 126,
            "right": 248
        },
        "id": 10,
        "isClick": false,
        "type": "text"
    },
    {
        "content": "click to",
        "location": {
            "bottom": 587,
            "top": 553,
            "left": 264,
            "right": 392
        },
        "id": 11,
        "isClick": false,
        "type": "text"
    },
    {
        "content": "edit",
        "location": {
            "bottom": 587,
            "top": 553,
            "left": 407,
            "right": 473
        },
        "id": 12,
        "isClick": false,
        "type": "text"
    },
    {
        "content": "Color of skeletons",
        "location": {
            "bottom": 731,
            "top": 696,
            "left": 44,
            "right": 377
        },
        "id": 13,
        "isClick": false,
        "type": "text"
    },
    {
        "content": "Background",
        "location": {
            "bottom": 881,
            "top": 841,
            "left": 45,
            "right": 258
        },
        "id": 14,
        "isClick": false,
        "type": "text"
    },
    {
        "content": "color in",
        "location": {
            "bottom": 878,
            "top": 841,
            "left": 275,
            "right": 409
        },
        "id": 15,
        "isClick": false,
        "type": "text"
    },
    {
        "content": "item",
        "location": {
            "bottom": 876,
            "top": 841,
            "left": 425,
            "right": 502
        },
        "id": 16,
        "isClick": false,
        "type": "text"
    },
    {
        "content": "editor",
        "location": {
            "bottom": 875,
            "top": 841,
            "left": 519,
            "right": 622
        },
        "id": 17,
        "isClick": false,
        "type": "text"
    },
    {
        "content": "Vibrate",
        "location": {
            "bottom": 1021,
            "top": 985,
            "left": 43,
            "right": 172
        },
        "id": 18,
        "isClick": false,
        "type": "text"
    },
    {
        "content": "Full",
        "location": {
            "bottom": 1162,
            "top": 1129,
            "left": 45,
            "right": 104
        },
        "id": 19,
        "isClick": false,
        "type": "text"
    },
    {
        "content": "screen",
        "location": {
            "bottom": 1162,
            "top": 1137,
            "left": 121,
            "right": 240
        },
        "id": 20,
        "isClick": false,
        "type": "text"
    },
    {
        "content": "mode",
        "location": {
            "bottom": 1162,
            "top": 1129,
            "left": 257,
            "right": 358
        },
        "id": 21,
        "isClick": false,
        "type": "text"
    },
    {
        "content": "Kids",
        "location": {
            "bottom": 1308,
            "top": 1273,
            "left": 46,
            "right": 121
        },
        "id": 22,
        "isClick": false,
        "type": "text"
    },
    {
        "content": "mode",
        "location": {
            "bottom": 1308,
            "top": 1273,
            "left": 138,
            "right": 240
        },
        "id": 23,
        "isClick": false,
        "type": "text"
    },
    {
        "content": "No",
        "location": {
            "bottom": 1360,
            "top": 1329,
            "left": 44,
            "right": 87
        },
        "id": 24,
        "isClick": false,
        "type": "text"
    },
    {
        "content": "violence",
        "location": {
            "bottom": 1361,
            "top": 1328,
            "left": 99,
            "right": 232
        },
        "id": 25,
        "isClick": false,
        "type": "text"
    },
    {
        "content": "and",
        "location": {
            "bottom": 1360,
            "top": 1328,
            "left": 244,
            "right": 301
        },
        "id": 26,
        "isClick": false,
        "type": "text"
    },
    {
        "content": "weapons",
        "location": {
            "bottom": 1366,
            "top": 1336,
            "left": 314,
            "right": 459
        },
        "id": 27,
        "isClick": false,
        "type": "text"
    },
    {
        "content": "Unlimited",
        "location": {
            "bottom": 1499,
            "top": 1465,
            "left": 44,
            "right": 217
        },
        "id": 28,
        "isClick": false,
        "type": "text"
    },
    {
        "content": "frames",
        "location": {
            "bottom": 1499,
            "top": 1465,
            "left": 232,
            "right": 359
        },
        "id": 29,
        "isClick": false,
        "type": "text"
    },
    {
        "content": "Warning !",
        "location": {
            "bottom": 1559,
            "top": 1521,
            "left": 42,
            "right": 181
        },
        "id": 30,
        "isClick": false,
        "type": "text"
    },
    {
        "content": "Large number of frames can",
        "location": {
            "bottom": 1558,
            "top": 1521,
            "left": 197,
            "right": 653
        },
        "id": 31,
        "isClick": false,
        "type": "text"
    },
    {
        "content": "lead to a crash",
        "location": {
            "bottom": 1553,
            "top": 1521,
            "left": 668,
            "right": 903
        },
        "id": 32,
        "isClick": false,
        "type": "text"
    },
    {
        "content": "Backup",
        "location": {
            "bottom": 1702,
            "top": 1659,
            "left": 45,
            "right": 177
        },
        "id": 33,
        "isClick": false,
        "type": "text"
    },
    {
        "content": "Move saved",
        "location": {
            "bottom": 1745,
            "top": 1713,
            "left": 45,
            "right": 235
        },
        "id": 34,
        "isClick": false,
        "type": "text"
    },
    {
        "content": "scenes on the memory card",
        "location": {
            "bottom": 1753,
            "top": 1713,
            "left": 250,
            "right": 698
        },
        "id": 35,
        "isClick": false,
        "type": "text"
    }
]