[
    {
        "content": "FAK",
        "location": {
            "bottom": 25,
            "top": 10,
            "left": 217,
            "right": 255
        },
        "id": 0,
        "isClick": false,
        "type": "text"
    },
    {
        "content": "3",
        "location": {
            "bottom": 46,
            "top": 16,
            "left": 942,
            "right": 965
        },
        "id": 1,
        "isClick": false,
        "type": "text"
    },
    {
        "content": "3:29",
        "location": {
            "bottom": 46,
            "top": 17,
            "left": 987,
            "right": 1055
        },
        "id": 2,
        "isClick": false,
        "type": "text"
    },
    {
        "content": "Drawing",
        "location": {
            "bottom": 169,
            "top": 113,
            "left": 45,
            "right": 231
        },
        "id": 3,
        "isClick": false,
        "type": "text"
    },
    {
        "content": "Cartoons",
        "location": {
            "bottom": 161,
            "top": 117,
            "left": 249,
            "right": 459
        },
        "id": 4,
        "isClick": false,
        "type": "text"
    },
    {
        "content": "demo_cliff_fight",
        "location": {
            "bottom": 409,
            "top": 361,
            "left": 29,
            "right": 310
        },
        "id": 5,
        "isClick": false,
        "type": "text"
    },
    {
        "content": "demo_engine",
        "location": {
            "bottom": 621,
            "top": 575,
            "left": 30,
            "right": 263
        },
        "id": 6,
        "isClick": false,
        "type": "text"
    },
    {
        "content": "demo_fight",
        "location": {
            "bottom": 832,
            "top": 793,
            "left": 30,
            "right": 223
        },
        "id": 7,
        "isClick": false,
        "type": "text"
    },
    {
        "content": "demo_lion",
        "location": {
            "bottom": 1042,
            "top": 1001,
            "left": 29,
            "right": 209
        },
        "id": 8,
        "isClick": false,
        "type": "text"
    },
    {
        "content": "demo_space",
        "location": {
            "bottom": 1261,
            "top": 1218,
            "left": 31,
            "right": 251
        },
        "id": 9,
        "isClick": false,
        "type": "text"
    },
    {
        "content": "V",
        "location": {
            "bottom": 1880,
            "top": 1833,
            "left": 214,
            "right": 258
        },
        "id": 10,
        "isClick": false,
        "type": "text"
    }
]