[
    {
        "content": ">",
        "location": {
            "bottom": 114,
            "top": 23,
            "left": 269,
            "right": 356
        },
        "id": 0,
        "isClick": false,
        "type": "text"
    },
    {
        "content": "ODO",
        "location": {
            "bottom": 93,
            "top": 41,
            "left": 818,
            "right": 836
        },
        "id": 1,
        "isClick": false,
        "type": "text"
    },
    {
        "content": "G",
        "location": {
            "bottom": 381,
            "top": 319,
            "left": 313,
            "right": 335
        },
        "id": 2,
        "isClick": false,
        "type": "text"
    },
    {
        "content": "*",
        "location": {
            "bottom": 928,
            "top": 858,
            "left": 498,
            "right": 547
        },
        "id": 3,
        "isClick": false,
        "type": "text"
    },
    {
        "content": "86",
        "location": {
            "bottom": 1765,
            "top": 1740,
            "left": 524,
            "right": 556
        },
        "id": 4,
        "isClick": false,
        "type": "text"
    }
]