[
    {
        "content": "SELL ANY",
        "location": {
            "bottom": 87,
            "top": 52,
            "left": 286,
            "right": 430
        },
        "id": 0,
        "isClick": false,
        "type": "text"
    },
    {
        "content": "ANNUITY",
        "location": {
            "bottom": 121,
            "top": 86,
            "left": 284,
            "right": 431
        },
        "id": 1,
        "isClick": false,
        "type": "text"
    },
    {
        "content": "EXPORT VIDEO",
        "location": {
            "bottom": 97,
            "top": 65,
            "left": 720,
            "right": 967
        },
        "id": 2,
        "isClick": false,
        "type": "text"
    },
    {
        "content": "Get",
        "location": {
            "bottom": 224,
            "top": 177,
            "left": 289,
            "right": 380
        },
        "id": 3,
        "isClick": false,
        "type": "text"
    },
    {
        "content": "Cash",
        "location": {
            "bottom": 224,
            "top": 170,
            "left": 403,
            "right": 536
        },
        "id": 4,
        "isClick": false,
        "type": "text"
    },
    {
        "content": "N",
        "location": {
            "bottom": 223,
            "top": 170,
            "left": 564,
            "right": 579
        },
        "id": 5,
        "isClick": false,
        "type": "text"
    },
    {
        "content": "Your",
        "location": {
            "bottom": 301,
            "top": 245,
            "left": 315,
            "right": 442
        },
        "id": 6,
        "isClick": false,
        "type": "text"
    },
    {
        "content": "Settle",
        "location": {
            "bottom": 300,
            "top": 249,
            "left": 462,
            "right": 605
        },
        "id": 7,
        "isClick": false,
        "type": "text"
    },
    {
        "content": "YOUTUBE",
        "location": {
            "bottom": 247,
            "top": 214,
            "left": 749,
            "right": 938
        },
        "id": 8,
        "isClick": false,
        "type": "text"
    },
    {
        "content": "Instantly",
        "location": {
            "bottom": 413,
            "top": 372,
            "left": 244,
            "right": 399
        },
        "id": 9,
        "isClick": false,
        "type": "text"
    },
    {
        "content": "Get",
        "location": {
            "bottom": 409,
            "top": 376,
            "left": 414,
            "right": 473
        },
        "id": 10,
        "isClick": false,
        "type": "text"
    },
    {
        "content": "a",
        "location": {
            "bottom": 409,
            "top": 384,
            "left": 488,
            "right": 505
        },
        "id": 11,
        "isClick": false,
        "type": "text"
    },
    {
        "content": "Fast ,",
        "location": {
            "bottom": 413,
            "top": 376,
            "left": 522,
            "right": 607
        },
        "id": 12,
        "isClick": false,
        "type": "text"
    },
    {
        "content": "Get",
        "location": {
            "bottom": 538,
            "top": 490,
            "left": 422,
            "right": 502
        },
        "id": 13,
        "isClick": false,
        "type": "text"
    },
    {
        "content": "Quc",
        "location": {
            "bottom": 543,
            "top": 489,
            "left": 520,
            "right": 607
        },
        "id": 14,
        "isClick": false,
        "type": "text"
    },
    {
        "content": "TAP HERE TO",
        "location": {
            "bottom": 1241,
            "top": 1209,
            "left": 358,
            "right": 579
        },
        "id": 15,
        "isClick": false,
        "type": "text"
    },
    {
        "content": "F",
        "location": {
            "bottom": 1241,
            "top": 1210,
            "left": 594,
            "right": 606
        },
        "id": 16,
        "isClick": false,
        "type": "text"
    },
    {
        "content": "ADD AUDIO",
        "location": {
            "bottom": 1621,
            "top": 1592,
            "left": 859,
            "right": 1045
        },
        "id": 17,
        "isClick": true,
        "type": "text"
    },
    {
        "content": "MAKE / SHARE VIDEO",
        "location": {
            "bottom": 1748,
            "top": 1714,
            "left": 704,
            "right": 1046
        },
        "id": 18,
        "isClick": false,
        "type": "text"
    },
    {
        "content": "A",
        "location": {
            "bottom": 1882,
            "top": 1834,
            "left": 214,
            "right": 258
        },
        "id": 19,
        "isClick": false,
        "type": "text"
    }
]