[
    {
        "id": 0,
        "location": {
            "right": 1056,
            "left": 988,
            "top": 19,
            "bottom": 45
        },
        "content": "3:52",
        "isClick": false,
        "type": "text"
    },
    {
        "id": 1,
        "location": {
            "right": 180,
            "left": 101,
            "top": 105,
            "bottom": 145
        },
        "content": "Live",
        "isClick": false,
        "type": "text"
    },
    {
        "id": 2,
        "location": {
            "right": 388,
            "left": 198,
            "top": 106,
            "bottom": 153
        },
        "content": "Coverage",
        "isClick": false,
        "type": "text"
    },
    {
        "id": 3,
        "location": {
            "right": 913,
            "left": 851,
            "top": 80,
            "bottom": 164
        },
        "content": "20",
        "isClick": false,
        "type": "text"
    },
    {
        "id": 4,
        "location": {
            "right": 981,
            "left": 913,
            "top": 96,
            "bottom": 114
        },
        "content": "' AMGEN",
        "isClick": false,
        "type": "text"
    },
    {
        "id": 5,
        "location": {
            "right": 1028,
            "left": 915,
            "top": 117,
            "bottom": 142
        },
        "content": "TOUR of",
        "isClick": false,
        "type": "text"
    },
    {
        "id": 6,
        "location": {
            "right": 1033,
            "left": 915,
            "top": 141,
            "bottom": 153
        },
        "content": "CALIFORNIA",
        "isClick": false,
        "type": "text"
    },
    {
        "id": 7,
        "location": {
            "right": 109,
            "left": 29,
            "top": 232,
            "bottom": 272
        },
        "content": "Live",
        "isClick": false,
        "type": "text"
    },
    {
        "id": 8,
        "location": {
            "right": 318,
            "left": 125,
            "top": 232,
            "bottom": 276
        },
        "content": "Coverage",
        "isClick": false,
        "type": "text"
    },
    {
        "id": 9,
        "location": {
            "right": 788,
            "left": 723,
            "top": 229,
            "bottom": 252
        },
        "content": "MAP",
        "isClick": false,
        "type": "text"
    },
    {
        "id": 10,
        "location": {
            "right": 1015,
            "left": 929,
            "top": 229,
            "bottom": 252
        },
        "content": "VIDEO",
        "isClick": false,
        "type": "text"
    },
    {
        "id": 11,
        "location": {
            "right": 120,
            "left": 27,
            "top": 361,
            "bottom": 401
        },
        "content": "Tour",
        "isClick": false,
        "type": "text"
    },
    {
        "id": 12,
        "location": {
            "right": 341,
            "left": 135,
            "top": 361,
            "bottom": 405
        },
        "content": "Standings",
        "isClick": false,
        "type": "text"
    },
    {
        "id": 13,
        "location": {
            "right": 730,
            "left": 645,
            "top": 333,
            "bottom": 370
        },
        "content": "Trial",
        "isClick": false,
        "type": "text"
    },
    {
        "id": 14,
        "location": {
            "right": 749,
            "left": 624,
            "top": 390,
            "bottom": 427
        },
        "content": "seconds",
        "isClick": false,
        "type": "text"
    },
    {
        "id": 15,
        "location": {
            "right": 1046,
            "left": 911,
            "top": 365,
            "bottom": 385
        },
        "content": "LEXUS",
        "isClick": false,
        "type": "text"
    },
    {
        "id": 16,
        "location": {
            "right": 143,
            "left": 27,
            "top": 490,
            "bottom": 538
        },
        "content": "Stage",
        "isClick": false,
        "type": "text"
    },
    {
        "id": 17,
        "location": {
            "right": 297,
            "left": 160,
            "top": 489,
            "bottom": 529
        },
        "content": "Details",
        "isClick": false,
        "type": "text"
    },
    {
        "id": 18,
        "location": {
            "right": 165,
            "left": 27,
            "top": 622,
            "bottom": 656
        },
        "content": "Teams",
        "isClick": false,
        "type": "text"
    },
    {
        "id": 19,
        "location": {
            "right": 208,
            "left": 182,
            "top": 621,
            "bottom": 656
        },
        "content": "&",
        "isClick": false,
        "type": "text"
    },
    {
        "id": 20,
        "location": {
            "right": 350,
            "left": 225,
            "top": 621,
            "bottom": 656
        },
        "content": "Riders",
        "isClick": false,
        "type": "text"
    },
    {
        "id": 21,
        "location": {
            "right": 132,
            "left": 28,
            "top": 752,
            "bottom": 793
        },
        "content": "More",
        "isClick": false,
        "type": "text"
    },
    {
        "id": 22,
        "location": {
            "right": 306,
            "left": 148,
            "top": 751,
            "bottom": 800
        },
        "content": "Options",
        "isClick": true,
        "type": "text"
    },
    {
        "id": 23,
        "location": {
            "right": 153,
            "left": 28,
            "top": 885,
            "bottom": 922
        },
        "content": "Select",
        "isClick": false,
        "type": "text"
    },
    {
        "id": 24,
        "location": {
            "right": 299,
            "left": 172,
            "top": 888,
            "bottom": 922
        },
        "content": "Race ...",
        "isClick": false,
        "type": "text"
    },
    {
        "id": 25,
        "location": {
            "right": 257,
            "left": 215,
            "top": 1833,
            "bottom": 1881
        },
        "content": "V",
        "isClick": false,
        "type": "text"
    }
]