[
    {
        "id": 0,
        "location": {
            "right": 689,
            "left": 667,
            "top": 14,
            "bottom": 49
        },
        "content": "4",
        "isClick": false,
        "type": "text"
    },
    {
        "id": 1,
        "location": {
            "right": 1055,
            "left": 988,
            "top": 19,
            "bottom": 46
        },
        "content": "3:53",
        "isClick": false,
        "type": "text"
    },
    {
        "id": 2,
        "location": {
            "right": 59,
            "left": 35,
            "top": 96,
            "bottom": 148
        },
        "content": "<",
        "isClick": false,
        "type": "text"
    },
    {
        "id": 3,
        "location": {
            "right": 259,
            "left": 97,
            "top": 106,
            "bottom": 152
        },
        "content": "Support",
        "isClick": false,
        "type": "text"
    },
    {
        "id": 4,
        "location": {
            "right": 903,
            "left": 854,
            "top": 80,
            "bottom": 165
        },
        "content": "70",
        "isClick": false,
        "type": "text"
    },
    {
        "id": 5,
        "location": {
            "right": 987,
            "left": 909,
            "top": 97,
            "bottom": 117
        },
        "content": "' AMGEN",
        "isClick": false,
        "type": "text"
    },
    {
        "id": 6,
        "location": {
            "right": 1025,
            "left": 919,
            "top": 116,
            "bottom": 139
        },
        "content": "TOUR of",
        "isClick": false,
        "type": "text"
    },
    {
        "id": 7,
        "location": {
            "right": 1033,
            "left": 915,
            "top": 141,
            "bottom": 153
        },
        "content": "CALIFORNIA",
        "isClick": false,
        "type": "text"
    },
    {
        "id": 8,
        "location": {
            "right": 369,
            "left": 54,
            "top": 251,
            "bottom": 289
        },
        "content": "Tour Tracker was",
        "isClick": false,
        "type": "text"
    },
    {
        "id": 9,
        "location": {
            "right": 461,
            "left": 384,
            "top": 249,
            "bottom": 289
        },
        "content": "built",
        "isClick": false,
        "type": "text"
    },
    {
        "id": 10,
        "location": {
            "right": 655,
            "left": 476,
            "top": 249,
            "bottom": 293
        },
        "content": "by cycling",
        "isClick": false,
        "type": "text"
    },
    {
        "id": 11,
        "location": {
            "right": 757,
            "left": 670,
            "top": 250,
            "bottom": 293
        },
        "content": "fans ,",
        "isClick": false,
        "type": "text"
    },
    {
        "id": 12,
        "location": {
            "right": 834,
            "left": 772,
            "top": 251,
            "bottom": 287
        },
        "content": "and",
        "isClick": false,
        "type": "text"
    },
    {
        "id": 13,
        "location": {
            "right": 901,
            "left": 850,
            "top": 259,
            "bottom": 287
        },
        "content": "we",
        "isClick": false,
        "type": "text"
    },
    {
        "id": 14,
        "location": {
            "right": 200,
            "left": 55,
            "top": 298,
            "bottom": 337
        },
        "content": "strive to",
        "isClick": false,
        "type": "text"
    },
    {
        "id": 15,
        "location": {
            "right": 369,
            "left": 216,
            "top": 300,
            "bottom": 336
        },
        "content": "have the",
        "isClick": false,
        "type": "text"
    },
    {
        "id": 16,
        "location": {
            "right": 461,
            "left": 385,
            "top": 300,
            "bottom": 337
        },
        "content": "best",
        "isClick": false,
        "type": "text"
    },
    {
        "id": 17,
        "location": {
            "right": 799,
            "left": 476,
            "top": 298,
            "bottom": 341
        },
        "content": "product available .",
        "isClick": false,
        "type": "text"
    },
    {
        "id": 18,
        "location": {
            "right": 913,
            "left": 818,
            "top": 300,
            "bottom": 341
        },
        "content": "If you",
        "isClick": false,
        "type": "text"
    },
    {
        "id": 19,
        "location": {
            "right": 984,
            "left": 930,
            "top": 307,
            "bottom": 337
        },
        "content": "are",
        "isClick": false,
        "type": "text"
    },
    {
        "id": 20,
        "location": {
            "right": 171,
            "left": 55,
            "top": 349,
            "bottom": 391
        },
        "content": "having",
        "isClick": false,
        "type": "text"
    },
    {
        "id": 21,
        "location": {
            "right": 227,
            "left": 187,
            "top": 358,
            "bottom": 385
        },
        "content": "an",
        "isClick": false,
        "type": "text"
    },
    {
        "id": 22,
        "location": {
            "right": 346,
            "left": 244,
            "top": 351,
            "bottom": 390
        },
        "content": "issue ,",
        "isClick": false,
        "type": "text"
    },
    {
        "id": 23,
        "location": {
            "right": 480,
            "left": 362,
            "top": 347,
            "bottom": 389
        },
        "content": "please",
        "isClick": false,
        "type": "text"
    },
    {
        "id": 24,
        "location": {
            "right": 742,
            "left": 495,
            "top": 346,
            "bottom": 385
        },
        "content": "check out the",
        "isClick": false,
        "type": "text"
    },
    {
        "id": 25,
        "location": {
            "right": 957,
            "left": 758,
            "top": 349,
            "bottom": 385
        },
        "content": "User Guide",
        "isClick": false,
        "type": "text"
    },
    {
        "id": 26,
        "location": {
            "right": 278,
            "left": 54,
            "top": 399,
            "bottom": 434
        },
        "content": "for common",
        "isClick": false,
        "type": "text"
    },
    {
        "id": 27,
        "location": {
            "right": 472,
            "left": 294,
            "top": 399,
            "bottom": 434
        },
        "content": "solutions .",
        "isClick": false,
        "type": "text"
    },
    {
        "id": 28,
        "location": {
            "right": 586,
            "left": 490,
            "top": 399,
            "bottom": 441
        },
        "content": "If you",
        "isClick": false,
        "type": "text"
    },
    {
        "id": 29,
        "location": {
            "right": 766,
            "left": 605,
            "top": 399,
            "bottom": 433
        },
        "content": "still need",
        "isClick": false,
        "type": "text"
    },
    {
        "id": 30,
        "location": {
            "right": 988,
            "left": 783,
            "top": 400,
            "bottom": 439
        },
        "content": "assistance ,",
        "isClick": false,
        "type": "text"
    },
    {
        "id": 31,
        "location": {
            "right": 190,
            "left": 54,
            "top": 452,
            "bottom": 488
        },
        "content": "contact",
        "isClick": false,
        "type": "text"
    },
    {
        "id": 32,
        "location": {
            "right": 244,
            "left": 205,
            "top": 457,
            "bottom": 483
        },
        "content": "us",
        "isClick": false,
        "type": "text"
    },
    {
        "id": 33,
        "location": {
            "right": 518,
            "left": 261,
            "top": 449,
            "bottom": 489
        },
        "content": "by tapping the",
        "isClick": false,
        "type": "text"
    },
    {
        "id": 34,
        "location": {
            "right": 608,
            "left": 534,
            "top": 449,
            "bottom": 488
        },
        "content": "mail",
        "isClick": false,
        "type": "text"
    },
    {
        "id": 35,
        "location": {
            "right": 698,
            "left": 625,
            "top": 449,
            "bottom": 486
        },
        "content": "icon",
        "isClick": false,
        "type": "text"
    },
    {
        "id": 36,
        "location": {
            "right": 828,
            "left": 715,
            "top": 449,
            "bottom": 485
        },
        "content": "below .",
        "isClick": false,
        "type": "text"
    },
    {
        "id": 37,
        "location": {
            "right": 301,
            "left": 282,
            "top": 1673,
            "bottom": 1731
        },
        "content": "O",
        "isClick": false,
        "type": "text"
    },
    {
        "id": 38,
        "location": {
            "right": 800,
            "left": 712,
            "top": 1680,
            "bottom": 1729
        },
        "content": "Jelly",
        "isClick": false,
        "type": "text"
    },
    {
        "id": 39,
        "location": {
            "right": 783,
            "left": 703,
            "top": 1717,
            "bottom": 1759
        },
        "content": "Belly",
        "isClick": false,
        "type": "text"
    },
    {
        "id": 40,
        "location": {
            "right": 455,
            "left": 190,
            "top": 1744,
            "bottom": 1773
        },
        "content": "OAKLEY",
        "isClick": false,
        "type": "text"
    }
]