[
    {
        "id": 0,
        "location": {
            "right": 1055,
            "left": 988,
            "top": 19,
            "bottom": 46
        },
        "content": "3:53",
        "isClick": false,
        "type": "text"
    },
    {
        "id": 1,
        "location": {
            "right": 59,
            "left": 35,
            "top": 96,
            "bottom": 148
        },
        "content": "<",
        "isClick": false,
        "type": "text"
    },
    {
        "id": 2,
        "location": {
            "right": 264,
            "left": 96,
            "top": 105,
            "bottom": 151
        },
        "content": "Settings",
        "isClick": false,
        "type": "text"
    },
    {
        "id": 3,
        "location": {
            "right": 918,
            "left": 852,
            "top": 80,
            "bottom": 163
        },
        "content": "20",
        "isClick": false,
        "type": "text"
    },
    {
        "id": 4,
        "location": {
            "right": 982,
            "left": 905,
            "top": 97,
            "bottom": 116
        },
        "content": "' AMGEN",
        "isClick": false,
        "type": "text"
    },
    {
        "id": 5,
        "location": {
            "right": 1026,
            "left": 919,
            "top": 115,
            "bottom": 141
        },
        "content": "TOUR of",
        "isClick": false,
        "type": "text"
    },
    {
        "id": 6,
        "location": {
            "right": 1033,
            "left": 915,
            "top": 141,
            "bottom": 153
        },
        "content": "CALIFORNIA",
        "isClick": false,
        "type": "text"
    },
    {
        "id": 7,
        "location": {
            "right": 207,
            "left": 54,
            "top": 253,
            "bottom": 288
        },
        "content": "Version",
        "isClick": false,
        "type": "text"
    },
    {
        "id": 8,
        "location": {
            "right": 390,
            "left": 227,
            "top": 253,
            "bottom": 288
        },
        "content": "Number",
        "isClick": false,
        "type": "text"
    },
    {
        "id": 9,
        "location": {
            "right": 1026,
            "left": 962,
            "top": 254,
            "bottom": 288
        },
        "content": "6.4",
        "isClick": false,
        "type": "text"
    },
    {
        "id": 10,
        "location": {
            "right": 129,
            "left": 56,
            "top": 378,
            "bottom": 412
        },
        "content": "Use",
        "isClick": false,
        "type": "text"
    },
    {
        "id": 11,
        "location": {
            "right": 275,
            "left": 148,
            "top": 378,
            "bottom": 413
        },
        "content": "Metric",
        "isClick": false,
        "type": "text"
    },
    {
        "id": 12,
        "location": {
            "right": 395,
            "left": 292,
            "top": 378,
            "bottom": 413
        },
        "content": "Units",
        "isClick": false,
        "type": "text"
    },
    {
        "id": 13,
        "location": {
            "right": 166,
            "left": 54,
            "top": 513,
            "bottom": 551
        },
        "content": "Show",
        "isClick": false,
        "type": "text"
    },
    {
        "id": 14,
        "location": {
            "right": 294,
            "left": 183,
            "top": 515,
            "bottom": 550
        },
        "content": "Menu",
        "isClick": false,
        "type": "text"
    },
    {
        "id": 15,
        "location": {
            "right": 364,
            "left": 313,
            "top": 514,
            "bottom": 550
        },
        "content": "On",
        "isClick": false,
        "type": "text"
    },
    {
        "id": 16,
        "location": {
            "right": 532,
            "left": 385,
            "top": 513,
            "bottom": 549
        },
        "content": "Launch",
        "isClick": false,
        "type": "text"
    },
    {
        "id": 17,
        "location": {
            "right": 304,
            "left": 55,
            "top": 649,
            "bottom": 689
        },
        "content": "Exit Without",
        "isClick": false,
        "type": "text"
    },
    {
        "id": 18,
        "location": {
            "right": 471,
            "left": 321,
            "top": 651,
            "bottom": 694
        },
        "content": "Prompt",
        "isClick": false,
        "type": "text"
    },
    {
        "id": 19,
        "location": {
            "right": 249,
            "left": 55,
            "top": 786,
            "bottom": 825
        },
        "content": "Conserve",
        "isClick": false,
        "type": "text"
    },
    {
        "id": 20,
        "location": {
            "right": 409,
            "left": 264,
            "top": 788,
            "bottom": 833
        },
        "content": "Battery",
        "isClick": false,
        "type": "text"
    },
    {
        "id": 21,
        "location": {
            "right": 191,
            "left": 53,
            "top": 921,
            "bottom": 961
        },
        "content": "Switch",
        "isClick": false,
        "type": "text"
    },
    {
        "id": 22,
        "location": {
            "right": 323,
            "left": 207,
            "top": 923,
            "bottom": 967
        },
        "content": "Stage",
        "isClick": false,
        "type": "text"
    },
    {
        "id": 23,
        "location": {
            "right": 377,
            "left": 339,
            "top": 927,
            "bottom": 961
        },
        "content": "at",
        "isClick": false,
        "type": "text"
    },
    {
        "id": 24,
        "location": {
            "right": 573,
            "left": 393,
            "top": 922,
            "bottom": 970
        },
        "content": "Midnight",
        "isClick": false,
        "type": "text"
    },
    {
        "id": 25,
        "location": {
            "right": 301,
            "left": 282,
            "top": 1673,
            "bottom": 1731
        },
        "content": "O",
        "isClick": false,
        "type": "text"
    },
    {
        "id": 26,
        "location": {
            "right": 800,
            "left": 712,
            "top": 1680,
            "bottom": 1729
        },
        "content": "Jelly",
        "isClick": false,
        "type": "text"
    },
    {
        "id": 27,
        "location": {
            "right": 783,
            "left": 703,
            "top": 1717,
            "bottom": 1759
        },
        "content": "Belly",
        "isClick": false,
        "type": "text"
    },
    {
        "id": 28,
        "location": {
            "right": 455,
            "left": 190,
            "top": 1744,
            "bottom": 1773
        },
        "content": "OAKLEY",
        "isClick": false,
        "type": "text"
    }
]