[
    {
        "id": 0,
        "location": {
            "right": 1056,
            "left": 988,
            "top": 19,
            "bottom": 45
        },
        "content": "3:57",
        "isClick": false,
        "type": "text"
    },
    {
        "id": 1,
        "location": {
            "right": 202,
            "left": 96,
            "top": 105,
            "bottom": 145
        },
        "content": "More",
        "isClick": false,
        "type": "text"
    },
    {
        "id": 2,
        "location": {
            "right": 376,
            "left": 218,
            "top": 105,
            "bottom": 152
        },
        "content": "Options",
        "isClick": false,
        "type": "text"
    },
    {
        "id": 3,
        "location": {
            "right": 879,
            "left": 854,
            "top": 81,
            "bottom": 164
        },
        "content": "T",
        "isClick": false,
        "type": "text"
    },
    {
        "id": 4,
        "location": {
            "right": 982,
            "left": 911,
            "top": 96,
            "bottom": 114
        },
        "content": "' AMGEN",
        "isClick": false,
        "type": "text"
    },
    {
        "id": 5,
        "location": {
            "right": 1024,
            "left": 915,
            "top": 115,
            "bottom": 137
        },
        "content": "TOUR of",
        "isClick": false,
        "type": "text"
    },
    {
        "id": 6,
        "location": {
            "right": 1032,
            "left": 915,
            "top": 139,
            "bottom": 155
        },
        "content": "CALIFORNIA",
        "isClick": false,
        "type": "text"
    },
    {
        "id": 7,
        "location": {
            "right": 109,
            "left": 29,
            "top": 232,
            "bottom": 272
        },
        "content": "Live",
        "isClick": false,
        "type": "text"
    },
    {
        "id": 8,
        "location": {
            "right": 318,
            "left": 125,
            "top": 232,
            "bottom": 276
        },
        "content": "Coverage",
        "isClick": false,
        "type": "text"
    },
    {
        "id": 9,
        "location": {
            "right": 120,
            "left": 26,
            "top": 361,
            "bottom": 401
        },
        "content": "Tour",
        "isClick": false,
        "type": "text"
    },
    {
        "id": 10,
        "location": {
            "right": 341,
            "left": 135,
            "top": 361,
            "bottom": 406
        },
        "content": "Standings",
        "isClick": false,
        "type": "text"
    },
    {
        "id": 11,
        "location": {
            "right": 143,
            "left": 27,
            "top": 489,
            "bottom": 538
        },
        "content": "Stage",
        "isClick": false,
        "type": "text"
    },
    {
        "id": 12,
        "location": {
            "right": 298,
            "left": 160,
            "top": 489,
            "bottom": 529
        },
        "content": "Details",
        "isClick": false,
        "type": "text"
    },
    {
        "id": 13,
        "location": {
            "right": 165,
            "left": 27,
            "top": 621,
            "bottom": 656
        },
        "content": "Teams",
        "isClick": false,
        "type": "text"
    },
    {
        "id": 14,
        "location": {
            "right": 207,
            "left": 182,
            "top": 621,
            "bottom": 656
        },
        "content": "&",
        "isClick": false,
        "type": "text"
    },
    {
        "id": 15,
        "location": {
            "right": 350,
            "left": 225,
            "top": 621,
            "bottom": 656
        },
        "content": "Riders",
        "isClick": false,
        "type": "text"
    },
    {
        "id": 16,
        "location": {
            "right": 132,
            "left": 29,
            "top": 752,
            "bottom": 793
        },
        "content": "More",
        "isClick": false,
        "type": "text"
    },
    {
        "id": 17,
        "location": {
            "right": 307,
            "left": 147,
            "top": 751,
            "bottom": 797
        },
        "content": "Options",
        "isClick": false,
        "type": "text"
    },
    {
        "id": 18,
        "location": {
            "right": 153,
            "left": 28,
            "top": 886,
            "bottom": 921
        },
        "content": "Select",
        "isClick": false,
        "type": "text"
    },
    {
        "id": 19,
        "location": {
            "right": 299,
            "left": 172,
            "top": 888,
            "bottom": 921
        },
        "content": "Race ...",
        "isClick": false,
        "type": "text"
    },
    {
        "id": 20,
        "location": {
            "right": 383,
            "left": 233,
            "top": 1672,
            "bottom": 1733
        },
        "content": "O",
        "isClick": false,
        "type": "text"
    },
    {
        "id": 21,
        "location": {
            "right": 802,
            "left": 708,
            "top": 1669,
            "bottom": 1741
        },
        "content": "Jelly",
        "isClick": false,
        "type": "text"
    },
    {
        "id": 22,
        "location": {
            "right": 780,
            "left": 705,
            "top": 1716,
            "bottom": 1755
        },
        "content": "Belly",
        "isClick": false,
        "type": "text"
    },
    {
        "id": 23,
        "location": {
            "right": 455,
            "left": 190,
            "top": 1744,
            "bottom": 1773
        },
        "content": "OAKLEY",
        "isClick": false,
        "type": "text"
    }
]