[
    {
        "location": {
            "left": 221,
            "top": 15,
            "bottom": 47,
            "right": 250
        },
        "type": "text",
        "id": 0,
        "isClick": false,
        "content": "0"
    },
    {
        "location": {
            "left": 988,
            "top": 17,
            "bottom": 49,
            "right": 1056
        },
        "type": "text",
        "id": 1,
        "isClick": false,
        "content": "9:32"
    },
    {
        "location": {
            "left": 17,
            "top": 87,
            "bottom": 124,
            "right": 789
        },
        "type": "text",
        "id": 2,
        "isClick": false,
        "content": "Enter current Metrocard value , click REFILL , and"
    },
    {
        "location": {
            "left": 804,
            "top": 87,
            "bottom": 121,
            "right": 1005
        },
        "type": "text",
        "id": 3,
        "isClick": false,
        "content": "never have a"
    },
    {
        "location": {
            "left": 15,
            "top": 129,
            "bottom": 167,
            "right": 312
        },
        "type": "text",
        "id": 4,
        "isClick": false,
        "content": "remaining balance"
    },
    {
        "location": {
            "left": 325,
            "top": 129,
            "bottom": 164,
            "right": 418
        },
        "type": "text",
        "id": 5,
        "isClick": false,
        "content": "again !"
    },
    {
        "location": {
            "left": 117,
            "top": 202,
            "bottom": 249,
            "right": 227
        },
        "type": "text",
        "id": 6,
        "isClick": false,
        "content": "How"
    },
    {
        "location": {
            "left": 247,
            "top": 200,
            "bottom": 248,
            "right": 385
        },
        "type": "text",
        "id": 7,
        "isClick": false,
        "content": "much"
    },
    {
        "location": {
            "left": 406,
            "top": 201,
            "bottom": 247,
            "right": 444
        },
        "type": "text",
        "id": 8,
        "isClick": false,
        "content": "is"
    },
    {
        "location": {
            "left": 464,
            "top": 210,
            "bottom": 247,
            "right": 523
        },
        "type": "text",
        "id": 9,
        "isClick": false,
        "content": "on"
    },
    {
        "location": {
            "left": 542,
            "top": 209,
            "bottom": 258,
            "right": 655
        },
        "type": "text",
        "id": 10,
        "isClick": false,
        "content": "your"
    },
    {
        "location": {
            "left": 674,
            "top": 200,
            "bottom": 249,
            "right": 964
        },
        "type": "text",
        "id": 11,
        "isClick": false,
        "content": "Metrocard ?"
    },
    {
        "location": {
            "left": 51,
            "top": 325,
            "bottom": 396,
            "right": 223
        },
        "type": "text",
        "id": 12,
        "isClick": false,
        "content": "0.00"
    },
    {
        "location": {
            "left": 43,
            "top": 505,
            "bottom": 552,
            "right": 169
        },
        "type": "text",
        "id": 13,
        "isClick": false,
        "content": "$ 2.75 ("
    },
    {
        "location": {
            "left": 171,
            "top": 507,
            "bottom": 553,
            "right": 327
        },
        "type": "text",
        "id": 14,
        "isClick": false,
        "content": "Subway )"
    },
    {
        "location": {
            "left": 36,
            "top": 730,
            "bottom": 769,
            "right": 186
        },
        "type": "text",
        "id": 15,
        "isClick": false,
        "content": "REFILL"
    },
    {
        "location": {
            "left": 773,
            "top": 733,
            "bottom": 769,
            "right": 907
        },
        "type": "text",
        "id": 16,
        "isClick": false,
        "content": "RESET"
    },
    {
        "location": {
            "left": 3,
            "top": 883,
            "bottom": 913,
            "right": 90
        },
        "type": "text",
        "id": 17,
        "isClick": false,
        "content": "Press"
    },
    {
        "location": {
            "left": 105,
            "top": 881,
            "bottom": 919,
            "right": 639
        },
        "type": "text",
        "id": 18,
        "isClick": false,
        "content": "MENU to modify bonus amounts ."
    }
]