[
    {
        "location": {
            "left": 351,
            "top": 18,
            "bottom": 43,
            "right": 371
        },
        "type": "text",
        "id": 0,
        "isClick": false,
        "content": "5"
    },
    {
        "location": {
            "left": 470,
            "top": 14,
            "bottom": 48,
            "right": 503
        },
        "type": "text",
        "id": 1,
        "isClick": false,
        "content": "f"
    },
    {
        "location": {
            "left": 591,
            "top": 17,
            "bottom": 48,
            "right": 634
        },
        "type": "text",
        "id": 2,
        "isClick": false,
        "content": "FOX"
    },
    {
        "location": {
            "left": 659,
            "top": 14,
            "bottom": 48,
            "right": 692
        },
        "type": "text",
        "id": 3,
        "isClick": false,
        "content": "F"
    },
    {
        "location": {
            "left": 988,
            "top": 17,
            "bottom": 49,
            "right": 1056
        },
        "type": "text",
        "id": 4,
        "isClick": false,
        "content": "8:33"
    },
    {
        "location": {
            "left": 294,
            "top": 325,
            "bottom": 364,
            "right": 487
        },
        "type": "text",
        "id": 5,
        "isClick": false,
        "content": "Welcome"
    },
    {
        "location": {
            "left": 499,
            "top": 326,
            "bottom": 373,
            "right": 773
        },
        "type": "text",
        "id": 6,
        "isClick": false,
        "content": "to the eZWay"
    },
    {
        "location": {
            "left": 778,
            "top": 328,
            "bottom": 363,
            "right": 783
        },
        "type": "text",
        "id": 7,
        "isClick": false,
        "content": "!"
    },
    {
        "location": {
            "left": 326,
            "top": 500,
            "bottom": 547,
            "right": 465
        },
        "type": "text",
        "id": 8,
        "isClick": false,
        "content": "I have"
    },
    {
        "location": {
            "left": 485,
            "top": 513,
            "bottom": 547,
            "right": 539
        },
        "type": "text",
        "id": 9,
        "isClick": false,
        "content": "an"
    },
    {
        "location": {
            "left": 561,
            "top": 505,
            "bottom": 548,
            "right": 760
        },
        "type": "text",
        "id": 10,
        "isClick": false,
        "content": "account"
    },
    {
        "location": {
            "left": 385,
            "top": 636,
            "bottom": 679,
            "right": 452
        },
        "type": "text",
        "id": 11,
        "isClick": false,
        "content": "I'm"
    },
    {
        "location": {
            "left": 473,
            "top": 648,
            "bottom": 682,
            "right": 572
        },
        "type": "text",
        "id": 12,
        "isClick": false,
        "content": "new"
    },
    {
        "location": {
            "left": 592,
            "top": 648,
            "bottom": 682,
            "right": 697
        },
        "type": "text",
        "id": 13,
        "isClick": true,
        "content": "user"
    }
]