[
    {
        "location": {
            "left": 351,
            "top": 18,
            "bottom": 44,
            "right": 371
        },
        "type": "text",
        "id": 0,
        "isClick": false,
        "content": "5"
    },
    {
        "location": {
            "left": 470,
            "top": 14,
            "bottom": 49,
            "right": 503
        },
        "type": "text",
        "id": 1,
        "isClick": false,
        "content": "f"
    },
    {
        "location": {
            "left": 591,
            "top": 17,
            "bottom": 47,
            "right": 634
        },
        "type": "text",
        "id": 2,
        "isClick": false,
        "content": "FOX"
    },
    {
        "location": {
            "left": 659,
            "top": 14,
            "bottom": 48,
            "right": 692
        },
        "type": "text",
        "id": 3,
        "isClick": false,
        "content": "f"
    },
    {
        "location": {
            "left": 988,
            "top": 17,
            "bottom": 49,
            "right": 1056
        },
        "type": "text",
        "id": 4,
        "isClick": false,
        "content": "8:36"
    },
    {
        "location": {
            "left": 49,
            "top": 118,
            "bottom": 154,
            "right": 96
        },
        "type": "text",
        "id": 5,
        "isClick": false,
        "content": "E"
    },
    {
        "location": {
            "left": 162,
            "top": 113,
            "bottom": 155,
            "right": 267
        },
        "type": "text",
        "id": 6,
        "isClick": false,
        "content": "Feed"
    },
    {
        "location": {
            "left": 30,
            "top": 225,
            "bottom": 259,
            "right": 115
        },
        "type": "text",
        "id": 7,
        "isClick": false,
        "content": "Here"
    },
    {
        "location": {
            "left": 131,
            "top": 223,
            "bottom": 267,
            "right": 458
        },
        "type": "text",
        "id": 8,
        "isClick": false,
        "content": "begins your story"
    },
    {
        "location": {
            "left": 473,
            "top": 225,
            "bottom": 258,
            "right": 501
        },
        "type": "text",
        "id": 9,
        "isClick": false,
        "content": "in"
    },
    {
        "location": {
            "left": 518,
            "top": 223,
            "bottom": 259,
            "right": 680
        },
        "type": "text",
        "id": 10,
        "isClick": false,
        "content": "autoclub"
    },
    {
        "location": {
            "left": 30,
            "top": 280,
            "bottom": 313,
            "right": 125
        },
        "type": "text",
        "id": 11,
        "isClick": false,
        "content": "Install"
    },
    {
        "location": {
            "left": 140,
            "top": 280,
            "bottom": 317,
            "right": 469
        },
        "type": "text",
        "id": 12,
        "isClick": false,
        "content": "the adapter into the"
    },
    {
        "location": {
            "left": 484,
            "top": 283,
            "bottom": 316,
            "right": 685
        },
        "type": "text",
        "id": 13,
        "isClick": false,
        "content": "car , connect"
    },
    {
        "location": {
            "left": 700,
            "top": 280,
            "bottom": 312,
            "right": 757
        },
        "type": "text",
        "id": 14,
        "isClick": false,
        "content": "and"
    },
    {
        "location": {
            "left": 772,
            "top": 280,
            "bottom": 313,
            "right": 851
        },
        "type": "text",
        "id": 15,
        "isClick": false,
        "content": "drive"
    },
    {
        "location": {
            "left": 385,
            "top": 400,
            "bottom": 433,
            "right": 696
        },
        "type": "text",
        "id": 16,
        "isClick": true,
        "content": "Connect to the car"
    },
    {
        "location": {
            "left": 277,
            "top": 1333,
            "bottom": 1364,
            "right": 486
        },
        "type": "text",
        "id": 17,
        "isClick": false,
        "content": "24 Sep , 2016"
    },
    {
        "location": {
            "left": 469,
            "top": 1449,
            "bottom": 1487,
            "right": 744
        },
        "type": "text",
        "id": 18,
        "isClick": false,
        "content": "Your first trip can"
    },
    {
        "location": {
            "left": 759,
            "top": 1450,
            "bottom": 1481,
            "right": 883
        },
        "type": "text",
        "id": 19,
        "isClick": false,
        "content": "be here !"
    },
    {
        "location": {
            "left": 19,
            "top": 1472,
            "bottom": 1500,
            "right": 106
        },
        "type": "text",
        "id": 20,
        "isClick": false,
        "content": "19:13"
    },
    {
        "location": {
            "left": 173,
            "top": 1498,
            "bottom": 1553,
            "right": 194
        },
        "type": "text",
        "id": 21,
        "isClick": false,
        "content": "A \u0410"
    },
    {
        "location": {
            "left": 289,
            "top": 1529,
            "bottom": 1582,
            "right": 442
        },
        "type": "text",
        "id": 22,
        "isClick": false,
        "content": "10.97"
    },
    {
        "location": {
            "left": 461,
            "top": 1545,
            "bottom": 1585,
            "right": 498
        },
        "type": "text",
        "id": 23,
        "isClick": false,
        "content": "km"
    },
    {
        "location": {
            "left": 592,
            "top": 1529,
            "bottom": 1558,
            "right": 661
        },
        "type": "text",
        "id": 24,
        "isClick": false,
        "content": "8.02"
    },
    {
        "location": {
            "left": 672,
            "top": 1529,
            "bottom": 1561,
            "right": 743
        },
        "type": "text",
        "id": 25,
        "isClick": false,
        "content": "l / 100"
    },
    {
        "location": {
            "left": 824,
            "top": 1529,
            "bottom": 1558,
            "right": 914
        },
        "type": "text",
        "id": 26,
        "isClick": false,
        "content": "30.80"
    },
    {
        "location": {
            "left": 926,
            "top": 1529,
            "bottom": 1560,
            "right": 982
        },
        "type": "text",
        "id": 27,
        "isClick": false,
        "content": "RUB"
    },
    {
        "location": {
            "left": 19,
            "top": 1557,
            "bottom": 1586,
            "right": 106
        },
        "type": "text",
        "id": 28,
        "isClick": false,
        "content": "18:53"
    },
    {
        "location": {
            "left": 591,
            "top": 1570,
            "bottom": 1591,
            "right": 664
        },
        "type": "text",
        "id": 29,
        "isClick": false,
        "content": "fuel rate"
    },
    {
        "location": {
            "left": 824,
            "top": 1574,
            "bottom": 1593,
            "right": 873
        },
        "type": "text",
        "id": 30,
        "isClick": false,
        "content": "spent"
    },
    {
        "location": {
            "left": 138,
            "top": 1672,
            "bottom": 1733,
            "right": 176
        },
        "type": "text",
        "id": 31,
        "isClick": false,
        "content": "2"
    },
    {
        "location": {
            "left": 232,
            "top": 1668,
            "bottom": 1728,
            "right": 252
        },
        "type": "text",
        "id": 32,
        "isClick": false,
        "content": ")"
    },
    {
        "location": {
            "left": 279,
            "top": 1672,
            "bottom": 1726,
            "right": 517
        },
        "type": "text",
        "id": 33,
        "isClick": false,
        "content": "Registration"
    },
    {
        "location": {
            "left": 277,
            "top": 1721,
            "bottom": 1753,
            "right": 616
        },
        "type": "text",
        "id": 34,
        "isClick": false,
        "content": "welcome to autoclub"
    }
]