[
    {
        "location": {
            "left": 351,
            "top": 18,
            "bottom": 43,
            "right": 371
        },
        "type": "text",
        "id": 0,
        "isClick": false,
        "content": "\u0ba4\u0bc1"
    },
    {
        "location": {
            "left": 470,
            "top": 14,
            "bottom": 51,
            "right": 503
        },
        "type": "text",
        "id": 1,
        "isClick": false,
        "content": "f"
    },
    {
        "location": {
            "left": 538,
            "top": 13,
            "bottom": 51,
            "right": 561
        },
        "type": "text",
        "id": 2,
        "isClick": false,
        "content": "A"
    },
    {
        "location": {
            "left": 591,
            "top": 17,
            "bottom": 47,
            "right": 634
        },
        "type": "text",
        "id": 3,
        "isClick": false,
        "content": "FOX"
    },
    {
        "location": {
            "left": 659,
            "top": 14,
            "bottom": 50,
            "right": 692
        },
        "type": "text",
        "id": 4,
        "isClick": false,
        "content": "F"
    },
    {
        "location": {
            "left": 988,
            "top": 17,
            "bottom": 47,
            "right": 1057
        },
        "type": "text",
        "id": 5,
        "isClick": false,
        "content": "8:34"
    },
    {
        "location": {
            "left": 321,
            "top": 136,
            "bottom": 185,
            "right": 451
        },
        "type": "text",
        "id": 6,
        "isClick": false,
        "content": "What"
    },
    {
        "location": {
            "left": 471,
            "top": 137,
            "bottom": 183,
            "right": 509
        },
        "type": "text",
        "id": 7,
        "isClick": false,
        "content": "is"
    },
    {
        "location": {
            "left": 527,
            "top": 145,
            "bottom": 193,
            "right": 635
        },
        "type": "text",
        "id": 8,
        "isClick": false,
        "content": "your"
    },
    {
        "location": {
            "left": 653,
            "top": 137,
            "bottom": 185,
            "right": 757
        },
        "type": "text",
        "id": 9,
        "isClick": false,
        "content": "car ?"
    },
    {
        "location": {
            "left": 436,
            "top": 258,
            "bottom": 291,
            "right": 537
        },
        "type": "text",
        "id": 10,
        "isClick": false,
        "content": "Select"
    },
    {
        "location": {
            "left": 552,
            "top": 259,
            "bottom": 290,
            "right": 642
        },
        "type": "text",
        "id": 11,
        "isClick": true,
        "content": "make"
    },
    {
        "location": {
            "left": 79,
            "top": 330,
            "bottom": 359,
            "right": 657
        },
        "type": "text",
        "id": 12,
        "isClick": false,
        "content": "* If there is no your modification choose any similar"
    }
]