[
    {
        "location": {
            "left": 351,
            "top": 18,
            "bottom": 43,
            "right": 371
        },
        "type": "text",
        "id": 0,
        "isClick": false,
        "content": "5"
    },
    {
        "location": {
            "left": 471,
            "top": 14,
            "bottom": 50,
            "right": 504
        },
        "type": "text",
        "id": 1,
        "isClick": false,
        "content": "F"
    },
    {
        "location": {
            "left": 538,
            "top": 12,
            "bottom": 50,
            "right": 562
        },
        "type": "text",
        "id": 2,
        "isClick": false,
        "content": "8"
    },
    {
        "location": {
            "left": 592,
            "top": 17,
            "bottom": 48,
            "right": 636
        },
        "type": "text",
        "id": 3,
        "isClick": false,
        "content": "FOX"
    },
    {
        "location": {
            "left": 660,
            "top": 14,
            "bottom": 50,
            "right": 693
        },
        "type": "text",
        "id": 4,
        "isClick": false,
        "content": "f"
    },
    {
        "location": {
            "left": 988,
            "top": 17,
            "bottom": 47,
            "right": 1057
        },
        "type": "text",
        "id": 5,
        "isClick": false,
        "content": "8:34"
    },
    {
        "location": {
            "left": 322,
            "top": 136,
            "bottom": 185,
            "right": 451
        },
        "type": "text",
        "id": 6,
        "isClick": false,
        "content": "What"
    },
    {
        "location": {
            "left": 472,
            "top": 137,
            "bottom": 183,
            "right": 509
        },
        "type": "text",
        "id": 7,
        "isClick": false,
        "content": "is"
    },
    {
        "location": {
            "left": 528,
            "top": 145,
            "bottom": 193,
            "right": 635
        },
        "type": "text",
        "id": 8,
        "isClick": false,
        "content": "your"
    },
    {
        "location": {
            "left": 654,
            "top": 137,
            "bottom": 185,
            "right": 757
        },
        "type": "text",
        "id": 9,
        "isClick": false,
        "content": "car ?"
    },
    {
        "location": {
            "left": 482,
            "top": 257,
            "bottom": 297,
            "right": 596
        },
        "type": "text",
        "id": 10,
        "isClick": false,
        "content": "Toyota"
    },
    {
        "location": {
            "left": 488,
            "top": 361,
            "bottom": 400,
            "right": 594
        },
        "type": "text",
        "id": 11,
        "isClick": false,
        "content": "Camry"
    },
    {
        "location": {
            "left": 498,
            "top": 465,
            "bottom": 497,
            "right": 581
        },
        "type": "text",
        "id": 12,
        "isClick": false,
        "content": "2005"
    },
    {
        "location": {
            "left": 499,
            "top": 569,
            "bottom": 605,
            "right": 581
        },
        "type": "text",
        "id": 13,
        "isClick": false,
        "content": "Body"
    },
    {
        "location": {
            "left": 79,
            "top": 641,
            "bottom": 667,
            "right": 657
        },
        "type": "text",
        "id": 14,
        "isClick": false,
        "content": "* If there is no your modification choose any similar"
    }
]