[
    {
        "location": {
            "left": 351,
            "top": 18,
            "bottom": 43,
            "right": 371
        },
        "type": "text",
        "id": 0,
        "isClick": false,
        "content": "5"
    },
    {
        "location": {
            "left": 471,
            "top": 14,
            "bottom": 50,
            "right": 504
        },
        "type": "text",
        "id": 1,
        "isClick": false,
        "content": "F"
    },
    {
        "location": {
            "left": 538,
            "top": 12,
            "bottom": 50,
            "right": 562
        },
        "type": "text",
        "id": 2,
        "isClick": false,
        "content": "8"
    },
    {
        "location": {
            "left": 592,
            "top": 17,
            "bottom": 48,
            "right": 636
        },
        "type": "text",
        "id": 3,
        "isClick": false,
        "content": "FOX"
    },
    {
        "location": {
            "left": 660,
            "top": 14,
            "bottom": 50,
            "right": 693
        },
        "type": "text",
        "id": 4,
        "isClick": false,
        "content": "f"
    },
    {
        "location": {
            "left": 988,
            "top": 17,
            "bottom": 49,
            "right": 1056
        },
        "type": "text",
        "id": 5,
        "isClick": false,
        "content": "8:35"
    },
    {
        "location": {
            "left": 322,
            "top": 136,
            "bottom": 185,
            "right": 451
        },
        "type": "text",
        "id": 6,
        "isClick": false,
        "content": "What"
    },
    {
        "location": {
            "left": 472,
            "top": 137,
            "bottom": 183,
            "right": 509
        },
        "type": "text",
        "id": 7,
        "isClick": false,
        "content": "is"
    },
    {
        "location": {
            "left": 528,
            "top": 145,
            "bottom": 192,
            "right": 635
        },
        "type": "text",
        "id": 8,
        "isClick": false,
        "content": "your"
    },
    {
        "location": {
            "left": 654,
            "top": 137,
            "bottom": 185,
            "right": 757
        },
        "type": "text",
        "id": 9,
        "isClick": false,
        "content": "car ?"
    },
    {
        "location": {
            "left": 483,
            "top": 260,
            "bottom": 297,
            "right": 595
        },
        "type": "text",
        "id": 10,
        "isClick": false,
        "content": "Toyota"
    },
    {
        "location": {
            "left": 487,
            "top": 361,
            "bottom": 399,
            "right": 594
        },
        "type": "text",
        "id": 11,
        "isClick": false,
        "content": "Camry"
    },
    {
        "location": {
            "left": 498,
            "top": 465,
            "bottom": 497,
            "right": 581
        },
        "type": "text",
        "id": 12,
        "isClick": false,
        "content": "2005"
    },
    {
        "location": {
            "left": 488,
            "top": 569,
            "bottom": 599,
            "right": 590
        },
        "type": "text",
        "id": 13,
        "isClick": false,
        "content": "Sedan"
    },
    {
        "location": {
            "left": 289,
            "top": 673,
            "bottom": 705,
            "right": 337
        },
        "type": "text",
        "id": 14,
        "isClick": false,
        "content": "2.0"
    },
    {
        "location": {
            "left": 353,
            "top": 673,
            "bottom": 705,
            "right": 543
        },
        "type": "text",
        "id": 15,
        "isClick": false,
        "content": "| Automatic"
    },
    {
        "location": {
            "left": 558,
            "top": 670,
            "bottom": 711,
            "right": 630
        },
        "type": "text",
        "id": 16,
        "isClick": false,
        "content": "( 140"
    },
    {
        "location": {
            "left": 656,
            "top": 671,
            "bottom": 711,
            "right": 714
        },
        "type": "text",
        "id": 17,
        "isClick": false,
        "content": "hp ) ,"
    },
    {
        "location": {
            "left": 729,
            "top": 673,
            "bottom": 705,
            "right": 791
        },
        "type": "text",
        "id": 18,
        "isClick": false,
        "content": "Gas"
    },
    {
        "location": {
            "left": 79,
            "top": 745,
            "bottom": 772,
            "right": 657
        },
        "type": "text",
        "id": 19,
        "isClick": false,
        "content": "* If there is no your modification choose any similar"
    },
    {
        "location": {
            "left": 517,
            "top": 855,
            "bottom": 884,
            "right": 562
        },
        "type": "text",
        "id": 20,
        "isClick": false,
        "content": "OK"
    }
]