[
    {
        "id": 0,
        "location": {
            "right": 60,
            "left": 55,
            "top": 7,
            "bottom": 27
        },
        "content": "f",
        "isClick": false,
        "type": "text"
    },
    {
        "id": 1,
        "location": {
            "right": 93,
            "left": 77,
            "top": 5,
            "bottom": 26
        },
        "content": "f",
        "isClick": false,
        "type": "text"
    },
    {
        "id": 2,
        "location": {
            "right": 125,
            "left": 109,
            "top": 5,
            "bottom": 26
        },
        "content": "f",
        "isClick": false,
        "type": "text"
    },
    {
        "id": 3,
        "location": {
            "right": 193,
            "left": 172,
            "top": 9,
            "bottom": 25
        },
        "content": "57 \u00b0",
        "isClick": false,
        "type": "text"
    },
    {
        "id": 4,
        "location": {
            "right": 347,
            "left": 329,
            "top": 5,
            "bottom": 25
        },
        "content": "S",
        "isClick": false,
        "type": "text"
    },
    {
        "id": 5,
        "location": {
            "right": 400,
            "left": 390,
            "top": 7,
            "bottom": 24
        },
        "content": "4",
        "isClick": false,
        "type": "text"
    },
    {
        "id": 6,
        "location": {
            "right": 527,
            "left": 495,
            "top": 10,
            "bottom": 22
        },
        "content": "5:07",
        "isClick": false,
        "type": "text"
    },
    {
        "id": 7,
        "location": {
            "right": 379,
            "left": 158,
            "top": 57,
            "bottom": 79
        },
        "content": "Log in with Facebook",
        "isClick": false,
        "type": "text"
    },
    {
        "id": 8,
        "location": {
            "right": 375,
            "left": 165,
            "top": 385,
            "bottom": 403
        },
        "content": "Continue as Grace",
        "isClick": false,
        "type": "text"
    },
    {
        "id": 9,
        "location": {
            "right": 354,
            "left": 179,
            "top": 441,
            "bottom": 462
        },
        "content": "Tinychat will receive",
        "isClick": false,
        "type": "text"
    },
    {
        "id": 10,
        "location": {
            "right": 358,
            "left": 357,
            "top": 449,
            "bottom": 459
        },
        "content": ":",
        "isClick": false,
        "type": "text"
    },
    {
        "id": 11,
        "location": {
            "right": 298,
            "left": 107,
            "top": 465,
            "bottom": 487
        },
        "content": "your public profile and",
        "isClick": false,
        "type": "text"
    },
    {
        "id": 12,
        "location": {
            "right": 430,
            "left": 305,
            "top": 463,
            "bottom": 484
        },
        "content": "email address .",
        "isClick": false,
        "type": "text"
    },
    {
        "id": 13,
        "location": {
            "right": 324,
            "left": 251,
            "top": 513,
            "bottom": 537
        },
        "content": "Edit This",
        "isClick": false,
        "type": "text"
    },
    {
        "id": 14,
        "location": {
            "right": 305,
            "left": 235,
            "top": 737,
            "bottom": 749
        },
        "content": "Continue",
        "isClick": true,
        "type": "text"
    },
    {
        "id": 15,
        "location": {
            "right": 438,
            "left": 124,
            "top": 819,
            "bottom": 835
        },
        "content": "This doesn't let the app post to Facebook .",
        "isClick": false,
        "type": "text"
    }
]