[
    {
        "content": "Vibration",
        "location": {
            "bottom": 1701,
            "top": 1558,
            "left": 456,
            "right": 489
        },
        "id": 0,
        "isClick": false,
        "type": "text"
    },
    {
        "content": ":",
        "location": {
            "bottom": 1710,
            "top": 1707,
            "left": 456,
            "right": 480
        },
        "id": 1,
        "isClick": false,
        "type": "text"
    },
    {
        "content": "On",
        "location": {
            "bottom": 1764,
            "top": 1724,
            "left": 456,
            "right": 488
        },
        "id": 2,
        "isClick": false,
        "type": "text"
    },
    {
        "content": "Backlight",
        "location": {
            "bottom": 1696,
            "top": 1548,
            "left": 399,
            "right": 439
        },
        "id": 3,
        "isClick": false,
        "type": "text"
    },
    {
        "content": ":",
        "location": {
            "bottom": 1704,
            "top": 1700,
            "left": 404,
            "right": 429
        },
        "id": 4,
        "isClick": false,
        "type": "text"
    },
    {
        "content": "Off",
        "location": {
            "bottom": 1767,
            "top": 1718,
            "left": 404,
            "right": 439
        },
        "id": 5,
        "isClick": false,
        "type": "text"
    },
    {
        "content": "Pic",
        "location": {
            "bottom": 1557,
            "top": 1512,
            "left": 352,
            "right": 384
        },
        "id": 6,
        "isClick": false,
        "type": "text"
    },
    {
        "content": "size",
        "location": {
            "bottom": 1632,
            "top": 1571,
            "left": 352,
            "right": 384
        },
        "id": 7,
        "isClick": false,
        "type": "text"
    },
    {
        "content": ":",
        "location": {
            "bottom": 1640,
            "top": 1637,
            "left": 354,
            "right": 375
        },
        "id": 8,
        "isClick": false,
        "type": "text"
    },
    {
        "content": "default",
        "location": {
            "bottom": 1764,
            "top": 1654,
            "left": 352,
            "right": 384
        },
        "id": 9,
        "isClick": false,
        "type": "text"
    },
    {
        "content": "Take",
        "location": {
            "bottom": 1572,
            "top": 1499,
            "left": 296,
            "right": 333
        },
        "id": 10,
        "isClick": false,
        "type": "text"
    },
    {
        "content": "picture",
        "location": {
            "bottom": 1696,
            "top": 1587,
            "left": 295,
            "right": 331
        },
        "id": 11,
        "isClick": false,
        "type": "text"
    },
    {
        "content": ": :",
        "location": {
            "bottom": 1704,
            "top": 1701,
            "left": 249,
            "right": 323
        },
        "id": 12,
        "isClick": false,
        "type": "text"
    },
    {
        "content": "Off Off",
        "location": {
            "bottom": 1766,
            "top": 1717,
            "left": 248,
            "right": 334
        },
        "id": 13,
        "isClick": false,
        "type": "text"
    },
    {
        "content": "Night",
        "location": {
            "bottom": 1590,
            "top": 1507,
            "left": 242,
            "right": 280
        },
        "id": 14,
        "isClick": false,
        "type": "text"
    },
    {
        "content": "vision",
        "location": {
            "bottom": 1694,
            "top": 1603,
            "left": 248,
            "right": 280
        },
        "id": 15,
        "isClick": false,
        "type": "text"
    }
]