[
    {
        "content": "FAK",
        "location": {
            "bottom": 27,
            "top": 11,
            "left": 217,
            "right": 254
        },
        "id": 0,
        "isClick": false,
        "type": "text"
    },
    {
        "content": "f",
        "location": {
            "bottom": 50,
            "top": 14,
            "left": 31,
            "right": 63
        },
        "id": 1,
        "isClick": false,
        "type": "text"
    },
    {
        "content": "0",
        "location": {
            "bottom": 48,
            "top": 12,
            "left": 285,
            "right": 308
        },
        "id": 2,
        "isClick": false,
        "type": "text"
    },
    {
        "content": "54:27",
        "location": {
            "bottom": 49,
            "top": 13,
            "left": 943,
            "right": 1056
        },
        "id": 3,
        "isClick": false,
        "type": "text"
    },
    {
        "content": "01:54",
        "location": {
            "bottom": 199,
            "top": 161,
            "left": 29,
            "right": 141
        },
        "id": 4,
        "isClick": false,
        "type": "text"
    },
    {
        "content": "Task",
        "location": {
            "bottom": 201,
            "top": 153,
            "left": 346,
            "right": 456
        },
        "id": 5,
        "isClick": false,
        "type": "text"
    },
    {
        "content": "1/60",
        "location": {
            "bottom": 202,
            "top": 153,
            "left": 482,
            "right": 619
        },
        "id": 6,
        "isClick": false,
        "type": "text"
    },
    {
        "content": "Back",
        "location": {
            "bottom": 198,
            "top": 160,
            "left": 948,
            "right": 1046
        },
        "id": 7,
        "isClick": false,
        "type": "text"
    },
    {
        "content": "\uc6d0 .",
        "location": {
            "bottom": 893,
            "top": 779,
            "left": 744,
            "right": 910
        },
        "id": 8,
        "isClick": false,
        "type": "text"
    },
    {
        "content": "EL",
        "location": {
            "bottom": 1337,
            "top": 1234,
            "left": 211,
            "right": 322
        },
        "id": 9,
        "isClick": false,
        "type": "text"
    },
    {
        "content": "TIP",
        "location": {
            "bottom": 1327,
            "top": 1155,
            "left": 751,
            "right": 1012
        },
        "id": 10,
        "isClick": false,
        "type": "text"
    },
    {
        "content": "Next",
        "location": {
            "bottom": 1497,
            "top": 1457,
            "left": 841,
            "right": 936
        },
        "id": 11,
        "isClick": false,
        "type": "text"
    }
]