[
    {
        "content": "FAKT",
        "location": {
            "bottom": 26,
            "top": 11,
            "left": 217,
            "right": 254
        },
        "id": 0,
        "isClick": false,
        "type": "text"
    },
    {
        "content": "f",
        "location": {
            "bottom": 50,
            "top": 14,
            "left": 29,
            "right": 66
        },
        "id": 1,
        "isClick": false,
        "type": "text"
    },
    {
        "content": "3",
        "location": {
            "bottom": 47,
            "top": 17,
            "left": 942,
            "right": 965
        },
        "id": 2,
        "isClick": false,
        "type": "text"
    },
    {
        "content": "4:31",
        "location": {
            "bottom": 47,
            "top": 18,
            "left": 986,
            "right": 1050
        },
        "id": 3,
        "isClick": false,
        "type": "text"
    },
    {
        "content": "Description",
        "location": {
            "bottom": 165,
            "top": 105,
            "left": 394,
            "right": 685
        },
        "id": 4,
        "isClick": false,
        "type": "text"
    },
    {
        "content": "The",
        "location": {
            "bottom": 223,
            "top": 177,
            "left": 28,
            "right": 103
        },
        "id": 5,
        "isClick": false,
        "type": "text"
    },
    {
        "content": "test",
        "location": {
            "bottom": 223,
            "top": 185,
            "left": 118,
            "right": 195
        },
        "id": 6,
        "isClick": false,
        "type": "text"
    },
    {
        "content": "consists",
        "location": {
            "bottom": 225,
            "top": 181,
            "left": 212,
            "right": 385
        },
        "id": 7,
        "isClick": false,
        "type": "text"
    },
    {
        "content": "of",
        "location": {
            "bottom": 224,
            "top": 180,
            "left": 400,
            "right": 441
        },
        "id": 8,
        "isClick": false,
        "type": "text"
    },
    {
        "content": "60",
        "location": {
            "bottom": 223,
            "top": 177,
            "left": 458,
            "right": 505
        },
        "id": 9,
        "isClick": false,
        "type": "text"
    },
    {
        "content": "images .",
        "location": {
            "bottom": 227,
            "top": 178,
            "left": 522,
            "right": 681
        },
        "id": 10,
        "isClick": false,
        "type": "text"
    },
    {
        "content": "In",
        "location": {
            "bottom": 225,
            "top": 178,
            "left": 700,
            "right": 731
        },
        "id": 11,
        "isClick": false,
        "type": "text"
    },
    {
        "content": "each",
        "location": {
            "bottom": 224,
            "top": 180,
            "left": 750,
            "right": 845
        },
        "id": 12,
        "isClick": false,
        "type": "text"
    },
    {
        "content": "image",
        "location": {
            "bottom": 228,
            "top": 179,
            "left": 864,
            "right": 987
        },
        "id": 13,
        "isClick": false,
        "type": "text"
    },
    {
        "content": "is",
        "location": {
            "bottom": 275,
            "top": 233,
            "left": 30,
            "right": 59
        },
        "id": 14,
        "isClick": false,
        "type": "text"
    },
    {
        "content": "missing",
        "location": {
            "bottom": 283,
            "top": 233,
            "left": 76,
            "right": 233
        },
        "id": 15,
        "isClick": false,
        "type": "text"
    },
    {
        "content": "part",
        "location": {
            "bottom": 283,
            "top": 240,
            "left": 252,
            "right": 331
        },
        "id": 16,
        "isClick": false,
        "type": "text"
    },
    {
        "content": "of",
        "location": {
            "bottom": 274,
            "top": 233,
            "left": 348,
            "right": 389
        },
        "id": 17,
        "isClick": false,
        "type": "text"
    },
    {
        "content": "it .",
        "location": {
            "bottom": 274,
            "top": 233,
            "left": 406,
            "right": 437
        },
        "id": 18,
        "isClick": false,
        "type": "text"
    },
    {
        "content": "It",
        "location": {
            "bottom": 274,
            "top": 233,
            "left": 458,
            "right": 479
        },
        "id": 19,
        "isClick": false,
        "type": "text"
    },
    {
        "content": "is",
        "location": {
            "bottom": 274,
            "top": 236,
            "left": 498,
            "right": 527
        },
        "id": 20,
        "isClick": false,
        "type": "text"
    },
    {
        "content": "necessary to",
        "location": {
            "bottom": 283,
            "top": 240,
            "left": 544,
            "right": 805
        },
        "id": 21,
        "isClick": false,
        "type": "text"
    },
    {
        "content": "determine",
        "location": {
            "bottom": 274,
            "top": 230,
            "left": 822,
            "right": 1029
        },
        "id": 22,
        "isClick": false,
        "type": "text"
    },
    {
        "content": "the",
        "location": {
            "bottom": 329,
            "top": 289,
            "left": 26,
            "right": 91
        },
        "id": 23,
        "isClick": false,
        "type": "text"
    },
    {
        "content": "regularity",
        "location": {
            "bottom": 335,
            "top": 284,
            "left": 108,
            "right": 297
        },
        "id": 24,
        "isClick": false,
        "type": "text"
    },
    {
        "content": "that",
        "location": {
            "bottom": 329,
            "top": 289,
            "left": 312,
            "right": 391
        },
        "id": 25,
        "isClick": false,
        "type": "text"
    },
    {
        "content": "is",
        "location": {
            "bottom": 329,
            "top": 289,
            "left": 410,
            "right": 439
        },
        "id": 26,
        "isClick": false,
        "type": "text"
    },
    {
        "content": "available",
        "location": {
            "bottom": 329,
            "top": 289,
            "left": 456,
            "right": 637
        },
        "id": 27,
        "isClick": false,
        "type": "text"
    },
    {
        "content": "in",
        "location": {
            "bottom": 329,
            "top": 289,
            "left": 654,
            "right": 683
        },
        "id": 28,
        "isClick": false,
        "type": "text"
    },
    {
        "content": "each",
        "location": {
            "bottom": 329,
            "top": 284,
            "left": 702,
            "right": 797
        },
        "id": 29,
        "isClick": false,
        "type": "text"
    },
    {
        "content": "image",
        "location": {
            "bottom": 335,
            "top": 289,
            "left": 816,
            "right": 939
        },
        "id": 30,
        "isClick": false,
        "type": "text"
    },
    {
        "content": "and",
        "location": {
            "bottom": 385,
            "top": 345,
            "left": 29,
            "right": 101
        },
        "id": 31,
        "isClick": false,
        "type": "text"
    },
    {
        "content": "choose the",
        "location": {
            "bottom": 385,
            "top": 338,
            "left": 119,
            "right": 347
        },
        "id": 32,
        "isClick": false,
        "type": "text"
    },
    {
        "content": "right",
        "location": {
            "bottom": 393,
            "top": 345,
            "left": 365,
            "right": 454
        },
        "id": 33,
        "isClick": false,
        "type": "text"
    },
    {
        "content": "version",
        "location": {
            "bottom": 385,
            "top": 345,
            "left": 470,
            "right": 617
        },
        "id": 34,
        "isClick": false,
        "type": "text"
    },
    {
        "content": "of",
        "location": {
            "bottom": 385,
            "top": 345,
            "left": 635,
            "right": 676
        },
        "id": 35,
        "isClick": false,
        "type": "text"
    },
    {
        "content": "its",
        "location": {
            "bottom": 385,
            "top": 345,
            "left": 692,
            "right": 737
        },
        "id": 36,
        "isClick": false,
        "type": "text"
    },
    {
        "content": "complement .",
        "location": {
            "bottom": 393,
            "top": 345,
            "left": 754,
            "right": 1023
        },
        "id": 37,
        "isClick": false,
        "type": "text"
    },
    {
        "content": "There",
        "location": {
            "bottom": 441,
            "top": 400,
            "left": 27,
            "right": 143
        },
        "id": 38,
        "isClick": false,
        "type": "text"
    },
    {
        "content": "are",
        "location": {
            "bottom": 441,
            "top": 409,
            "left": 160,
            "right": 220
        },
        "id": 39,
        "isClick": false,
        "type": "text"
    },
    {
        "content": "6",
        "location": {
            "bottom": 440,
            "top": 401,
            "left": 238,
            "right": 258
        },
        "id": 40,
        "isClick": false,
        "type": "text"
    },
    {
        "content": "or",
        "location": {
            "bottom": 439,
            "top": 409,
            "left": 275,
            "right": 314
        },
        "id": 41,
        "isClick": false,
        "type": "text"
    },
    {
        "content": "8",
        "location": {
            "bottom": 439,
            "top": 401,
            "left": 330,
            "right": 351
        },
        "id": 42,
        "isClick": false,
        "type": "text"
    },
    {
        "content": "variants",
        "location": {
            "bottom": 441,
            "top": 401,
            "left": 367,
            "right": 530
        },
        "id": 43,
        "isClick": false,
        "type": "text"
    },
    {
        "content": "of",
        "location": {
            "bottom": 440,
            "top": 399,
            "left": 547,
            "right": 588
        },
        "id": 44,
        "isClick": false,
        "type": "text"
    },
    {
        "content": "complement",
        "location": {
            "bottom": 448,
            "top": 400,
            "left": 603,
            "right": 861
        },
        "id": 45,
        "isClick": false,
        "type": "text"
    },
    {
        "content": "for",
        "location": {
            "bottom": 441,
            "top": 399,
            "left": 877,
            "right": 934
        },
        "id": 46,
        "isClick": false,
        "type": "text"
    },
    {
        "content": "each",
        "location": {
            "bottom": 441,
            "top": 400,
            "left": 949,
            "right": 1044
        },
        "id": 47,
        "isClick": false,
        "type": "text"
    },
    {
        "content": "image .",
        "location": {
            "bottom": 501,
            "top": 456,
            "left": 29,
            "right": 162
        },
        "id": 48,
        "isClick": false,
        "type": "text"
    },
    {
        "content": "The",
        "location": {
            "bottom": 497,
            "top": 453,
            "left": 180,
            "right": 256
        },
        "id": 49,
        "isClick": false,
        "type": "text"
    },
    {
        "content": "test",
        "location": {
            "bottom": 497,
            "top": 457,
            "left": 271,
            "right": 348
        },
        "id": 50,
        "isClick": false,
        "type": "text"
    },
    {
        "content": "will",
        "location": {
            "bottom": 497,
            "top": 452,
            "left": 364,
            "right": 428
        },
        "id": 51,
        "isClick": false,
        "type": "text"
    },
    {
        "content": "run",
        "location": {
            "bottom": 497,
            "top": 465,
            "left": 447,
            "right": 508
        },
        "id": 52,
        "isClick": false,
        "type": "text"
    },
    {
        "content": "for",
        "location": {
            "bottom": 497,
            "top": 454,
            "left": 525,
            "right": 582
        },
        "id": 53,
        "isClick": false,
        "type": "text"
    },
    {
        "content": "30",
        "location": {
            "bottom": 496,
            "top": 456,
            "left": 597,
            "right": 644
        },
        "id": 54,
        "isClick": false,
        "type": "text"
    },
    {
        "content": "minutes .",
        "location": {
            "bottom": 497,
            "top": 456,
            "left": 663,
            "right": 837
        },
        "id": 55,
        "isClick": false,
        "type": "text"
    },
    {
        "content": "The",
        "location": {
            "bottom": 561,
            "top": 513,
            "left": 28,
            "right": 103
        },
        "id": 56,
        "isClick": false,
        "type": "text"
    },
    {
        "content": "selection",
        "location": {
            "bottom": 561,
            "top": 518,
            "left": 120,
            "right": 303
        },
        "id": 57,
        "isClick": false,
        "type": "text"
    },
    {
        "content": "is",
        "location": {
            "bottom": 560,
            "top": 520,
            "left": 322,
            "right": 353
        },
        "id": 58,
        "isClick": false,
        "type": "text"
    },
    {
        "content": "made",
        "location": {
            "bottom": 561,
            "top": 513,
            "left": 370,
            "right": 483
        },
        "id": 59,
        "isClick": false,
        "type": "text"
    },
    {
        "content": "by",
        "location": {
            "bottom": 567,
            "top": 513,
            "left": 500,
            "right": 545
        },
        "id": 60,
        "isClick": false,
        "type": "text"
    },
    {
        "content": "clicking",
        "location": {
            "bottom": 566,
            "top": 513,
            "left": 560,
            "right": 715
        },
        "id": 61,
        "isClick": false,
        "type": "text"
    },
    {
        "content": "on",
        "location": {
            "bottom": 561,
            "top": 528,
            "left": 732,
            "right": 779
        },
        "id": 62,
        "isClick": false,
        "type": "text"
    },
    {
        "content": "the",
        "location": {
            "bottom": 561,
            "top": 516,
            "left": 796,
            "right": 859
        },
        "id": 63,
        "isClick": false,
        "type": "text"
    },
    {
        "content": "need",
        "location": {
            "bottom": 561,
            "top": 513,
            "left": 876,
            "right": 973
        },
        "id": 64,
        "isClick": false,
        "type": "text"
    },
    {
        "content": "button",
        "location": {
            "bottom": 616,
            "top": 569,
            "left": 29,
            "right": 159
        },
        "id": 65,
        "isClick": false,
        "type": "text"
    },
    {
        "content": "with",
        "location": {
            "bottom": 617,
            "top": 573,
            "left": 175,
            "right": 261
        },
        "id": 66,
        "isClick": false,
        "type": "text"
    },
    {
        "content": "image",
        "location": {
            "bottom": 621,
            "top": 573,
            "left": 277,
            "right": 403
        },
        "id": 67,
        "isClick": false,
        "type": "text"
    },
    {
        "content": ".",
        "location": {
            "bottom": 611,
            "top": 601,
            "left": 406,
            "right": 412
        },
        "id": 68,
        "isClick": false,
        "type": "text"
    },
    {
        "content": "Begin",
        "location": {
            "bottom": 742,
            "top": 694,
            "left": 437,
            "right": 548
        },
        "id": 69,
        "isClick": false,
        "type": "text"
    },
    {
        "content": "test",
        "location": {
            "bottom": 737,
            "top": 697,
            "left": 564,
            "right": 642
        },
        "id": 70,
        "isClick": false,
        "type": "text"
    },
    {
        "content": "Top",
        "location": {
            "bottom": 894,
            "top": 848,
            "left": 391,
            "right": 468
        },
        "id": 71,
        "isClick": false,
        "type": "text"
    },
    {
        "content": "10",
        "location": {
            "bottom": 889,
            "top": 847,
            "left": 486,
            "right": 532
        },
        "id": 72,
        "isClick": false,
        "type": "text"
    },
    {
        "content": "results",
        "location": {
            "bottom": 889,
            "top": 841,
            "left": 549,
            "right": 685
        },
        "id": 73,
        "isClick": false,
        "type": "text"
    },
    {
        "content": "Football",
        "location": {
            "bottom": 1713,
            "top": 1698,
            "left": 506,
            "right": 577
        },
        "id": 74,
        "isClick": false,
        "type": "text"
    },
    {
        "content": "All Football Pro",
        "location": {
            "bottom": 1715,
            "top": 1689,
            "left": 674,
            "right": 885
        },
        "id": 75,
        "isClick": false,
        "type": "text"
    },
    {
        "content": "10 MES",
        "location": {
            "bottom": 1770,
            "top": 1761,
            "left": 269,
            "right": 302
        },
        "id": 76,
        "isClick": false,
        "type": "text"
    },
    {
        "content": "FREE",
        "location": {
            "bottom": 1777,
            "top": 1746,
            "left": 668,
            "right": 750
        },
        "id": 77,
        "isClick": false,
        "type": "text"
    },
    {
        "content": "INSTALL",
        "location": {
            "bottom": 1777,
            "top": 1746,
            "left": 766,
            "right": 885
        },
        "id": 78,
        "isClick": false,
        "type": "text"
    },
    {
        "content": "PRO",
        "location": {
            "bottom": 1795,
            "top": 1759,
            "left": 571,
            "right": 612
        },
        "id": 79,
        "isClick": false,
        "type": "text"
    }
]