[
    {
        "id": 0,
        "location": {
            "right": 187,
            "bottom": 795,
            "top": 776,
            "left": 75
        },
        "type": "text",
        "content": "BACKGROUND",
        "isClick": true
    },
    {
        "id": 1,
        "location": {
            "right": 152,
            "bottom": 811,
            "top": 796,
            "left": 112
        },
        "type": "text",
        "content": "MUSIC",
        "isClick": true
    },
    {
        "id": 2,
        "location": {
            "right": 302,
            "bottom": 818,
            "top": 772,
            "left": 241
        },
        "type": "text",
        "content": "1",
        "isClick": false
    },
    {
        "id": 3,
        "location": {
            "right": 257,
            "bottom": 877,
            "top": 848,
            "left": 186
        },
        "type": "text",
        "content": "Tired",
        "isClick": false
    },
    {
        "id": 4,
        "location": {
            "right": 467,
            "bottom": 879,
            "top": 849,
            "left": 272
        },
        "type": "text",
        "content": "? Install iFunny !",
        "isClick": false
    }
]