[
    {
        "isClick": false,
        "id": 0,
        "content": "MARY",
        "type": "text",
        "location": {
            "right": 297,
            "top": -3,
            "left": -14,
            "bottom": 98
        }
    },
    {
        "isClick": false,
        "id": 1,
        "content": "A",
        "type": "text",
        "location": {
            "right": 461,
            "top": 3,
            "left": 433,
            "bottom": 53
        }
    },
    {
        "isClick": true,
        "id": 2,
        "content": "Choose",
        "type": "text",
        "location": {
            "right": 260,
            "top": 499,
            "left": 123,
            "bottom": 527
        }
    },
    {
        "isClick": true,
        "id": 3,
        "content": "a",
        "type": "text",
        "location": {
            "right": 294,
            "top": 500,
            "left": 275,
            "bottom": 527
        }
    },
    {
        "isClick": false,
        "id": 4,
        "content": "Model",
        "type": "text",
        "location": {
            "right": 416,
            "top": 499,
            "left": 311,
            "bottom": 527
        }
    },
    {
        "isClick": false,
        "id": 5,
        "content": "Take",
        "type": "text",
        "location": {
            "right": 236,
            "top": 582,
            "left": 150,
            "bottom": 610
        }
    },
    {
        "isClick": false,
        "id": 6,
        "content": "a",
        "type": "text",
        "location": {
            "right": 270,
            "top": 584,
            "left": 251,
            "bottom": 610
        }
    },
    {
        "isClick": false,
        "id": 7,
        "content": "Photo",
        "type": "text",
        "location": {
            "right": 389,
            "top": 582,
            "left": 286,
            "bottom": 610
        }
    },
    {
        "isClick": false,
        "id": 8,
        "content": "Upload",
        "type": "text",
        "location": {
            "right": 254,
            "top": 665,
            "left": 132,
            "bottom": 702
        }
    },
    {
        "isClick": false,
        "id": 9,
        "content": "a",
        "type": "text",
        "location": {
            "right": 290,
            "top": 665,
            "left": 271,
            "bottom": 699
        }
    },
    {
        "isClick": false,
        "id": 10,
        "content": "Photo",
        "type": "text",
        "location": {
            "right": 409,
            "top": 663,
            "left": 306,
            "bottom": 697
        }
    },
    {
        "isClick": false,
        "id": 11,
        "content": "Quick Start",
        "type": "text",
        "location": {
            "right": 371,
            "top": 751,
            "left": 171,
            "bottom": 780
        }
    },
    {
        "isClick": false,
        "id": 12,
        "content": "Feedback",
        "type": "text",
        "location": {
            "right": 357,
            "top": 835,
            "left": 183,
            "bottom": 863
        }
    }
]