[
    {
        "id": 0,
        "location": {
            "right": 126,
            "left": 30,
            "top": 14,
            "bottom": 53
        },
        "content": "ff",
        "isClick": false,
        "type": "text"
    },
    {
        "id": 1,
        "location": {
            "right": 182,
            "left": 159,
            "top": 12,
            "bottom": 51
        },
        "content": "A",
        "isClick": false,
        "type": "text"
    },
    {
        "id": 2,
        "location": {
            "right": 316,
            "left": 219,
            "top": 14,
            "bottom": 51
        },
        "content": "FO",
        "isClick": false,
        "type": "text"
    },
    {
        "id": 3,
        "location": {
            "right": 945,
            "left": 922,
            "top": 12,
            "bottom": 48
        },
        "content": "$",
        "isClick": false,
        "type": "text"
    },
    {
        "id": 4,
        "location": {
            "right": 1057,
            "left": 968,
            "top": 17,
            "bottom": 49
        },
        "content": "11:04",
        "isClick": false,
        "type": "text"
    },
    {
        "id": 5,
        "location": {
            "right": 116,
            "left": 55,
            "top": 110,
            "bottom": 166
        },
        "content": "C.",
        "isClick": false,
        "type": "text"
    },
    {
        "id": 6,
        "location": {
            "right": 314,
            "left": 142,
            "top": 113,
            "bottom": 161
        },
        "content": "https : //",
        "isClick": false,
        "type": "text"
    },
    {
        "id": 7,
        "location": {
            "right": 802,
            "left": 322,
            "top": 113,
            "bottom": 153
        },
        "content": "nutriliterecommenderan",
        "isClick": false,
        "type": "text"
    },
    {
        "id": 8,
        "location": {
            "right": 399,
            "left": 206,
            "top": 247,
            "bottom": 281
        },
        "content": "NUTRILITE \u2122",
        "isClick": false,
        "type": "text"
    },
    {
        "id": 9,
        "location": {
            "right": 866,
            "left": 419,
            "top": 249,
            "bottom": 285
        },
        "content": "Supplement Recommender",
        "isClick": false,
        "type": "text"
    },
    {
        "id": 10,
        "location": {
            "right": 255,
            "left": 164,
            "top": 459,
            "bottom": 555
        },
        "content": "4",
        "isClick": false,
        "type": "text"
    },
    {
        "id": 11,
        "location": {
            "right": 865,
            "left": 290,
            "top": 486,
            "bottom": 543
        },
        "content": "NUTRILITE \"",
        "isClick": false,
        "type": "text"
    },
    {
        "id": 12,
        "location": {
            "right": 228,
            "left": 146,
            "top": 669,
            "bottom": 704
        },
        "content": "Find",
        "isClick": false,
        "type": "text"
    },
    {
        "id": 13,
        "location": {
            "right": 312,
            "left": 249,
            "top": 673,
            "bottom": 703
        },
        "content": "out",
        "isClick": false,
        "type": "text"
    },
    {
        "id": 14,
        "location": {
            "right": 450,
            "left": 333,
            "top": 666,
            "bottom": 703
        },
        "content": "which",
        "isClick": false,
        "type": "text"
    },
    {
        "id": 15,
        "location": {
            "right": 725,
            "left": 475,
            "top": 662,
            "bottom": 702
        },
        "content": "NUTRILITE\u24c7",
        "isClick": false,
        "type": "text"
    },
    {
        "id": 16,
        "location": {
            "right": 413,
            "left": 144,
            "top": 722,
            "bottom": 761
        },
        "content": "supplements",
        "isClick": false,
        "type": "text"
    },
    {
        "id": 17,
        "location": {
            "right": 495,
            "left": 436,
            "top": 731,
            "bottom": 756
        },
        "content": "are",
        "isClick": false,
        "type": "text"
    },
    {
        "id": 18,
        "location": {
            "right": 611,
            "left": 518,
            "top": 722,
            "bottom": 761
        },
        "content": "right",
        "isClick": false,
        "type": "text"
    },
    {
        "id": 19,
        "location": {
            "right": 687,
            "left": 630,
            "top": 722,
            "bottom": 761
        },
        "content": "for",
        "isClick": false,
        "type": "text"
    },
    {
        "id": 20,
        "location": {
            "right": 787,
            "left": 706,
            "top": 729,
            "bottom": 761
        },
        "content": "you .",
        "isClick": false,
        "type": "text"
    },
    {
        "id": 21,
        "location": {
            "right": 798,
            "left": 143,
            "top": 880,
            "bottom": 908
        },
        "content": "Take this quick , simple , and scientifically supported",
        "isClick": false,
        "type": "text"
    },
    {
        "id": 22,
        "location": {
            "right": 883,
            "left": 144,
            "top": 928,
            "bottom": 955
        },
        "content": "assessment to discover the supplements that are right for",
        "isClick": false,
        "type": "text"
    },
    {
        "id": 23,
        "location": {
            "right": 281,
            "left": 143,
            "top": 975,
            "bottom": 1003
        },
        "content": "your health",
        "isClick": false,
        "type": "text"
    },
    {
        "id": 24,
        "location": {
            "right": 373,
            "left": 293,
            "top": 975,
            "bottom": 1000
        },
        "content": "needs .",
        "isClick": false,
        "type": "text"
    },
    {
        "id": 25,
        "location": {
            "right": 199,
            "left": 114,
            "top": 1157,
            "bottom": 1183
        },
        "content": "Select",
        "isClick": false,
        "type": "text"
    },
    {
        "id": 26,
        "location": {
            "right": 345,
            "left": 209,
            "top": 1158,
            "bottom": 1189
        },
        "content": "Language",
        "isClick": false,
        "type": "text"
    },
    {
        "id": 27,
        "location": {
            "right": 257,
            "left": 144,
            "top": 1222,
            "bottom": 1257
        },
        "content": "English",
        "isClick": false,
        "type": "text"
    },
    {
        "id": 28,
        "location": {
            "right": 302,
            "left": 224,
            "top": 1443,
            "bottom": 1474
        },
        "content": "Login",
        "isClick": false,
        "type": "text"
    },
    {
        "id": 29,
        "location": {
            "right": 853,
            "left": 783,
            "top": 1443,
            "bottom": 1469
        },
        "content": "Start",
        "isClick": false,
        "type": "text"
    },
    {
        "id": 30,
        "location": {
            "right": 854,
            "left": 133,
            "top": 1608,
            "bottom": 1639
        },
        "content": "For individuals taking prescription medications or for",
        "isClick": false,
        "type": "text"
    },
    {
        "id": 31,
        "location": {
            "right": 900,
            "left": 134,
            "top": 1661,
            "bottom": 1691
        },
        "content": "women who are pregnant or breast - feeding , consult with",
        "isClick": false,
        "type": "text"
    },
    {
        "id": 32,
        "location": {
            "right": 817,
            "left": 131,
            "top": 1713,
            "bottom": 1744
        },
        "content": "your health care provider before taking any dietary",
        "isClick": false,
        "type": "text"
    },
    {
        "id": 33,
        "location": {
            "right": 917,
            "left": 136,
            "top": 1763,
            "bottom": 1796
        },
        "content": "supplements . The NUTRILITE Supplement Recommender",
        "isClick": false,
        "type": "text"
    }
]