[
    {
        "id": 0,
        "location": {
            "right": 126,
            "left": 30,
            "top": 14,
            "bottom": 51
        },
        "content": "ff",
        "isClick": false,
        "type": "text"
    },
    {
        "id": 1,
        "location": {
            "right": 182,
            "left": 159,
            "top": 12,
            "bottom": 49
        },
        "content": "A",
        "isClick": false,
        "type": "text"
    },
    {
        "id": 2,
        "location": {
            "right": 316,
            "left": 221,
            "top": 14,
            "bottom": 49
        },
        "content": "FO",
        "isClick": false,
        "type": "text"
    },
    {
        "id": 3,
        "location": {
            "right": 945,
            "left": 922,
            "top": 12,
            "bottom": 49
        },
        "content": "&",
        "isClick": false,
        "type": "text"
    },
    {
        "id": 4,
        "location": {
            "right": 1056,
            "left": 968,
            "top": 18,
            "bottom": 49
        },
        "content": "11:05",
        "isClick": false,
        "type": "text"
    },
    {
        "id": 5,
        "location": {
            "right": 112,
            "left": 31,
            "top": 99,
            "bottom": 153
        },
        "content": "Amway",
        "isClick": false,
        "type": "text"
    },
    {
        "id": 6,
        "location": {
            "right": 280,
            "left": 128,
            "top": 108,
            "bottom": 157
        },
        "content": "Amway",
        "isClick": false,
        "type": "text"
    },
    {
        "id": 7,
        "location": {
            "right": 375,
            "left": 295,
            "top": 107,
            "bottom": 156
        },
        "content": "App",
        "isClick": false,
        "type": "text"
    },
    {
        "id": 8,
        "location": {
            "right": 1042,
            "left": 983,
            "top": 239,
            "bottom": 276
        },
        "content": "III",
        "isClick": false,
        "type": "text"
    },
    {
        "id": 9,
        "location": {
            "right": 152,
            "left": 88,
            "top": 283,
            "bottom": 304
        },
        "content": "Home",
        "isClick": false,
        "type": "text"
    },
    {
        "id": 10,
        "location": {
            "right": 414,
            "left": 275,
            "top": 283,
            "bottom": 305
        },
        "content": "Notifications",
        "isClick": false,
        "type": "text"
    },
    {
        "id": 11,
        "location": {
            "right": 614,
            "left": 523,
            "top": 283,
            "bottom": 309
        },
        "content": "Settings",
        "isClick": false,
        "type": "text"
    },
    {
        "id": 12,
        "location": {
            "right": 826,
            "left": 761,
            "top": 283,
            "bottom": 304
        },
        "content": "Guest",
        "isClick": false,
        "type": "text"
    },
    {
        "id": 13,
        "location": {
            "right": 166,
            "left": 70,
            "top": 388,
            "bottom": 423
        },
        "content": "Quick",
        "isClick": false,
        "type": "text"
    },
    {
        "id": 14,
        "location": {
            "right": 304,
            "left": 181,
            "top": 388,
            "bottom": 422
        },
        "content": "Access",
        "isClick": false,
        "type": "text"
    },
    {
        "id": 15,
        "location": {
            "right": 324,
            "left": 43,
            "top": 790,
            "bottom": 813
        },
        "content": "START A BUSINESS",
        "isClick": false,
        "type": "text"
    },
    {
        "id": 16,
        "location": {
            "right": 1039,
            "left": 993,
            "top": 778,
            "bottom": 825
        },
        "content": "O",
        "isClick": false,
        "type": "text"
    },
    {
        "id": 17,
        "location": {
            "right": 150,
            "left": 43,
            "top": 1176,
            "bottom": 1199
        },
        "content": "VIDEOS",
        "isClick": false,
        "type": "text"
    },
    {
        "id": 18,
        "location": {
            "right": 1039,
            "left": 993,
            "top": 1164,
            "bottom": 1210
        },
        "content": "CO",
        "isClick": false,
        "type": "text"
    },
    {
        "id": 19,
        "location": {
            "right": 124,
            "left": 42,
            "top": 1562,
            "bottom": 1585
        },
        "content": "SHOP",
        "isClick": false,
        "type": "text"
    }
]