[
    {
        "id": 0,
        "location": {
            "right": 1030,
            "left": 999,
            "top": 50,
            "bottom": 81
        },
        "content": "\u0425",
        "isClick": true,
        "type": "text"
    },
    {
        "id": 1,
        "location": {
            "right": 337,
            "left": 193,
            "top": 357,
            "bottom": 393
        },
        "content": "NISSAN",
        "isClick": false,
        "type": "text"
    },
    {
        "id": 2,
        "location": {
            "right": 327,
            "left": 205,
            "top": 468,
            "bottom": 489
        },
        "content": "Innovation",
        "isClick": false,
        "type": "text"
    },
    {
        "id": 3,
        "location": {
            "right": 334,
            "left": 203,
            "top": 486,
            "bottom": 502
        },
        "content": "that excites",
        "isClick": false,
        "type": "text"
    },
    {
        "id": 4,
        "location": {
            "right": 423,
            "left": 223,
            "top": 591,
            "bottom": 667
        },
        "content": "THE",
        "isClick": false,
        "type": "text"
    },
    {
        "id": 5,
        "location": {
            "right": 611,
            "left": 463,
            "top": 591,
            "bottom": 669
        },
        "content": "NO",
        "isClick": false,
        "type": "text"
    },
    {
        "id": 6,
        "location": {
            "right": 855,
            "left": 644,
            "top": 591,
            "bottom": 676
        },
        "content": "GAS",
        "isClick": false,
        "type": "text"
    },
    {
        "id": 7,
        "location": {
            "right": 870,
            "left": 857,
            "top": 654,
            "bottom": 677
        },
        "content": ",",
        "isClick": false,
        "type": "text"
    },
    {
        "id": 8,
        "location": {
            "right": 434,
            "left": 224,
            "top": 694,
            "bottom": 756
        },
        "content": "100 %",
        "isClick": false,
        "type": "text"
    },
    {
        "id": 9,
        "location": {
            "right": 850,
            "left": 468,
            "top": 694,
            "bottom": 756
        },
        "content": "ELECTRIC",
        "isClick": false,
        "type": "text"
    },
    {
        "id": 10,
        "location": {
            "right": 575,
            "left": 224,
            "top": 784,
            "bottom": 855
        },
        "content": "NISSAN",
        "isClick": false,
        "type": "text"
    },
    {
        "id": 11,
        "location": {
            "right": 843,
            "left": 610,
            "top": 786,
            "bottom": 855
        },
        "content": "LEAF",
        "isClick": false,
        "type": "text"
    },
    {
        "id": 12,
        "location": {
            "right": 247,
            "left": 152,
            "top": 1389,
            "bottom": 1420
        },
        "content": "Take",
        "isClick": false,
        "type": "text"
    },
    {
        "id": 13,
        "location": {
            "right": 319,
            "left": 262,
            "top": 1390,
            "bottom": 1420
        },
        "content": "On",
        "isClick": false,
        "type": "text"
    },
    {
        "id": 14,
        "location": {
            "right": 398,
            "left": 334,
            "top": 1395,
            "bottom": 1420
        },
        "content": "car",
        "isClick": false,
        "type": "text"
    },
    {
        "id": 15,
        "location": {
            "right": 571,
            "left": 413,
            "top": 1389,
            "bottom": 1420
        },
        "content": "hassles .",
        "isClick": false,
        "type": "text"
    },
    {
        "id": 16,
        "location": {
            "right": 881,
            "left": 708,
            "top": 1414,
            "bottom": 1438
        },
        "content": "VISIT LEAF",
        "isClick": false,
        "type": "text"
    },
    {
        "id": 17,
        "location": {
            "right": 912,
            "left": 899,
            "top": 1414,
            "bottom": 1438
        },
        "content": ">",
        "isClick": false,
        "type": "text"
    },
    {
        "id": 18,
        "location": {
            "right": 416,
            "left": 192,
            "top": 1443,
            "bottom": 1474
        },
        "content": "Replay | Product",
        "isClick": false,
        "type": "text"
    },
    {
        "id": 19,
        "location": {
            "right": 518,
            "left": 426,
            "top": 1443,
            "bottom": 1468
        },
        "content": "Details",
        "isClick": false,
        "type": "text"
    }
]