[
    {
        "id": 0,
        "location": {
            "right": 1080,
            "left": 1045,
            "top": 4,
            "bottom": 41
        },
        "content": "\u0394\u0399",
        "isClick": false,
        "type": "text"
    },
    {
        "id": 1,
        "location": {
            "right": 57,
            "left": 26,
            "top": 26,
            "bottom": 57
        },
        "content": "\u0425",
        "isClick": true,
        "type": "text"
    },
    {
        "id": 2,
        "location": {
            "right": 731,
            "left": 360,
            "top": 511,
            "bottom": 596
        },
        "content": "SPACE",
        "isClick": false,
        "type": "text"
    },
    {
        "id": 3,
        "location": {
            "right": 434,
            "left": 199,
            "top": 622,
            "bottom": 704
        },
        "content": "YOU",
        "isClick": false,
        "type": "text"
    },
    {
        "id": 4,
        "location": {
            "right": 886,
            "left": 485,
            "top": 622,
            "bottom": 705
        },
        "content": "DREAM",
        "isClick": false,
        "type": "text"
    },
    {
        "id": 5,
        "location": {
            "right": 256,
            "left": 214,
            "top": 1834,
            "bottom": 1882
        },
        "content": "A",
        "isClick": false,
        "type": "text"
    }
]