[
    {
        "location": {
            "left": 154,
            "top": 11,
            "bottom": 25,
            "right": 192
        },
        "type": "text",
        "id": 0,
        "isClick": false,
        "content": "FAK"
    },
    {
        "location": {
            "left": 40,
            "top": 15,
            "bottom": 49,
            "right": 52
        },
        "type": "text",
        "id": 1,
        "isClick": false,
        "content": "O"
    },
    {
        "location": {
            "left": 105,
            "top": 12,
            "bottom": 51,
            "right": 117
        },
        "type": "text",
        "id": 2,
        "isClick": false,
        "content": "&"
    },
    {
        "location": {
            "left": 922,
            "top": 12,
            "bottom": 49,
            "right": 945
        },
        "type": "text",
        "id": 3,
        "isClick": false,
        "content": "$"
    },
    {
        "location": {
            "left": 968,
            "top": 17,
            "bottom": 48,
            "right": 1057
        },
        "type": "text",
        "id": 4,
        "isClick": false,
        "content": "11:14"
    },
    {
        "location": {
            "left": 17,
            "top": 107,
            "bottom": 146,
            "right": 30
        },
        "type": "text",
        "id": 5,
        "isClick": false,
        "content": "("
    },
    {
        "location": {
            "left": 46,
            "top": 105,
            "bottom": 147,
            "right": 347
        },
        "type": "text",
        "id": 6,
        "isClick": false,
        "content": "Authentication"
    },
    {
        "location": {
            "left": 365,
            "top": 109,
            "bottom": 146,
            "right": 391
        },
        "type": "text",
        "id": 7,
        "isClick": false,
        "content": "&"
    },
    {
        "location": {
            "left": 406,
            "top": 107,
            "bottom": 155,
            "right": 571
        },
        "type": "text",
        "id": 8,
        "isClick": false,
        "content": "Security"
    },
    {
        "location": {
            "left": 966,
            "top": 113,
            "bottom": 140,
            "right": 1045
        },
        "type": "text",
        "id": 9,
        "isClick": false,
        "content": "DONE"
    },
    {
        "location": {
            "left": 41,
            "top": 286,
            "bottom": 318,
            "right": 621
        },
        "type": "text",
        "id": 10,
        "isClick": false,
        "content": "What is multi - factor authentication ?"
    },
    {
        "location": {
            "left": 1004,
            "top": 283,
            "bottom": 312,
            "right": 1022
        },
        "type": "text",
        "id": 11,
        "isClick": false,
        "content": ">"
    },
    {
        "location": {
            "left": 41,
            "top": 511,
            "bottom": 545,
            "right": 187
        },
        "type": "text",
        "id": 12,
        "isClick": false,
        "content": "What is a"
    },
    {
        "location": {
            "left": 202,
            "top": 511,
            "bottom": 544,
            "right": 554
        },
        "type": "text",
        "id": 13,
        "isClick": false,
        "content": "mobile authenticator ?"
    },
    {
        "location": {
            "left": 43,
            "top": 711,
            "bottom": 744,
            "right": 250
        },
        "type": "text",
        "id": 14,
        "isClick": false,
        "content": "How does an"
    },
    {
        "location": {
            "left": 265,
            "top": 711,
            "bottom": 745,
            "right": 664
        },
        "type": "text",
        "id": 15,
        "isClick": false,
        "content": "authenticator work when"
    },
    {
        "location": {
            "left": 679,
            "top": 711,
            "bottom": 748,
            "right": 793
        },
        "type": "text",
        "id": 16,
        "isClick": false,
        "content": "logging"
    },
    {
        "location": {
            "left": 808,
            "top": 713,
            "bottom": 744,
            "right": 865
        },
        "type": "text",
        "id": 17,
        "isClick": false,
        "content": "into"
    },
    {
        "location": {
            "left": 41,
            "top": 754,
            "bottom": 785,
            "right": 349
        },
        "type": "text",
        "id": 18,
        "isClick": false,
        "content": "Woodforest Mobile"
    },
    {
        "location": {
            "left": 363,
            "top": 753,
            "bottom": 792,
            "right": 507
        },
        "type": "text",
        "id": 19,
        "isClick": false,
        "content": "Banking ?"
    },
    {
        "location": {
            "left": 1003,
            "top": 732,
            "bottom": 761,
            "right": 1023
        },
        "type": "text",
        "id": 20,
        "isClick": false,
        "content": ">"
    },
    {
        "location": {
            "left": 43,
            "top": 936,
            "bottom": 968,
            "right": 269
        },
        "type": "text",
        "id": 21,
        "isClick": false,
        "content": "How often will"
    },
    {
        "location": {
            "left": 285,
            "top": 937,
            "bottom": 965,
            "right": 288
        },
        "type": "text",
        "id": 22,
        "isClick": false,
        "content": "I"
    },
    {
        "location": {
            "left": 303,
            "top": 936,
            "bottom": 975,
            "right": 928
        },
        "type": "text",
        "id": 23,
        "isClick": false,
        "content": "be prompted to enter my authenticator"
    },
    {
        "location": {
            "left": 41,
            "top": 978,
            "bottom": 1009,
            "right": 214
        },
        "type": "text",
        "id": 24,
        "isClick": false,
        "content": "code when"
    },
    {
        "location": {
            "left": 229,
            "top": 978,
            "bottom": 1016,
            "right": 343
        },
        "type": "text",
        "id": 25,
        "isClick": false,
        "content": "logging"
    },
    {
        "location": {
            "left": 358,
            "top": 976,
            "bottom": 1016,
            "right": 894
        },
        "type": "text",
        "id": 26,
        "isClick": false,
        "content": "into Woodforest Mobile Banking ?"
    },
    {
        "location": {
            "left": 1004,
            "top": 956,
            "bottom": 985,
            "right": 1022
        },
        "type": "text",
        "id": 27,
        "isClick": true,
        "content": ">"
    },
    {
        "location": {
            "left": 43,
            "top": 1160,
            "bottom": 1190,
            "right": 163
        },
        "type": "text",
        "id": 28,
        "isClick": false,
        "content": "How do"
    },
    {
        "location": {
            "left": 178,
            "top": 1160,
            "bottom": 1190,
            "right": 834
        },
        "type": "text",
        "id": 29,
        "isClick": false,
        "content": "I enable an authenticator for Woodforest"
    },
    {
        "location": {
            "left": 42,
            "top": 1202,
            "bottom": 1236,
            "right": 289
        },
        "type": "text",
        "id": 30,
        "isClick": false,
        "content": "Mobile Banking"
    },
    {
        "location": {
            "left": 294,
            "top": 1204,
            "bottom": 1232,
            "right": 307
        },
        "type": "text",
        "id": 31,
        "isClick": false,
        "content": "?"
    },
    {
        "location": {
            "left": 42,
            "top": 1410,
            "bottom": 1441,
            "right": 101
        },
        "type": "text",
        "id": 32,
        "isClick": false,
        "content": "Can"
    },
    {
        "location": {
            "left": 116,
            "top": 1410,
            "bottom": 1438,
            "right": 119
        },
        "type": "text",
        "id": 33,
        "isClick": false,
        "content": "I"
    },
    {
        "location": {
            "left": 134,
            "top": 1408,
            "bottom": 1440,
            "right": 515
        },
        "type": "text",
        "id": 34,
        "isClick": false,
        "content": "use an authenticator on"
    },
    {
        "location": {
            "left": 530,
            "top": 1408,
            "bottom": 1445,
            "right": 808
        },
        "type": "text",
        "id": 35,
        "isClick": false,
        "content": "multiple devices ?"
    },
    {
        "location": {
            "left": 1005,
            "top": 1404,
            "bottom": 1437,
            "right": 1023
        },
        "type": "text",
        "id": 36,
        "isClick": false,
        "content": ">"
    },
    {
        "location": {
            "left": 41,
            "top": 1608,
            "bottom": 1639,
            "right": 170
        },
        "type": "text",
        "id": 37,
        "isClick": false,
        "content": "What if I"
    },
    {
        "location": {
            "left": 185,
            "top": 1608,
            "bottom": 1646,
            "right": 852
        },
        "type": "text",
        "id": 38,
        "isClick": false,
        "content": "have multiple Woodforest Online Banking"
    },
    {
        "location": {
            "left": 42,
            "top": 1649,
            "bottom": 1688,
            "right": 329
        },
        "type": "text",
        "id": 39,
        "isClick": false,
        "content": "user profiles ? Can"
    },
    {
        "location": {
            "left": 344,
            "top": 1653,
            "bottom": 1681,
            "right": 347
        },
        "type": "text",
        "id": 40,
        "isClick": false,
        "content": "I"
    },
    {
        "location": {
            "left": 362,
            "top": 1650,
            "bottom": 1681,
            "right": 822
        },
        "type": "text",
        "id": 41,
        "isClick": false,
        "content": "use the same authenticator ?"
    },
    {
        "location": {
            "left": 1004,
            "top": 1629,
            "bottom": 1660,
            "right": 1022
        },
        "type": "text",
        "id": 42,
        "isClick": false,
        "content": ">"
    }
]