[
    {
        "location": {
            "left": 154,
            "top": 11,
            "bottom": 26,
            "right": 191
        },
        "type": "text",
        "id": 0,
        "isClick": false,
        "content": "FAK"
    },
    {
        "location": {
            "left": 32,
            "top": 15,
            "bottom": 49,
            "right": 61
        },
        "type": "text",
        "id": 1,
        "isClick": false,
        "content": "0"
    },
    {
        "location": {
            "left": 758,
            "top": 13,
            "bottom": 48,
            "right": 783
        },
        "type": "text",
        "id": 2,
        "isClick": false,
        "content": "4"
    },
    {
        "location": {
            "left": 922,
            "top": 12,
            "bottom": 49,
            "right": 945
        },
        "type": "text",
        "id": 3,
        "isClick": false,
        "content": "$"
    },
    {
        "location": {
            "left": 968,
            "top": 18,
            "bottom": 48,
            "right": 1056
        },
        "type": "text",
        "id": 4,
        "isClick": false,
        "content": "11:15"
    },
    {
        "location": {
            "left": 47,
            "top": 108,
            "bottom": 150,
            "right": 125
        },
        "type": "text",
        "id": 5,
        "isClick": false,
        "content": "FAQ"
    },
    {
        "location": {
            "left": 966,
            "top": 113,
            "bottom": 140,
            "right": 1045
        },
        "type": "text",
        "id": 6,
        "isClick": true,
        "content": "DONE"
    },
    {
        "location": {
            "left": 47,
            "top": 287,
            "bottom": 318,
            "right": 166
        },
        "type": "text",
        "id": 7,
        "isClick": false,
        "content": "General"
    },
    {
        "location": {
            "left": 183,
            "top": 284,
            "bottom": 318,
            "right": 367
        },
        "type": "text",
        "id": 8,
        "isClick": false,
        "content": "Information"
    },
    {
        "location": {
            "left": 994,
            "top": 285,
            "bottom": 314,
            "right": 1012
        },
        "type": "text",
        "id": 9,
        "isClick": false,
        "content": ">"
    },
    {
        "location": {
            "left": 46,
            "top": 511,
            "bottom": 545,
            "right": 281
        },
        "type": "text",
        "id": 10,
        "isClick": false,
        "content": "Authentication"
    },
    {
        "location": {
            "left": 294,
            "top": 513,
            "bottom": 548,
            "right": 455
        },
        "type": "text",
        "id": 11,
        "isClick": false,
        "content": "& Security"
    },
    {
        "location": {
            "left": 48,
            "top": 737,
            "bottom": 771,
            "right": 186
        },
        "type": "text",
        "id": 12,
        "isClick": false,
        "content": "Deposits"
    },
    {
        "location": {
            "left": 48,
            "top": 961,
            "bottom": 993,
            "right": 207
        },
        "type": "text",
        "id": 13,
        "isClick": false,
        "content": "Payments"
    },
    {
        "location": {
            "left": 994,
            "top": 957,
            "bottom": 988,
            "right": 1013
        },
        "type": "text",
        "id": 14,
        "isClick": false,
        "content": ">"
    },
    {
        "location": {
            "left": 48,
            "top": 1185,
            "bottom": 1214,
            "right": 120
        },
        "type": "text",
        "id": 15,
        "isClick": false,
        "content": "FDIC"
    },
    {
        "location": {
            "left": 135,
            "top": 1185,
            "bottom": 1214,
            "right": 222
        },
        "type": "text",
        "id": 16,
        "isClick": false,
        "content": "News"
    },
    {
        "location": {
            "left": 996,
            "top": 1182,
            "bottom": 1211,
            "right": 1013
        },
        "type": "text",
        "id": 17,
        "isClick": false,
        "content": ">"
    }
]