[
    {
        "location": {
            "left": 154,
            "top": 12,
            "bottom": 24,
            "right": 176
        },
        "type": "text",
        "id": 0,
        "isClick": false,
        "content": "FAK"
    },
    {
        "location": {
            "left": 32,
            "top": 12,
            "bottom": 51,
            "right": 121
        },
        "type": "text",
        "id": 1,
        "isClick": false,
        "content": "08"
    },
    {
        "location": {
            "left": 922,
            "top": 11,
            "bottom": 48,
            "right": 945
        },
        "type": "text",
        "id": 2,
        "isClick": false,
        "content": "$"
    },
    {
        "location": {
            "left": 968,
            "top": 18,
            "bottom": 48,
            "right": 1056
        },
        "type": "text",
        "id": 3,
        "isClick": false,
        "content": "11:16"
    },
    {
        "location": {
            "left": 914,
            "top": 341,
            "bottom": 360,
            "right": 927
        },
        "type": "text",
        "id": 4,
        "isClick": false,
        "content": "$"
    },
    {
        "location": {
            "left": 921,
            "top": 316,
            "bottom": 355,
            "right": 972
        },
        "type": "text",
        "id": 5,
        "isClick": false,
        "content": "128.51"
    },
    {
        "location": {
            "left": 733,
            "top": 350,
            "bottom": 410,
            "right": 800
        },
        "type": "text",
        "id": 6,
        "isClick": false,
        "content": "Activity"
    },
    {
        "location": {
            "left": 786,
            "top": 350,
            "bottom": 369,
            "right": 810
        },
        "type": "text",
        "id": 7,
        "isClick": false,
        "content": "("
    },
    {
        "location": {
            "left": 794,
            "top": 338,
            "bottom": 364,
            "right": 817
        },
        "type": "text",
        "id": 8,
        "isClick": false,
        "content": "x"
    },
    {
        "location": {
            "left": 806,
            "top": 331,
            "bottom": 355,
            "right": 829
        },
        "type": "text",
        "id": 9,
        "isClick": false,
        "content": "-"
    },
    {
        "location": {
            "left": 811,
            "top": 309,
            "bottom": 354,
            "right": 864
        },
        "type": "text",
        "id": 10,
        "isClick": false,
        "content": "0000"
    },
    {
        "location": {
            "left": 849,
            "top": 309,
            "bottom": 330,
            "right": 866
        },
        "type": "text",
        "id": 11,
        "isClick": false,
        "content": ")"
    },
    {
        "location": {
            "left": 761,
            "top": 400,
            "bottom": 452,
            "right": 832
        },
        "type": "text",
        "id": 12,
        "isClick": false,
        "content": "Balance"
    },
    {
        "location": {
            "left": 394,
            "top": 431,
            "bottom": 492,
            "right": 847
        },
        "type": "text",
        "id": 13,
        "isClick": false,
        "content": "WOODFOREST"
    },
    {
        "location": {
            "left": 839,
            "top": 460,
            "bottom": 486,
            "right": 866
        },
        "type": "text",
        "id": 14,
        "isClick": false,
        "content": "ng"
    },
    {
        "location": {
            "left": 861,
            "top": 435,
            "bottom": 473,
            "right": 912
        },
        "type": "text",
        "id": 15,
        "isClick": false,
        "content": "Account"
    },
    {
        "location": {
            "left": 385,
            "top": 500,
            "bottom": 529,
            "right": 675
        },
        "type": "text",
        "id": 16,
        "isClick": false,
        "content": "NATIONAL"
    },
    {
        "location": {
            "left": 720,
            "top": 500,
            "bottom": 527,
            "right": 727
        },
        "type": "text",
        "id": 17,
        "isClick": false,
        "content": "\u0392"
    },
    {
        "location": {
            "left": 755,
            "top": 499,
            "bottom": 527,
            "right": 762
        },
        "type": "text",
        "id": 18,
        "isClick": false,
        "content": "\u0391"
    },
    {
        "location": {
            "left": 796,
            "top": 499,
            "bottom": 527,
            "right": 803
        },
        "type": "text",
        "id": 19,
        "isClick": false,
        "content": "\u039d"
    },
    {
        "location": {
            "left": 833,
            "top": 500,
            "bottom": 526,
            "right": 840
        },
        "type": "text",
        "id": 20,
        "isClick": false,
        "content": "\u039a"
    },
    {
        "location": {
            "left": 822,
            "top": 622,
            "bottom": 681,
            "right": 902
        },
        "type": "text",
        "id": 21,
        "isClick": false,
        "content": "TRANSACTION"
    },
    {
        "location": {
            "left": 86,
            "top": 885,
            "bottom": 920,
            "right": 295
        },
        "type": "text",
        "id": 22,
        "isClick": false,
        "content": "Username"
    },
    {
        "location": {
            "left": 88,
            "top": 1031,
            "bottom": 1069,
            "right": 287
        },
        "type": "text",
        "id": 23,
        "isClick": false,
        "content": "Password"
    },
    {
        "location": {
            "left": 487,
            "top": 1138,
            "bottom": 1169,
            "right": 740
        },
        "type": "text",
        "id": 24,
        "isClick": false,
        "content": "Save Username"
    },
    {
        "location": {
            "left": 795,
            "top": 1142,
            "bottom": 1169,
            "right": 857
        },
        "type": "text",
        "id": 25,
        "isClick": false,
        "content": "OFF"
    },
    {
        "location": {
            "left": 492,
            "top": 1378,
            "bottom": 1413,
            "right": 587
        },
        "type": "text",
        "id": 26,
        "isClick": false,
        "content": "Log In"
    },
    {
        "location": {
            "left": 210,
            "top": 1601,
            "bottom": 1637,
            "right": 433
        },
        "type": "text",
        "id": 27,
        "isClick": false,
        "content": "Privacy Policy"
    },
    {
        "location": {
            "left": 462,
            "top": 1602,
            "bottom": 1635,
            "right": 465
        },
        "type": "text",
        "id": 28,
        "isClick": false,
        "content": "|"
    },
    {
        "location": {
            "left": 496,
            "top": 1601,
            "bottom": 1635,
            "right": 557
        },
        "type": "text",
        "id": 29,
        "isClick": false,
        "content": "FAQ"
    },
    {
        "location": {
            "left": 588,
            "top": 1602,
            "bottom": 1635,
            "right": 591
        },
        "type": "text",
        "id": 30,
        "isClick": false,
        "content": "|"
    },
    {
        "location": {
            "left": 620,
            "top": 1601,
            "bottom": 1637,
            "right": 867
        },
        "type": "text",
        "id": 31,
        "isClick": true,
        "content": "About This App"
    },
    {
        "location": {
            "left": 340,
            "top": 1662,
            "bottom": 1689,
            "right": 739
        },
        "type": "text",
        "id": 32,
        "isClick": true,
        "content": "\u00a9 2017 Woodforest National Bank"
    },
    {
        "location": {
            "left": 320,
            "top": 1713,
            "bottom": 1737,
            "right": 476
        },
        "type": "text",
        "id": 33,
        "isClick": false,
        "content": "Member FDIC"
    },
    {
        "location": {
            "left": 504,
            "top": 1713,
            "bottom": 1741,
            "right": 759
        },
        "type": "text",
        "id": 34,
        "isClick": false,
        "content": "Equal Housing Lender"
    }
]