[
    {
        "location": {
            "left": 156,
            "top": 10,
            "bottom": 50,
            "right": 190
        },
        "type": "text",
        "id": 0,
        "isClick": false,
        "content": "f"
    },
    {
        "location": {
            "left": 219,
            "top": 14,
            "bottom": 51,
            "right": 253
        },
        "type": "text",
        "id": 1,
        "isClick": false,
        "content": "f"
    },
    {
        "location": {
            "left": 282,
            "top": 11,
            "bottom": 51,
            "right": 315
        },
        "type": "text",
        "id": 2,
        "isClick": false,
        "content": "f"
    },
    {
        "location": {
            "left": 340,
            "top": 9,
            "bottom": 52,
            "right": 441
        },
        "type": "text",
        "id": 3,
        "isClick": false,
        "content": "Of"
    },
    {
        "location": {
            "left": 423,
            "top": 14,
            "bottom": 50,
            "right": 435
        },
        "type": "text",
        "id": 4,
        "isClick": false,
        "content": "f"
    },
    {
        "location": {
            "left": 465,
            "top": 11,
            "bottom": 54,
            "right": 477
        },
        "type": "text",
        "id": 5,
        "isClick": false,
        "content": "\""
    },
    {
        "location": {
            "left": 544,
            "top": 15,
            "bottom": 49,
            "right": 556
        },
        "type": "text",
        "id": 6,
        "isClick": false,
        "content": "O"
    },
    {
        "location": {
            "left": 607,
            "top": 12,
            "bottom": 50,
            "right": 619
        },
        "type": "text",
        "id": 7,
        "isClick": false,
        "content": "&"
    },
    {
        "location": {
            "left": 776,
            "top": 14,
            "bottom": 49,
            "right": 803
        },
        "type": "text",
        "id": 8,
        "isClick": false,
        "content": "4"
    },
    {
        "location": {
            "left": 942,
            "top": 16,
            "bottom": 47,
            "right": 965
        },
        "type": "text",
        "id": 9,
        "isClick": false,
        "content": "5"
    },
    {
        "location": {
            "left": 988,
            "top": 17,
            "bottom": 47,
            "right": 1055
        },
        "type": "text",
        "id": 10,
        "isClick": false,
        "content": "5:20"
    },
    {
        "location": {
            "left": 885,
            "top": 113,
            "bottom": 150,
            "right": 898
        },
        "type": "text",
        "id": 11,
        "isClick": false,
        "content": "Q"
    },
    {
        "location": {
            "left": 976,
            "top": 111,
            "bottom": 159,
            "right": 1057
        },
        "type": "text",
        "id": 12,
        "isClick": false,
        "content": "GO PRO"
    },
    {
        "location": {
            "left": 45,
            "top": 415,
            "bottom": 488,
            "right": 301
        },
        "type": "text",
        "id": 13,
        "isClick": false,
        "content": "GymApp"
    },
    {
        "location": {
            "left": 1008,
            "top": 438,
            "bottom": 456,
            "right": 1038
        },
        "type": "text",
        "id": 14,
        "isClick": false,
        "content": "<"
    },
    {
        "location": {
            "left": 179,
            "top": 585,
            "bottom": 624,
            "right": 329
        },
        "type": "text",
        "id": 15,
        "isClick": false,
        "content": "Training"
    },
    {
        "location": {
            "left": 343,
            "top": 593,
            "bottom": 627,
            "right": 521
        },
        "type": "text",
        "id": 16,
        "isClick": false,
        "content": "programs"
    },
    {
        "location": {
            "left": 181,
            "top": 727,
            "bottom": 761,
            "right": 355
        },
        "type": "text",
        "id": 17,
        "isClick": false,
        "content": "Exercises"
    },
    {
        "location": {
            "left": 180,
            "top": 865,
            "bottom": 900,
            "right": 345
        },
        "type": "text",
        "id": 18,
        "isClick": true,
        "content": "Calendar"
    },
    {
        "location": {
            "left": 54,
            "top": 999,
            "bottom": 1051,
            "right": 103
        },
        "type": "text",
        "id": 19,
        "isClick": false,
        "content": "li"
    },
    {
        "location": {
            "left": 181,
            "top": 1009,
            "bottom": 1051,
            "right": 288
        },
        "type": "text",
        "id": 20,
        "isClick": false,
        "content": "Graph"
    },
    {
        "location": {
            "left": 734,
            "top": 1023,
            "bottom": 1063,
            "right": 764
        },
        "type": "text",
        "id": 21,
        "isClick": false,
        "content": "ng"
    },
    {
        "location": {
            "left": 776,
            "top": 1027,
            "bottom": 1057,
            "right": 913
        },
        "type": "text",
        "id": 22,
        "isClick": false,
        "content": "Workout"
    },
    {
        "location": {
            "left": 176,
            "top": 1150,
            "bottom": 1187,
            "right": 557
        },
        "type": "text",
        "id": 23,
        "isClick": false,
        "content": "Body measurements"
    },
    {
        "location": {
            "left": 182,
            "top": 1289,
            "bottom": 1324,
            "right": 341
        },
        "type": "text",
        "id": 24,
        "isClick": false,
        "content": "Nutrition"
    },
    {
        "location": {
            "left": 738,
            "top": 1329,
            "bottom": 1349,
            "right": 761
        },
        "type": "text",
        "id": 25,
        "isClick": false,
        "content": "rs"
    },
    {
        "location": {
            "left": 180,
            "top": 1434,
            "bottom": 1473,
            "right": 331
        },
        "type": "text",
        "id": 26,
        "isClick": false,
        "content": "Settings"
    },
    {
        "location": {
            "left": 734,
            "top": 1467,
            "bottom": 1508,
            "right": 781
        },
        "type": "text",
        "id": 27,
        "isClick": false,
        "content": "ng"
    },
    {
        "location": {
            "left": 792,
            "top": 1468,
            "bottom": 1505,
            "right": 919
        },
        "type": "text",
        "id": 28,
        "isClick": false,
        "content": "Muscle"
    },
    {
        "location": {
            "left": 960,
            "top": 1544,
            "bottom": 1545,
            "right": 961
        },
        "type": "text",
        "id": 29,
        "isClick": false,
        "content": "+"
    },
    {
        "location": {
            "left": 737,
            "top": 1593,
            "bottom": 1624,
            "right": 822
        },
        "type": "text",
        "id": 30,
        "isClick": false,
        "content": "uscle"
    },
    {
        "location": {
            "left": 834,
            "top": 1593,
            "bottom": 1625,
            "right": 901
        },
        "type": "text",
        "id": 31,
        "isClick": false,
        "content": "Size"
    },
    {
        "location": {
            "left": 905,
            "top": 1592,
            "bottom": 1625,
            "right": 978
        },
        "type": "text",
        "id": 32,
        "isClick": false,
        "content": "A."
    },
    {
        "location": {
            "left": 736,
            "top": 1696,
            "bottom": 1716,
            "right": 779
        },
        "type": "text",
        "id": 33,
        "isClick": false,
        "content": "ere"
    },
    {
        "location": {
            "left": 783,
            "top": 1712,
            "bottom": 1717,
            "right": 789
        },
        "type": "text",
        "id": 34,
        "isClick": false,
        "content": "."
    },
    {
        "location": {
            "left": 852,
            "top": 1699,
            "bottom": 1760,
            "right": 885
        },
        "type": "text",
        "id": 35,
        "isClick": false,
        "content": ">"
    }
]