[
    {
        "location": {
            "left": 468,
            "top": 10,
            "bottom": 25,
            "right": 506
        },
        "type": "text",
        "id": 0,
        "isClick": false,
        "content": "FAK"
    },
    {
        "location": {
            "left": 40,
            "top": 14,
            "bottom": 50,
            "right": 64
        },
        "type": "text",
        "id": 1,
        "isClick": false,
        "content": "..."
    },
    {
        "location": {
            "left": 91,
            "top": 10,
            "bottom": 53,
            "right": 318
        },
        "type": "text",
        "id": 2,
        "isClick": false,
        "content": "ffff"
    },
    {
        "location": {
            "left": 408,
            "top": 12,
            "bottom": 49,
            "right": 441
        },
        "type": "text",
        "id": 3,
        "isClick": false,
        "content": "f"
    },
    {
        "location": {
            "left": 942,
            "top": 16,
            "bottom": 48,
            "right": 965
        },
        "type": "text",
        "id": 4,
        "isClick": false,
        "content": "5"
    },
    {
        "location": {
            "left": 988,
            "top": 17,
            "bottom": 48,
            "right": 1050
        },
        "type": "text",
        "id": 5,
        "isClick": false,
        "content": "5:21"
    },
    {
        "location": {
            "left": 49,
            "top": 117,
            "bottom": 152,
            "right": 96
        },
        "type": "text",
        "id": 6,
        "isClick": true,
        "content": "="
    },
    {
        "location": {
            "left": 192,
            "top": 115,
            "bottom": 157,
            "right": 399
        },
        "type": "text",
        "id": 7,
        "isClick": false,
        "content": "Calendar"
    },
    {
        "location": {
            "left": 394,
            "top": 268,
            "bottom": 313,
            "right": 564
        },
        "type": "text",
        "id": 8,
        "isClick": false,
        "content": "January"
    },
    {
        "location": {
            "left": 579,
            "top": 268,
            "bottom": 305,
            "right": 683
        },
        "type": "text",
        "id": 9,
        "isClick": false,
        "content": "2017"
    },
    {
        "location": {
            "left": 362,
            "top": 339,
            "bottom": 369,
            "right": 420
        },
        "type": "text",
        "id": 10,
        "isClick": false,
        "content": "Tue"
    },
    {
        "location": {
            "left": 503,
            "top": 337,
            "bottom": 369,
            "right": 570
        },
        "type": "text",
        "id": 11,
        "isClick": false,
        "content": "Wed"
    },
    {
        "location": {
            "left": 654,
            "top": 337,
            "bottom": 368,
            "right": 712
        },
        "type": "text",
        "id": 12,
        "isClick": false,
        "content": "Thu"
    },
    {
        "location": {
            "left": 70,
            "top": 338,
            "bottom": 368,
            "right": 127
        },
        "type": "text",
        "id": 13,
        "isClick": false,
        "content": "Sun"
    },
    {
        "location": {
            "left": 211,
            "top": 339,
            "bottom": 367,
            "right": 279
        },
        "type": "text",
        "id": 14,
        "isClick": false,
        "content": "Mon"
    },
    {
        "location": {
            "left": 813,
            "top": 338,
            "bottom": 367,
            "right": 848
        },
        "type": "text",
        "id": 15,
        "isClick": false,
        "content": "Fri"
    },
    {
        "location": {
            "left": 951,
            "top": 338,
            "bottom": 368,
            "right": 1002
        },
        "type": "text",
        "id": 16,
        "isClick": false,
        "content": "Sat"
    },
    {
        "location": {
            "left": 88,
            "top": 444,
            "bottom": 478,
            "right": 103
        },
        "type": "text",
        "id": 17,
        "isClick": false,
        "content": "1 1"
    },
    {
        "location": {
            "left": 232,
            "top": 443,
            "bottom": 479,
            "right": 256
        },
        "type": "text",
        "id": 18,
        "isClick": false,
        "content": "2"
    },
    {
        "location": {
            "left": 232,
            "top": 443,
            "bottom": 479,
            "right": 256
        },
        "type": "text",
        "id": 19,
        "isClick": false,
        "content": "."
    },
    {
        "location": {
            "left": 379,
            "top": 443,
            "bottom": 474,
            "right": 402
        },
        "type": "text",
        "id": 20,
        "isClick": false,
        "content": "3"
    },
    {
        "location": {
            "left": 525,
            "top": 444,
            "bottom": 474,
            "right": 548
        },
        "type": "text",
        "id": 21,
        "isClick": false,
        "content": "4"
    },
    {
        "location": {
            "left": 672,
            "top": 444,
            "bottom": 480,
            "right": 694
        },
        "type": "text",
        "id": 22,
        "isClick": false,
        "content": "5"
    },
    {
        "location": {
            "left": 818,
            "top": 441,
            "bottom": 475,
            "right": 841
        },
        "type": "text",
        "id": 23,
        "isClick": false,
        "content": "6"
    },
    {
        "location": {
            "left": 964,
            "top": 444,
            "bottom": 475,
            "right": 987
        },
        "type": "text",
        "id": 24,
        "isClick": false,
        "content": "7"
    },
    {
        "location": {
            "left": 88,
            "top": 589,
            "bottom": 625,
            "right": 110
        },
        "type": "text",
        "id": 25,
        "isClick": false,
        "content": "8"
    },
    {
        "location": {
            "left": 234,
            "top": 589,
            "bottom": 621,
            "right": 255
        },
        "type": "text",
        "id": 26,
        "isClick": false,
        "content": "9"
    },
    {
        "location": {
            "left": 368,
            "top": 589,
            "bottom": 626,
            "right": 416
        },
        "type": "text",
        "id": 27,
        "isClick": false,
        "content": "10"
    },
    {
        "location": {
            "left": 515,
            "top": 589,
            "bottom": 625,
            "right": 556
        },
        "type": "text",
        "id": 28,
        "isClick": false,
        "content": "11"
    },
    {
        "location": {
            "left": 660,
            "top": 587,
            "bottom": 625,
            "right": 708
        },
        "type": "text",
        "id": 29,
        "isClick": false,
        "content": "12"
    },
    {
        "location": {
            "left": 807,
            "top": 586,
            "bottom": 626,
            "right": 854
        },
        "type": "text",
        "id": 30,
        "isClick": false,
        "content": "13"
    },
    {
        "location": {
            "left": 953,
            "top": 590,
            "bottom": 622,
            "right": 1000
        },
        "type": "text",
        "id": 31,
        "isClick": false,
        "content": "14"
    },
    {
        "location": {
            "left": 76,
            "top": 736,
            "bottom": 771,
            "right": 123
        },
        "type": "text",
        "id": 32,
        "isClick": false,
        "content": "15"
    },
    {
        "location": {
            "left": 221,
            "top": 736,
            "bottom": 772,
            "right": 270
        },
        "type": "text",
        "id": 33,
        "isClick": false,
        "content": "16"
    },
    {
        "location": {
            "left": 368,
            "top": 736,
            "bottom": 772,
            "right": 416
        },
        "type": "text",
        "id": 34,
        "isClick": false,
        "content": "17"
    },
    {
        "location": {
            "left": 515,
            "top": 736,
            "bottom": 770,
            "right": 562
        },
        "type": "text",
        "id": 35,
        "isClick": false,
        "content": "18"
    },
    {
        "location": {
            "left": 661,
            "top": 736,
            "bottom": 771,
            "right": 708
        },
        "type": "text",
        "id": 36,
        "isClick": false,
        "content": "19"
    },
    {
        "location": {
            "left": 805,
            "top": 736,
            "bottom": 772,
            "right": 855
        },
        "type": "text",
        "id": 37,
        "isClick": false,
        "content": "20"
    },
    {
        "location": {
            "left": 951,
            "top": 736,
            "bottom": 771,
            "right": 994
        },
        "type": "text",
        "id": 38,
        "isClick": false,
        "content": "21"
    },
    {
        "location": {
            "left": 73,
            "top": 881,
            "bottom": 914,
            "right": 122
        },
        "type": "text",
        "id": 39,
        "isClick": false,
        "content": "22"
    },
    {
        "location": {
            "left": 227,
            "top": 881,
            "bottom": 920,
            "right": 267
        },
        "type": "text",
        "id": 40,
        "isClick": false,
        "content": "23"
    },
    {
        "location": {
            "left": 371,
            "top": 882,
            "bottom": 920,
            "right": 418
        },
        "type": "text",
        "id": 41,
        "isClick": false,
        "content": "24"
    },
    {
        "location": {
            "left": 518,
            "top": 881,
            "bottom": 920,
            "right": 557
        },
        "type": "text",
        "id": 42,
        "isClick": false,
        "content": "25"
    },
    {
        "location": {
            "left": 657,
            "top": 882,
            "bottom": 919,
            "right": 708
        },
        "type": "text",
        "id": 43,
        "isClick": false,
        "content": "26"
    },
    {
        "location": {
            "left": 804,
            "top": 882,
            "bottom": 919,
            "right": 855
        },
        "type": "text",
        "id": 44,
        "isClick": false,
        "content": "27"
    },
    {
        "location": {
            "left": 951,
            "top": 881,
            "bottom": 918,
            "right": 1001
        },
        "type": "text",
        "id": 45,
        "isClick": false,
        "content": "28"
    },
    {
        "location": {
            "left": 72,
            "top": 1026,
            "bottom": 1063,
            "right": 122
        },
        "type": "text",
        "id": 46,
        "isClick": false,
        "content": "29"
    },
    {
        "location": {
            "left": 220,
            "top": 1025,
            "bottom": 1063,
            "right": 270
        },
        "type": "text",
        "id": 47,
        "isClick": false,
        "content": "30"
    },
    {
        "location": {
            "left": 365,
            "top": 1027,
            "bottom": 1064,
            "right": 410
        },
        "type": "text",
        "id": 48,
        "isClick": false,
        "content": "31"
    },
    {
        "location": {
            "left": 527,
            "top": 1032,
            "bottom": 1040,
            "right": 536
        },
        "type": "text",
        "id": 49,
        "isClick": false,
        "content": "1"
    },
    {
        "location": {
            "left": 687,
            "top": 1038,
            "bottom": 1064,
            "right": 696
        },
        "type": "text",
        "id": 50,
        "isClick": false,
        "content": "2 ."
    },
    {
        "location": {
            "left": 818,
            "top": 1032,
            "bottom": 1061,
            "right": 841
        },
        "type": "text",
        "id": 51,
        "isClick": false,
        "content": "3"
    },
    {
        "location": {
            "left": 967,
            "top": 1040,
            "bottom": 1057,
            "right": 988
        },
        "type": "text",
        "id": 52,
        "isClick": false,
        "content": "4"
    },
    {
        "location": {
            "left": 389,
            "top": 1174,
            "bottom": 1219,
            "right": 573
        },
        "type": "text",
        "id": 53,
        "isClick": false,
        "content": "February"
    },
    {
        "location": {
            "left": 588,
            "top": 1175,
            "bottom": 1216,
            "right": 692
        },
        "type": "text",
        "id": 54,
        "isClick": false,
        "content": "2017"
    },
    {
        "location": {
            "left": 362,
            "top": 1246,
            "bottom": 1273,
            "right": 419
        },
        "type": "text",
        "id": 55,
        "isClick": false,
        "content": "Tue"
    },
    {
        "location": {
            "left": 502,
            "top": 1245,
            "bottom": 1273,
            "right": 569
        },
        "type": "text",
        "id": 56,
        "isClick": false,
        "content": "Wed"
    },
    {
        "location": {
            "left": 653,
            "top": 1245,
            "bottom": 1272,
            "right": 711
        },
        "type": "text",
        "id": 57,
        "isClick": false,
        "content": "Thu"
    },
    {
        "location": {
            "left": 70,
            "top": 1246,
            "bottom": 1274,
            "right": 128
        },
        "type": "text",
        "id": 58,
        "isClick": false,
        "content": "Sun"
    },
    {
        "location": {
            "left": 210,
            "top": 1246,
            "bottom": 1274,
            "right": 278
        },
        "type": "text",
        "id": 59,
        "isClick": false,
        "content": "Mon"
    },
    {
        "location": {
            "left": 813,
            "top": 1246,
            "bottom": 1274,
            "right": 848
        },
        "type": "text",
        "id": 60,
        "isClick": false,
        "content": "Fri"
    },
    {
        "location": {
            "left": 950,
            "top": 1246,
            "bottom": 1274,
            "right": 1000
        },
        "type": "text",
        "id": 61,
        "isClick": false,
        "content": "Sat"
    },
    {
        "location": {
            "left": 79,
            "top": 1354,
            "bottom": 1386,
            "right": 123
        },
        "type": "text",
        "id": 62,
        "isClick": false,
        "content": "29"
    },
    {
        "location": {
            "left": 221,
            "top": 1352,
            "bottom": 1386,
            "right": 267
        },
        "type": "text",
        "id": 63,
        "isClick": false,
        "content": "30"
    },
    {
        "location": {
            "left": 366,
            "top": 1353,
            "bottom": 1385,
            "right": 408
        },
        "type": "text",
        "id": 64,
        "isClick": false,
        "content": "31"
    },
    {
        "location": {
            "left": 527,
            "top": 1351,
            "bottom": 1386,
            "right": 541
        },
        "type": "text",
        "id": 65,
        "isClick": false,
        "content": "1"
    },
    {
        "location": {
            "left": 672,
            "top": 1351,
            "bottom": 1386,
            "right": 695
        },
        "type": "text",
        "id": 66,
        "isClick": false,
        "content": "2"
    },
    {
        "location": {
            "left": 818,
            "top": 1350,
            "bottom": 1386,
            "right": 841
        },
        "type": "text",
        "id": 67,
        "isClick": false,
        "content": "3"
    },
    {
        "location": {
            "left": 963,
            "top": 1351,
            "bottom": 1385,
            "right": 989
        },
        "type": "text",
        "id": 68,
        "isClick": false,
        "content": "4"
    },
    {
        "location": {
            "left": 88,
            "top": 1497,
            "bottom": 1533,
            "right": 110
        },
        "type": "text",
        "id": 69,
        "isClick": false,
        "content": "5"
    },
    {
        "location": {
            "left": 234,
            "top": 1497,
            "bottom": 1529,
            "right": 257
        },
        "type": "text",
        "id": 70,
        "isClick": false,
        "content": "6"
    },
    {
        "location": {
            "left": 379,
            "top": 1497,
            "bottom": 1528,
            "right": 402
        },
        "type": "text",
        "id": 71,
        "isClick": false,
        "content": "7"
    },
    {
        "location": {
            "left": 526,
            "top": 1497,
            "bottom": 1531,
            "right": 549
        },
        "type": "text",
        "id": 72,
        "isClick": false,
        "content": "8"
    },
    {
        "location": {
            "left": 671,
            "top": 1497,
            "bottom": 1530,
            "right": 694
        },
        "type": "text",
        "id": 73,
        "isClick": false,
        "content": "9"
    },
    {
        "location": {
            "left": 805,
            "top": 1497,
            "bottom": 1532,
            "right": 854
        },
        "type": "text",
        "id": 74,
        "isClick": false,
        "content": "10"
    },
    {
        "location": {
            "left": 953,
            "top": 1497,
            "bottom": 1532,
            "right": 994
        },
        "type": "text",
        "id": 75,
        "isClick": false,
        "content": "11"
    },
    {
        "location": {
            "left": 214,
            "top": 1642,
            "bottom": 1664,
            "right": 268
        },
        "type": "text",
        "id": 76,
        "isClick": false,
        "content": "12"
    },
    {
        "location": {
            "left": 513,
            "top": 1643,
            "bottom": 1663,
            "right": 560
        },
        "type": "text",
        "id": 77,
        "isClick": false,
        "content": "15"
    },
    {
        "location": {
            "left": 660,
            "top": 1641,
            "bottom": 1664,
            "right": 707
        },
        "type": "text",
        "id": 78,
        "isClick": false,
        "content": "16"
    },
    {
        "location": {
            "left": 807,
            "top": 1642,
            "bottom": 1663,
            "right": 855
        },
        "type": "text",
        "id": 79,
        "isClick": false,
        "content": "17"
    },
    {
        "location": {
            "left": 685,
            "top": 1681,
            "bottom": 1709,
            "right": 879
        },
        "type": "text",
        "id": 80,
        "isClick": false,
        "content": "Amazon Music"
    },
    {
        "location": {
            "left": 522,
            "top": 1682,
            "bottom": 1727,
            "right": 561
        },
        "type": "text",
        "id": 81,
        "isClick": false,
        "content": "a"
    },
    {
        "location": {
            "left": 495,
            "top": 1742,
            "bottom": 1776,
            "right": 585
        },
        "type": "text",
        "id": 82,
        "isClick": false,
        "content": "ES"
    },
    {
        "location": {
            "left": 698,
            "top": 1742,
            "bottom": 1764,
            "right": 861
        },
        "type": "text",
        "id": 83,
        "isClick": false,
        "content": "FREE INSTALL"
    }
]