[
    {
        "location": {
            "left": 156,
            "top": 10,
            "bottom": 50,
            "right": 190
        },
        "type": "text",
        "id": 0,
        "isClick": false,
        "content": "f"
    },
    {
        "location": {
            "left": 219,
            "top": 14,
            "bottom": 51,
            "right": 253
        },
        "type": "text",
        "id": 1,
        "isClick": false,
        "content": "f"
    },
    {
        "location": {
            "left": 282,
            "top": 11,
            "bottom": 51,
            "right": 315
        },
        "type": "text",
        "id": 2,
        "isClick": false,
        "content": "f"
    },
    {
        "location": {
            "left": 340,
            "top": 9,
            "bottom": 52,
            "right": 441
        },
        "type": "text",
        "id": 3,
        "isClick": false,
        "content": "Of"
    },
    {
        "location": {
            "left": 425,
            "top": 14,
            "bottom": 50,
            "right": 437
        },
        "type": "text",
        "id": 4,
        "isClick": false,
        "content": "f"
    },
    {
        "location": {
            "left": 467,
            "top": 11,
            "bottom": 53,
            "right": 479
        },
        "type": "text",
        "id": 5,
        "isClick": false,
        "content": "\""
    },
    {
        "location": {
            "left": 545,
            "top": 15,
            "bottom": 49,
            "right": 557
        },
        "type": "text",
        "id": 6,
        "isClick": false,
        "content": "O"
    },
    {
        "location": {
            "left": 605,
            "top": 12,
            "bottom": 50,
            "right": 617
        },
        "type": "text",
        "id": 7,
        "isClick": false,
        "content": "&"
    },
    {
        "location": {
            "left": 776,
            "top": 14,
            "bottom": 49,
            "right": 803
        },
        "type": "text",
        "id": 8,
        "isClick": false,
        "content": "4"
    },
    {
        "location": {
            "left": 942,
            "top": 16,
            "bottom": 48,
            "right": 965
        },
        "type": "text",
        "id": 9,
        "isClick": false,
        "content": "5"
    },
    {
        "location": {
            "left": 988,
            "top": 17,
            "bottom": 48,
            "right": 1055
        },
        "type": "text",
        "id": 10,
        "isClick": false,
        "content": "5:23"
    },
    {
        "location": {
            "left": 45,
            "top": 416,
            "bottom": 488,
            "right": 300
        },
        "type": "text",
        "id": 11,
        "isClick": false,
        "content": "GymApp"
    },
    {
        "location": {
            "left": 1008,
            "top": 438,
            "bottom": 456,
            "right": 1038
        },
        "type": "text",
        "id": 12,
        "isClick": false,
        "content": "<"
    },
    {
        "location": {
            "left": 179,
            "top": 585,
            "bottom": 624,
            "right": 327
        },
        "type": "text",
        "id": 13,
        "isClick": false,
        "content": "Training"
    },
    {
        "location": {
            "left": 343,
            "top": 593,
            "bottom": 627,
            "right": 521
        },
        "type": "text",
        "id": 14,
        "isClick": false,
        "content": "programs"
    },
    {
        "location": {
            "left": 1008,
            "top": 589,
            "bottom": 606,
            "right": 1038
        },
        "type": "text",
        "id": 15,
        "isClick": false,
        "content": "<"
    },
    {
        "location": {
            "left": 181,
            "top": 727,
            "bottom": 759,
            "right": 354
        },
        "type": "text",
        "id": 16,
        "isClick": false,
        "content": "Exercises"
    },
    {
        "location": {
            "left": 180,
            "top": 865,
            "bottom": 899,
            "right": 345
        },
        "type": "text",
        "id": 17,
        "isClick": true,
        "content": "Calendar"
    },
    {
        "location": {
            "left": 1008,
            "top": 888,
            "bottom": 907,
            "right": 1038
        },
        "type": "text",
        "id": 18,
        "isClick": false,
        "content": "<"
    },
    {
        "location": {
            "left": 54,
            "top": 999,
            "bottom": 1051,
            "right": 103
        },
        "type": "text",
        "id": 19,
        "isClick": false,
        "content": "li"
    },
    {
        "location": {
            "left": 181,
            "top": 1009,
            "bottom": 1051,
            "right": 288
        },
        "type": "text",
        "id": 20,
        "isClick": false,
        "content": "Graph"
    },
    {
        "location": {
            "left": 1008,
            "top": 1038,
            "bottom": 1056,
            "right": 1038
        },
        "type": "text",
        "id": 21,
        "isClick": false,
        "content": "<"
    },
    {
        "location": {
            "left": 176,
            "top": 1150,
            "bottom": 1187,
            "right": 557
        },
        "type": "text",
        "id": 22,
        "isClick": false,
        "content": "Body measurements"
    },
    {
        "location": {
            "left": 1008,
            "top": 1189,
            "bottom": 1206,
            "right": 1038
        },
        "type": "text",
        "id": 23,
        "isClick": false,
        "content": "<"
    },
    {
        "location": {
            "left": 182,
            "top": 1289,
            "bottom": 1324,
            "right": 341
        },
        "type": "text",
        "id": 24,
        "isClick": false,
        "content": "Nutrition"
    },
    {
        "location": {
            "left": 1011,
            "top": 1338,
            "bottom": 1357,
            "right": 1040
        },
        "type": "text",
        "id": 25,
        "isClick": false,
        "content": "<"
    },
    {
        "location": {
            "left": 180,
            "top": 1434,
            "bottom": 1473,
            "right": 331
        },
        "type": "text",
        "id": 26,
        "isClick": false,
        "content": "Settings"
    },
    {
        "location": {
            "left": 960,
            "top": 1544,
            "bottom": 1545,
            "right": 961
        },
        "type": "text",
        "id": 27,
        "isClick": false,
        "content": "+"
    },
    {
        "location": {
            "left": 852,
            "top": 1699,
            "bottom": 1760,
            "right": 885
        },
        "type": "text",
        "id": 28,
        "isClick": false,
        "content": ">"
    }
]