[
    {
        "location": {
            "left": 599,
            "top": 9,
            "bottom": 18,
            "right": 624
        },
        "type": "text",
        "id": 0,
        "isClick": false,
        "content": "0"
    },
    {
        "location": {
            "left": 28,
            "top": 9,
            "bottom": 53,
            "right": 327
        },
        "type": "text",
        "id": 1,
        "isClick": false,
        "content": "fffff"
    },
    {
        "location": {
            "left": 343,
            "top": 12,
            "bottom": 53,
            "right": 355
        },
        "type": "text",
        "id": 2,
        "isClick": false,
        "content": "\""
    },
    {
        "location": {
            "left": 421,
            "top": 8,
            "bottom": 49,
            "right": 433
        },
        "type": "text",
        "id": 3,
        "isClick": false,
        "content": "O"
    },
    {
        "location": {
            "left": 942,
            "top": 16,
            "bottom": 48,
            "right": 965
        },
        "type": "text",
        "id": 4,
        "isClick": false,
        "content": "3"
    },
    {
        "location": {
            "left": 988,
            "top": 17,
            "bottom": 48,
            "right": 1055
        },
        "type": "text",
        "id": 5,
        "isClick": false,
        "content": "5:15"
    },
    {
        "location": {
            "left": 102,
            "top": 209,
            "bottom": 241,
            "right": 189
        },
        "type": "text",
        "id": 6,
        "isClick": false,
        "content": "Main"
    },
    {
        "location": {
            "left": 206,
            "top": 209,
            "bottom": 241,
            "right": 285
        },
        "type": "text",
        "id": 7,
        "isClick": false,
        "content": "Goal"
    },
    {
        "location": {
            "left": 99,
            "top": 265,
            "bottom": 309,
            "right": 250
        },
        "type": "text",
        "id": 8,
        "isClick": false,
        "content": "Training"
    },
    {
        "location": {
            "left": 265,
            "top": 265,
            "bottom": 305,
            "right": 360
        },
        "type": "text",
        "id": 9,
        "isClick": false,
        "content": "Level"
    },
    {
        "location": {
            "left": 85,
            "top": 315,
            "bottom": 361,
            "right": 257
        },
        "type": "text",
        "id": 10,
        "isClick": false,
        "content": "Workout"
    },
    {
        "location": {
            "left": 269,
            "top": 321,
            "bottom": 363,
            "right": 359
        },
        "type": "text",
        "id": 11,
        "isClick": false,
        "content": "Type"
    },
    {
        "location": {
            "left": 100,
            "top": 379,
            "bottom": 424,
            "right": 188
        },
        "type": "text",
        "id": 12,
        "isClick": false,
        "content": "Days"
    },
    {
        "location": {
            "left": 203,
            "top": 380,
            "bottom": 417,
            "right": 265
        },
        "type": "text",
        "id": 13,
        "isClick": false,
        "content": "Per"
    },
    {
        "location": {
            "left": 277,
            "top": 377,
            "bottom": 417,
            "right": 378
        },
        "type": "text",
        "id": 14,
        "isClick": false,
        "content": "Week"
    },
    {
        "location": {
            "left": 99,
            "top": 433,
            "bottom": 472,
            "right": 216
        },
        "type": "text",
        "id": 15,
        "isClick": false,
        "content": "Target"
    },
    {
        "location": {
            "left": 231,
            "top": 433,
            "bottom": 472,
            "right": 362
        },
        "type": "text",
        "id": 16,
        "isClick": false,
        "content": "Gender"
    },
    {
        "location": {
            "left": 584,
            "top": 201,
            "bottom": 247,
            "right": 736
        },
        "type": "text",
        "id": 17,
        "isClick": false,
        "content": "Muscule"
    },
    {
        "location": {
            "left": 751,
            "top": 209,
            "bottom": 250,
            "right": 891
        },
        "type": "text",
        "id": 18,
        "isClick": false,
        "content": "building"
    },
    {
        "location": {
            "left": 586,
            "top": 262,
            "bottom": 303,
            "right": 743
        },
        "type": "text",
        "id": 19,
        "isClick": false,
        "content": "Beginner"
    },
    {
        "location": {
            "left": 583,
            "top": 321,
            "bottom": 359,
            "right": 659
        },
        "type": "text",
        "id": 20,
        "isClick": false,
        "content": "Split"
    },
    {
        "location": {
            "left": 583,
            "top": 378,
            "bottom": 416,
            "right": 604
        },
        "type": "text",
        "id": 21,
        "isClick": false,
        "content": "4"
    },
    {
        "location": {
            "left": 617,
            "top": 377,
            "bottom": 425,
            "right": 700
        },
        "type": "text",
        "id": 22,
        "isClick": false,
        "content": "days"
    },
    {
        "location": {
            "left": 585,
            "top": 433,
            "bottom": 470,
            "right": 668
        },
        "type": "text",
        "id": 23,
        "isClick": false,
        "content": "Male"
    },
    {
        "location": {
            "left": 684,
            "top": 434,
            "bottom": 470,
            "right": 705
        },
        "type": "text",
        "id": 24,
        "isClick": false,
        "content": "&"
    },
    {
        "location": {
            "left": 721,
            "top": 433,
            "bottom": 470,
            "right": 851
        },
        "type": "text",
        "id": 25,
        "isClick": false,
        "content": "Female"
    },
    {
        "location": {
            "left": 115,
            "top": 467,
            "bottom": 561,
            "right": 459
        },
        "type": "text",
        "id": 26,
        "isClick": false,
        "content": "Beginner"
    },
    {
        "location": {
            "left": 33,
            "top": 632,
            "bottom": 663,
            "right": 475
        },
        "type": "text",
        "id": 27,
        "isClick": false,
        "content": "8 WEEK FAST START PLAN"
    },
    {
        "location": {
            "left": 545,
            "top": 633,
            "bottom": 662,
            "right": 1079
        },
        "type": "text",
        "id": 28,
        "isClick": false,
        "content": "BEGINNER FULLBODY WORKOUT"
    },
    {
        "location": {
            "left": 197,
            "top": 803,
            "bottom": 841,
            "right": 325
        },
        "type": "text",
        "id": 29,
        "isClick": false,
        "content": "Monday"
    },
    {
        "location": {
            "left": 194,
            "top": 998,
            "bottom": 1036,
            "right": 330
        },
        "type": "text",
        "id": 30,
        "isClick": false,
        "content": "Tuesday"
    },
    {
        "location": {
            "left": 195,
            "top": 1168,
            "bottom": 1205,
            "right": 382
        },
        "type": "text",
        "id": 31,
        "isClick": false,
        "content": "Wednesday"
    },
    {
        "location": {
            "left": 196,
            "top": 1219,
            "bottom": 1249,
            "right": 266
        },
        "type": "text",
        "id": 32,
        "isClick": false,
        "content": "Rest"
    },
    {
        "location": {
            "left": 277,
            "top": 1218,
            "bottom": 1256,
            "right": 332
        },
        "type": "text",
        "id": 33,
        "isClick": false,
        "content": "day"
    },
    {
        "location": {
            "left": 195,
            "top": 1388,
            "bottom": 1426,
            "right": 347
        },
        "type": "text",
        "id": 34,
        "isClick": false,
        "content": "Thursday"
    },
    {
        "location": {
            "left": 197,
            "top": 1583,
            "bottom": 1619,
            "right": 294
        },
        "type": "text",
        "id": 35,
        "isClick": false,
        "content": "Friday"
    },
    {
        "location": {
            "left": 167,
            "top": 1705,
            "bottom": 1753,
            "right": 639
        },
        "type": "text",
        "id": 36,
        "isClick": false,
        "content": "Xero Online Accounting"
    },
    {
        "location": {
            "left": 851,
            "top": 1698,
            "bottom": 1757,
            "right": 885
        },
        "type": "text",
        "id": 37,
        "isClick": false,
        "content": ">"
    }
]