[
    {
        "location": {
            "left": 469,
            "top": 9,
            "bottom": 25,
            "right": 507
        },
        "type": "text",
        "id": 0,
        "isClick": false,
        "content": "FAK"
    },
    {
        "location": {
            "left": 155,
            "top": 14,
            "bottom": 49,
            "right": 188
        },
        "type": "text",
        "id": 1,
        "isClick": false,
        "content": "f"
    },
    {
        "location": {
            "left": 218,
            "top": 14,
            "bottom": 49,
            "right": 251
        },
        "type": "text",
        "id": 2,
        "isClick": false,
        "content": "f"
    },
    {
        "location": {
            "left": 281,
            "top": 13,
            "bottom": 48,
            "right": 314
        },
        "type": "text",
        "id": 3,
        "isClick": false,
        "content": "f"
    },
    {
        "location": {
            "left": 407,
            "top": 13,
            "bottom": 49,
            "right": 443
        },
        "type": "text",
        "id": 4,
        "isClick": false,
        "content": "f"
    },
    {
        "location": {
            "left": 941,
            "top": 16,
            "bottom": 48,
            "right": 966
        },
        "type": "text",
        "id": 5,
        "isClick": false,
        "content": "5"
    },
    {
        "location": {
            "left": 987,
            "top": 17,
            "bottom": 48,
            "right": 1056
        },
        "type": "text",
        "id": 6,
        "isClick": false,
        "content": "5:19"
    },
    {
        "location": {
            "left": 53,
            "top": 114,
            "bottom": 154,
            "right": 93
        },
        "type": "text",
        "id": 7,
        "isClick": false,
        "content": "+"
    },
    {
        "location": {
            "left": 218,
            "top": 118,
            "bottom": 159,
            "right": 256
        },
        "type": "text",
        "id": 8,
        "isClick": false,
        "content": "[ 1 ]"
    },
    {
        "location": {
            "left": 289,
            "top": 116,
            "bottom": 159,
            "right": 418
        },
        "type": "text",
        "id": 9,
        "isClick": false,
        "content": "00:02"
    },
    {
        "location": {
            "left": 1008,
            "top": 109,
            "bottom": 161,
            "right": 1024
        },
        "type": "text",
        "id": 10,
        "isClick": false,
        "content": "III"
    },
    {
        "location": {
            "left": 34,
            "top": 268,
            "bottom": 300,
            "right": 186
        },
        "type": "text",
        "id": 11,
        "isClick": false,
        "content": "PULLUPS"
    },
    {
        "location": {
            "left": 254,
            "top": 270,
            "bottom": 300,
            "right": 414
        },
        "type": "text",
        "id": 12,
        "isClick": true,
        "content": "PUSHUPS"
    },
    {
        "location": {
            "left": 482,
            "top": 270,
            "bottom": 300,
            "right": 887
        },
        "type": "text",
        "id": 13,
        "isClick": false,
        "content": "UPRIGHT BARBELL ROW"
    },
    {
        "location": {
            "left": 954,
            "top": 271,
            "bottom": 300,
            "right": 1076
        },
        "type": "text",
        "id": 14,
        "isClick": false,
        "content": "DUMBB"
    },
    {
        "location": {
            "left": 15,
            "top": 387,
            "bottom": 428,
            "right": 41
        },
        "type": "text",
        "id": 15,
        "isClick": false,
        "content": "0"
    },
    {
        "location": {
            "left": 45,
            "top": 419,
            "bottom": 434,
            "right": 54
        },
        "type": "text",
        "id": 16,
        "isClick": false,
        "content": "1"
    },
    {
        "location": {
            "left": 380,
            "top": 1177,
            "bottom": 1219,
            "right": 503
        },
        "type": "text",
        "id": 17,
        "isClick": false,
        "content": "SAVE"
    },
    {
        "location": {
            "left": 36,
            "top": 1329,
            "bottom": 1362,
            "right": 113
        },
        "type": "text",
        "id": 18,
        "isClick": false,
        "content": "reps :"
    },
    {
        "location": {
            "left": 488,
            "top": 1377,
            "bottom": 1424,
            "right": 590
        },
        "type": "text",
        "id": 19,
        "isClick": false,
        "content": "499"
    },
    {
        "location": {
            "left": 488,
            "top": 1457,
            "bottom": 1511,
            "right": 591
        },
        "type": "text",
        "id": 20,
        "isClick": false,
        "content": "500"
    },
    {
        "location": {
            "left": 524,
            "top": 1545,
            "bottom": 1590,
            "right": 554
        },
        "type": "text",
        "id": 21,
        "isClick": false,
        "content": "0"
    },
    {
        "location": {
            "left": 525,
            "top": 1629,
            "bottom": 1676,
            "right": 544
        },
        "type": "text",
        "id": 22,
        "isClick": false,
        "content": "1"
    },
    {
        "location": {
            "left": 524,
            "top": 1713,
            "bottom": 1760,
            "right": 553
        },
        "type": "text",
        "id": 23,
        "isClick": false,
        "content": "2"
    },
    {
        "location": {
            "left": 524,
            "top": 1758,
            "bottom": 1761,
            "right": 557
        },
        "type": "text",
        "id": 24,
        "isClick": false,
        "content": "o"
    },
    {
        "location": {
            "left": 214,
            "top": 1833,
            "bottom": 1880,
            "right": 258
        },
        "type": "text",
        "id": 25,
        "isClick": false,
        "content": "V"
    }
]