[
    {
        "location": {
            "left": 468,
            "top": 10,
            "bottom": 25,
            "right": 506
        },
        "type": "text",
        "id": 0,
        "isClick": false,
        "content": "FAK"
    },
    {
        "location": {
            "left": 26,
            "top": 14,
            "bottom": 49,
            "right": 69
        },
        "type": "text",
        "id": 1,
        "isClick": false,
        "content": "."
    },
    {
        "location": {
            "left": 94,
            "top": 14,
            "bottom": 49,
            "right": 127
        },
        "type": "text",
        "id": 2,
        "isClick": false,
        "content": "f"
    },
    {
        "location": {
            "left": 156,
            "top": 10,
            "bottom": 49,
            "right": 189
        },
        "type": "text",
        "id": 3,
        "isClick": false,
        "content": "f"
    },
    {
        "location": {
            "left": 220,
            "top": 14,
            "bottom": 49,
            "right": 253
        },
        "type": "text",
        "id": 4,
        "isClick": false,
        "content": "f"
    },
    {
        "location": {
            "left": 282,
            "top": 11,
            "bottom": 49,
            "right": 315
        },
        "type": "text",
        "id": 5,
        "isClick": false,
        "content": "f"
    },
    {
        "location": {
            "left": 408,
            "top": 12,
            "bottom": 49,
            "right": 441
        },
        "type": "text",
        "id": 6,
        "isClick": false,
        "content": "f"
    },
    {
        "location": {
            "left": 942,
            "top": 16,
            "bottom": 48,
            "right": 965
        },
        "type": "text",
        "id": 7,
        "isClick": false,
        "content": "5"
    },
    {
        "location": {
            "left": 988,
            "top": 17,
            "bottom": 48,
            "right": 1055
        },
        "type": "text",
        "id": 8,
        "isClick": false,
        "content": "5:20"
    },
    {
        "location": {
            "left": 51,
            "top": 115,
            "bottom": 152,
            "right": 92
        },
        "type": "text",
        "id": 9,
        "isClick": false,
        "content": "+"
    },
    {
        "location": {
            "left": 192,
            "top": 118,
            "bottom": 167,
            "right": 381
        },
        "type": "text",
        "id": 10,
        "isClick": false,
        "content": "Settings"
    },
    {
        "location": {
            "left": 44,
            "top": 264,
            "bottom": 299,
            "right": 257
        },
        "type": "text",
        "id": 11,
        "isClick": false,
        "content": "Management"
    },
    {
        "location": {
            "left": 43,
            "top": 360,
            "bottom": 399,
            "right": 194
        },
        "type": "text",
        "id": 12,
        "isClick": false,
        "content": "Settings"
    },
    {
        "location": {
            "left": 43,
            "top": 411,
            "bottom": 451,
            "right": 362
        },
        "type": "text",
        "id": 13,
        "isClick": false,
        "content": "Change parameters"
    },
    {
        "location": {
            "left": 374,
            "top": 414,
            "bottom": 448,
            "right": 658
        },
        "type": "text",
        "id": 14,
        "isClick": false,
        "content": "of the application"
    },
    {
        "location": {
            "left": 44,
            "top": 551,
            "bottom": 581,
            "right": 165
        },
        "type": "text",
        "id": 15,
        "isClick": false,
        "content": "Utilities"
    },
    {
        "location": {
            "left": 44,
            "top": 648,
            "bottom": 688,
            "right": 179
        },
        "type": "text",
        "id": 16,
        "isClick": false,
        "content": "Backup"
    },
    {
        "location": {
            "left": 44,
            "top": 702,
            "bottom": 740,
            "right": 391
        },
        "type": "text",
        "id": 17,
        "isClick": false,
        "content": "Backup management"
    },
    {
        "location": {
            "left": 44,
            "top": 839,
            "bottom": 875,
            "right": 115
        },
        "type": "text",
        "id": 18,
        "isClick": false,
        "content": "Help"
    },
    {
        "location": {
            "left": 130,
            "top": 839,
            "bottom": 875,
            "right": 305
        },
        "type": "text",
        "id": 19,
        "isClick": false,
        "content": "developers"
    },
    {
        "location": {
            "left": 191,
            "top": 937,
            "bottom": 970,
            "right": 273
        },
        "type": "text",
        "id": 20,
        "isClick": false,
        "content": "Rate"
    },
    {
        "location": {
            "left": 285,
            "top": 936,
            "bottom": 979,
            "right": 435
        },
        "type": "text",
        "id": 21,
        "isClick": false,
        "content": "this app"
    },
    {
        "location": {
            "left": 192,
            "top": 987,
            "bottom": 1029,
            "right": 683
        },
        "type": "text",
        "id": 22,
        "isClick": false,
        "content": "Rate GymApp in the play store"
    },
    {
        "location": {
            "left": 192,
            "top": 1129,
            "bottom": 1169,
            "right": 369
        },
        "type": "text",
        "id": 23,
        "isClick": false,
        "content": "Report an"
    },
    {
        "location": {
            "left": 384,
            "top": 1137,
            "bottom": 1168,
            "right": 473
        },
        "type": "text",
        "id": 24,
        "isClick": false,
        "content": "error"
    },
    {
        "location": {
            "left": 192,
            "top": 1184,
            "bottom": 1222,
            "right": 897
        },
        "type": "text",
        "id": 25,
        "isClick": false,
        "content": "Report a translation mistake or a bug in the"
    },
    {
        "location": {
            "left": 191,
            "top": 1226,
            "bottom": 1264,
            "right": 371
        },
        "type": "text",
        "id": 26,
        "isClick": false,
        "content": "application"
    },
    {
        "location": {
            "left": 192,
            "top": 1370,
            "bottom": 1409,
            "right": 377
        },
        "type": "text",
        "id": 27,
        "isClick": false,
        "content": "Instagram"
    },
    {
        "location": {
            "left": 43,
            "top": 1515,
            "bottom": 1549,
            "right": 153
        },
        "type": "text",
        "id": 28,
        "isClick": false,
        "content": "About"
    },
    {
        "location": {
            "left": 43,
            "top": 1569,
            "bottom": 1605,
            "right": 298
        },
        "type": "text",
        "id": 29,
        "isClick": false,
        "content": "GymApp v.2.4.2"
    }
]