[
    {
        "location": {
            "left": 469,
            "top": 10,
            "bottom": 25,
            "right": 507
        },
        "type": "text",
        "id": 0,
        "isClick": false,
        "content": "FAK"
    },
    {
        "location": {
            "left": 155,
            "top": 14,
            "bottom": 49,
            "right": 188
        },
        "type": "text",
        "id": 1,
        "isClick": false,
        "content": "f"
    },
    {
        "location": {
            "left": 218,
            "top": 14,
            "bottom": 49,
            "right": 251
        },
        "type": "text",
        "id": 2,
        "isClick": false,
        "content": "f"
    },
    {
        "location": {
            "left": 281,
            "top": 11,
            "bottom": 48,
            "right": 314
        },
        "type": "text",
        "id": 3,
        "isClick": false,
        "content": "f"
    },
    {
        "location": {
            "left": 407,
            "top": 14,
            "bottom": 50,
            "right": 440
        },
        "type": "text",
        "id": 4,
        "isClick": false,
        "content": "f"
    },
    {
        "location": {
            "left": 467,
            "top": 9,
            "bottom": 54,
            "right": 508
        },
        "type": "text",
        "id": 5,
        "isClick": false,
        "content": "\""
    },
    {
        "location": {
            "left": 535,
            "top": 15,
            "bottom": 49,
            "right": 564
        },
        "type": "text",
        "id": 6,
        "isClick": false,
        "content": "O"
    },
    {
        "location": {
            "left": 599,
            "top": 12,
            "bottom": 51,
            "right": 624
        },
        "type": "text",
        "id": 7,
        "isClick": false,
        "content": "&"
    },
    {
        "location": {
            "left": 780,
            "top": 13,
            "bottom": 50,
            "right": 805
        },
        "type": "text",
        "id": 8,
        "isClick": false,
        "content": "4"
    },
    {
        "location": {
            "left": 942,
            "top": 16,
            "bottom": 47,
            "right": 965
        },
        "type": "text",
        "id": 9,
        "isClick": false,
        "content": "5"
    },
    {
        "location": {
            "left": 988,
            "top": 17,
            "bottom": 47,
            "right": 1055
        },
        "type": "text",
        "id": 10,
        "isClick": false,
        "content": "5:20"
    },
    {
        "location": {
            "left": 49,
            "top": 117,
            "bottom": 152,
            "right": 96
        },
        "type": "text",
        "id": 11,
        "isClick": true,
        "content": "="
    },
    {
        "location": {
            "left": 189,
            "top": 116,
            "bottom": 169,
            "right": 377
        },
        "type": "text",
        "id": 12,
        "isClick": false,
        "content": "Training"
    },
    {
        "location": {
            "left": 397,
            "top": 128,
            "bottom": 169,
            "right": 617
        },
        "type": "text",
        "id": 13,
        "isClick": false,
        "content": "programs"
    },
    {
        "location": {
            "left": 881,
            "top": 112,
            "bottom": 149,
            "right": 893
        },
        "type": "text",
        "id": 14,
        "isClick": false,
        "content": "Q"
    },
    {
        "location": {
            "left": 975,
            "top": 110,
            "bottom": 161,
            "right": 1058
        },
        "type": "text",
        "id": 15,
        "isClick": false,
        "content": "GO PRO"
    },
    {
        "location": {
            "left": 206,
            "top": 282,
            "bottom": 324,
            "right": 259
        },
        "type": "text",
        "id": 16,
        "isClick": false,
        "content": "My"
    },
    {
        "location": {
            "left": 274,
            "top": 289,
            "bottom": 324,
            "right": 487
        },
        "type": "text",
        "id": 17,
        "isClick": false,
        "content": "programms"
    },
    {
        "location": {
            "left": 1010,
            "top": 289,
            "bottom": 306,
            "right": 1041
        },
        "type": "text",
        "id": 18,
        "isClick": false,
        "content": "<"
    },
    {
        "location": {
            "left": 205,
            "top": 433,
            "bottom": 466,
            "right": 262
        },
        "type": "text",
        "id": 19,
        "isClick": false,
        "content": "For"
    },
    {
        "location": {
            "left": 275,
            "top": 441,
            "bottom": 466,
            "right": 410
        },
        "type": "text",
        "id": 20,
        "isClick": false,
        "content": "women"
    },
    {
        "location": {
            "left": 1008,
            "top": 438,
            "bottom": 456,
            "right": 1040
        },
        "type": "text",
        "id": 21,
        "isClick": false,
        "content": "<"
    },
    {
        "location": {
            "left": 27,
            "top": 523,
            "bottom": 658,
            "right": 142
        },
        "type": "text",
        "id": 22,
        "isClick": false,
        "content": "\u0645\u06cc"
    },
    {
        "location": {
            "left": 206,
            "top": 582,
            "bottom": 623,
            "right": 369
        },
        "type": "text",
        "id": 23,
        "isClick": false,
        "content": "Beginner"
    },
    {
        "location": {
            "left": 1008,
            "top": 588,
            "bottom": 606,
            "right": 1040
        },
        "type": "text",
        "id": 24,
        "isClick": false,
        "content": ">"
    },
    {
        "location": {
            "left": 288,
            "top": 733,
            "bottom": 765,
            "right": 657
        },
        "type": "text",
        "id": 25,
        "isClick": false,
        "content": "8 Week Fast Start Plan"
    },
    {
        "location": {
            "left": 288,
            "top": 880,
            "bottom": 918,
            "right": 730
        },
        "type": "text",
        "id": 26,
        "isClick": false,
        "content": "Beginner Fullbody Workout"
    },
    {
        "location": {
            "left": 290,
            "top": 1026,
            "bottom": 1057,
            "right": 537
        },
        "type": "text",
        "id": 27,
        "isClick": false,
        "content": "Introduction To"
    },
    {
        "location": {
            "left": 552,
            "top": 1026,
            "bottom": 1065,
            "right": 914
        },
        "type": "text",
        "id": 28,
        "isClick": false,
        "content": "Bodybuilding Workout"
    },
    {
        "location": {
            "left": 288,
            "top": 1176,
            "bottom": 1205,
            "right": 305
        },
        "type": "text",
        "id": 29,
        "isClick": false,
        "content": "2"
    },
    {
        "location": {
            "left": 320,
            "top": 1174,
            "bottom": 1211,
            "right": 525
        },
        "type": "text",
        "id": 30,
        "isClick": false,
        "content": "Day Simple A"
    },
    {
        "location": {
            "left": 541,
            "top": 1174,
            "bottom": 1211,
            "right": 657
        },
        "type": "text",
        "id": 31,
        "isClick": false,
        "content": "/ B Split"
    },
    {
        "location": {
            "left": 288,
            "top": 1321,
            "bottom": 1359,
            "right": 765
        },
        "type": "text",
        "id": 32,
        "isClick": false,
        "content": "3 Day Workout For Beginners"
    },
    {
        "location": {
            "left": 288,
            "top": 1468,
            "bottom": 1504,
            "right": 570
        },
        "type": "text",
        "id": 33,
        "isClick": false,
        "content": "Morning Workout"
    },
    {
        "location": {
            "left": 585,
            "top": 1465,
            "bottom": 1503,
            "right": 778
        },
        "type": "text",
        "id": 34,
        "isClick": false,
        "content": "For Building"
    },
    {
        "location": {
            "left": 793,
            "top": 1468,
            "bottom": 1503,
            "right": 922
        },
        "type": "text",
        "id": 35,
        "isClick": false,
        "content": "Muscle"
    },
    {
        "location": {
            "left": 944,
            "top": 1526,
            "bottom": 1567,
            "right": 983
        },
        "type": "text",
        "id": 36,
        "isClick": false,
        "content": "+"
    },
    {
        "location": {
            "left": 288,
            "top": 1593,
            "bottom": 1631,
            "right": 628
        },
        "type": "text",
        "id": 37,
        "isClick": false,
        "content": "963 Workout System"
    },
    {
        "location": {
            "left": 643,
            "top": 1593,
            "bottom": 1625,
            "right": 821
        },
        "type": "text",
        "id": 38,
        "isClick": false,
        "content": "For Muscle"
    },
    {
        "location": {
            "left": 840,
            "top": 1590,
            "bottom": 1625,
            "right": 958
        },
        "type": "text",
        "id": 39,
        "isClick": false,
        "content": "Size a .."
    },
    {
        "location": {
            "left": 297,
            "top": 1636,
            "bottom": 1652,
            "right": 419
        },
        "type": "text",
        "id": 40,
        "isClick": false,
        "content": "Osranath"
    },
    {
        "location": {
            "left": 168,
            "top": 1709,
            "bottom": 1745,
            "right": 259
        },
        "type": "text",
        "id": 41,
        "isClick": false,
        "content": "Xero"
    },
    {
        "location": {
            "left": 274,
            "top": 1705,
            "bottom": 1745,
            "right": 399
        },
        "type": "text",
        "id": 42,
        "isClick": false,
        "content": "Online"
    },
    {
        "location": {
            "left": 414,
            "top": 1706,
            "bottom": 1749,
            "right": 639
        },
        "type": "text",
        "id": 43,
        "isClick": false,
        "content": "Accounting"
    },
    {
        "location": {
            "left": 850,
            "top": 1698,
            "bottom": 1756,
            "right": 887
        },
        "type": "text",
        "id": 44,
        "isClick": false,
        "content": ">"
    }
]