[
    {
        "location": {
            "left": 469,
            "right": 507,
            "bottom": 25,
            "top": 12
        },
        "type": "text",
        "isClick": false,
        "id": 0,
        "content": "FAK"
    },
    {
        "location": {
            "left": 30,
            "right": 315,
            "bottom": 47,
            "top": 14
        },
        "type": "text",
        "isClick": false,
        "id": 1,
        "content": "fffff"
    },
    {
        "location": {
            "left": 943,
            "right": 966,
            "bottom": 48,
            "top": 12
        },
        "type": "text",
        "isClick": false,
        "id": 2,
        "content": "$"
    },
    {
        "location": {
            "left": 988,
            "right": 1056,
            "bottom": 48,
            "top": 17
        },
        "type": "text",
        "isClick": false,
        "id": 3,
        "content": "9:16"
    },
    {
        "location": {
            "left": 396,
            "right": 561,
            "bottom": 229,
            "top": 171
        },
        "type": "text",
        "isClick": false,
        "id": 4,
        "content": "NRG"
    },
    {
        "location": {
            "left": 231,
            "right": 433,
            "bottom": 278,
            "top": 212
        },
        "type": "text",
        "isClick": false,
        "id": 5,
        "content": "PLEASE"
    },
    {
        "location": {
            "left": 454,
            "right": 654,
            "bottom": 278,
            "top": 212
        },
        "type": "text",
        "isClick": false,
        "id": 6,
        "content": "SELECT"
    },
    {
        "location": {
            "left": 673,
            "right": 848,
            "bottom": 278,
            "top": 212
        },
        "type": "text",
        "isClick": false,
        "id": 7,
        "content": "WHICH"
    },
    {
        "location": {
            "left": 148,
            "right": 411,
            "bottom": 373,
            "top": 306
        },
        "type": "text",
        "isClick": false,
        "id": 8,
        "content": "REGIONAL"
    },
    {
        "location": {
            "left": 429,
            "right": 580,
            "bottom": 373,
            "top": 306
        },
        "type": "text",
        "isClick": false,
        "id": 9,
        "content": "TEAM"
    },
    {
        "location": {
            "left": 602,
            "right": 808,
            "bottom": 373,
            "top": 306
        },
        "type": "text",
        "isClick": false,
        "id": 10,
        "content": "ALERTS"
    },
    {
        "location": {
            "left": 828,
            "right": 932,
            "bottom": 373,
            "top": 306
        },
        "type": "text",
        "isClick": false,
        "id": 11,
        "content": "YOU"
    },
    {
        "location": {
            "left": 37,
            "right": 60,
            "bottom": 465,
            "top": 398
        },
        "type": "text",
        "isClick": false,
        "id": 12,
        "content": "O"
    },
    {
        "location": {
            "left": 212,
            "right": 402,
            "bottom": 473,
            "top": 400
        },
        "type": "text",
        "isClick": false,
        "id": 13,
        "content": "WOULD"
    },
    {
        "location": {
            "left": 425,
            "right": 537,
            "bottom": 473,
            "top": 401
        },
        "type": "text",
        "isClick": false,
        "id": 14,
        "content": "LIKE"
    },
    {
        "location": {
            "left": 557,
            "right": 622,
            "bottom": 473,
            "top": 400
        },
        "type": "text",
        "isClick": false,
        "id": 15,
        "content": "TO"
    },
    {
        "location": {
            "left": 645,
            "right": 867,
            "bottom": 473,
            "top": 400
        },
        "type": "text",
        "isClick": false,
        "id": 16,
        "content": "RECEIVE"
    },
    {
        "location": {
            "left": 89,
            "right": 164,
            "bottom": 341,
            "top": 307
        },
        "type": "text",
        "isClick": false,
        "id": 17,
        "content": "FEATUE"
    },
    {
        "location": {
            "left": 928,
            "right": 934,
            "bottom": 340,
            "top": 308
        },
        "type": "text",
        "isClick": false,
        "id": 18,
        "content": "LIGHTS"
    },
    {
        "location": {
            "left": 80,
            "right": 163,
            "bottom": 605,
            "top": 570
        },
        "type": "text",
        "isClick": false,
        "id": 19,
        "content": "BULLS"
    },
    {
        "location": {
            "left": 327,
            "right": 435,
            "bottom": 636,
            "top": 564
        },
        "type": "text",
        "isClick": false,
        "id": 20,
        "content": "OKC"
    },
    {
        "location": {
            "left": 384,
            "right": 392,
            "bottom": 681,
            "top": 648
        },
        "type": "text",
        "isClick": false,
        "id": 21,
        "content": "O"
    },
    {
        "location": {
            "left": 80,
            "right": 167,
            "bottom": 709,
            "top": 676
        },
        "type": "text",
        "isClick": false,
        "id": 22,
        "content": "PREPS"
    },
    {
        "location": {
            "left": 40,
            "right": 185,
            "bottom": 794,
            "top": 757
        },
        "type": "text",
        "isClick": false,
        "id": 23,
        "content": "NBAUDCLIP"
    },
    {
        "location": {
            "left": 80,
            "right": 151,
            "bottom": 814,
            "top": 781
        },
        "type": "text",
        "isClick": false,
        "id": 24,
        "content": "CUBS"
    },
    {
        "location": {
            "left": 40,
            "right": 195,
            "bottom": 875,
            "top": 832
        },
        "type": "text",
        "isClick": false,
        "id": 25,
        "content": "TRAMEL :"
    },
    {
        "location": {
            "left": 210,
            "right": 608,
            "bottom": 876,
            "top": 831
        },
        "type": "text",
        "isClick": false,
        "id": 26,
        "content": "' WESTBROOK LIKES TO"
    },
    {
        "location": {
            "left": 623,
            "right": 824,
            "bottom": 876,
            "top": 832
        },
        "type": "text",
        "isClick": false,
        "id": 27,
        "content": "INTIMIDATE"
    },
    {
        "location": {
            "left": 843,
            "right": 969,
            "bottom": 877,
            "top": 831
        },
        "type": "text",
        "isClick": false,
        "id": 28,
        "content": "PEOPLE"
    },
    {
        "location": {
            "left": 80,
            "right": 229,
            "bottom": 918,
            "top": 885
        },
        "type": "text",
        "isClick": false,
        "id": 29,
        "content": "WHITE SOX"
    },
    {
        "location": {
            "left": 80,
            "right": 271,
            "bottom": 1025,
            "top": 989
        },
        "type": "text",
        "isClick": false,
        "id": 30,
        "content": "BLACKHAWKS"
    },
    {
        "location": {
            "left": 151,
            "right": 194,
            "bottom": 1169,
            "top": 1141
        },
        "type": "text",
        "isClick": false,
        "id": 31,
        "content": "TEXAS"
    },
    {
        "location": {
            "left": 194,
            "right": 243,
            "bottom": 1185,
            "top": 1152
        },
        "type": "text",
        "isClick": false,
        "id": 32,
        "content": "TECH"
    },
    {
        "location": {
            "left": 242,
            "right": 262,
            "bottom": 1167,
            "top": 1139
        },
        "type": "text",
        "isClick": false,
        "id": 33,
        "content": "C"
    },
    {
        "location": {
            "left": 781,
            "right": 848,
            "bottom": 1233,
            "top": 1182
        },
        "type": "text",
        "isClick": false,
        "id": 34,
        "content": "14"
    },
    {
        "location": {
            "left": 47,
            "right": 72,
            "bottom": 1325,
            "top": 1316
        },
        "type": "text",
        "isClick": false,
        "id": 35,
        "content": "NFL"
    },
    {
        "location": {
            "left": 132,
            "right": 178,
            "bottom": 1342,
            "top": 1317
        },
        "type": "text",
        "isClick": false,
        "id": 36,
        "content": "CLIP"
    },
    {
        "location": {
            "left": 42,
            "right": 395,
            "bottom": 1432,
            "top": 1385
        },
        "type": "text",
        "isClick": false,
        "id": 37,
        "content": "PATRICK MAHOMES ,"
    },
    {
        "location": {
            "left": 410,
            "right": 574,
            "bottom": 1429,
            "top": 1385
        },
        "type": "text",
        "isClick": false,
        "id": 38,
        "content": "DESHONE"
    },
    {
        "location": {
            "left": 589,
            "right": 690,
            "bottom": 1429,
            "top": 1385
        },
        "type": "text",
        "isClick": false,
        "id": 39,
        "content": "KIZER"
    },
    {
        "location": {
            "left": 705,
            "right": 797,
            "bottom": 1429,
            "top": 1385
        },
        "type": "text",
        "isClick": false,
        "id": 40,
        "content": "HAVE"
    },
    {
        "location": {
            "left": 812,
            "right": 903,
            "bottom": 1429,
            "top": 1385
        },
        "type": "text",
        "isClick": false,
        "id": 41,
        "content": "HUGE"
    },
    {
        "location": {
            "left": 918,
            "right": 1059,
            "bottom": 1429,
            "top": 1385
        },
        "type": "text",
        "isClick": false,
        "id": 42,
        "content": "POTEN ..."
    },
    {
        "location": {
            "left": 914,
            "right": 960,
            "bottom": 1513,
            "top": 1507
        },
        "type": "text",
        "isClick": false,
        "id": 43,
        "content": "NBCN"
    },
    {
        "location": {
            "left": 497,
            "right": 585,
            "bottom": 1699,
            "top": 1656
        },
        "type": "text",
        "isClick": false,
        "id": 44,
        "content": "NEXT"
    }
]