[
    {
        "location": {
            "left": 44,
            "right": 263,
            "bottom": 173,
            "top": 99
        },
        "type": "text",
        "isClick": false,
        "id": 0,
        "content": "PLAYOFFS"
    },
    {
        "location": {
            "left": 473,
            "right": 520,
            "bottom": 161,
            "top": 114
        },
        "type": "text",
        "isClick": false,
        "id": 1,
        "content": "FS"
    },
    {
        "location": {
            "left": 118,
            "right": 201,
            "bottom": 257,
            "top": 212
        },
        "type": "text",
        "isClick": false,
        "id": 2,
        "content": "@NBA"
    },
    {
        "location": {
            "left": -9,
            "right": 41,
            "bottom": 469,
            "top": 406
        },
        "type": "text",
        "isClick": false,
        "id": 3,
        "content": "Y"
    },
    {
        "location": {
            "left": 194,
            "right": 276,
            "bottom": 505,
            "top": 487
        },
        "type": "text",
        "isClick": false,
        "id": 4,
        "content": "Dan Patrick"
    },
    {
        "location": {
            "left": 531,
            "right": 640,
            "bottom": 469,
            "top": 455
        },
        "type": "text",
        "isClick": false,
        "id": 5,
        "content": "ON THE PHONE"
    },
    {
        "location": {
            "left": 393,
            "right": 515,
            "bottom": 486,
            "top": 471
        },
        "type": "text",
        "isClick": false,
        "id": 6,
        "content": "THE OKLAHOMAN"
    },
    {
        "location": {
            "left": 392,
            "right": 605,
            "bottom": 507,
            "top": 484
        },
        "type": "text",
        "isClick": false,
        "id": 7,
        "content": "BERRY TRAMEL"
    },
    {
        "location": {
            "left": 391,
            "right": 640,
            "bottom": 526,
            "top": 507
        },
        "type": "text",
        "isClick": false,
        "id": 8,
        "content": "ROCKETS DEFEAT THUNDER 113-109"
    },
    {
        "location": {
            "left": 390,
            "right": 636,
            "bottom": 541,
            "top": 522
        },
        "type": "text",
        "isClick": false,
        "id": 9,
        "content": "N. HILARIO : 28 PTS . 10 REB , 12/12 FG"
    },
    {
        "location": {
            "left": 247,
            "right": 267,
            "bottom": 514,
            "top": 501
        },
        "type": "text",
        "isClick": false,
        "id": 10,
        "content": "Slog"
    },
    {
        "location": {
            "left": 382,
            "right": 444,
            "bottom": 661,
            "top": 636
        },
        "type": "text",
        "isClick": false,
        "id": 11,
        "content": "Golf"
    },
    {
        "location": {
            "left": 960,
            "right": 965,
            "bottom": 690,
            "top": 673
        },
        "type": "text",
        "isClick": false,
        "id": 12,
        "content": "9"
    },
    {
        "location": {
            "left": 980,
            "right": 1032,
            "bottom": 691,
            "top": 672
        },
        "type": "text",
        "isClick": false,
        "id": 13,
        "content": "GOLF"
    },
    {
        "location": {
            "left": 381,
            "right": 701,
            "bottom": 721,
            "top": 694
        },
        "type": "text",
        "isClick": false,
        "id": 14,
        "content": "WATCH GOLF CHANNEL LIVE"
    },
    {
        "location": {
            "left": 65,
            "right": 106,
            "bottom": 784,
            "top": 760
        },
        "type": "text",
        "isClick": false,
        "id": 15,
        "content": "LIVE"
    },
    {
        "location": {
            "left": 385,
            "right": 533,
            "bottom": 773,
            "top": 746
        },
        "type": "text",
        "isClick": false,
        "id": 16,
        "content": "THURSDAY 4/09"
    },
    {
        "location": {
            "left": 561,
            "right": 690,
            "bottom": 773,
            "top": 748
        },
        "type": "text",
        "isClick": false,
        "id": 17,
        "content": "11:00 AM UTC"
    },
    {
        "location": {
            "left": 382,
            "right": 650,
            "bottom": 887,
            "top": 863
        },
        "type": "text",
        "isClick": false,
        "id": 18,
        "content": "nbc - csn - california"
    },
    {
        "location": {
            "left": 382,
            "right": 726,
            "bottom": 948,
            "top": 920
        },
        "type": "text",
        "isClick": false,
        "id": 19,
        "content": "NBC SPORTS CALIFORNIA LIVE"
    },
    {
        "location": {
            "left": 961,
            "right": 1018,
            "bottom": 935,
            "top": 913
        },
        "type": "text",
        "isClick": false,
        "id": 20,
        "content": "CSN"
    },
    {
        "location": {
            "left": 219,
            "right": 290,
            "bottom": 980,
            "top": 956
        },
        "type": "text",
        "isClick": false,
        "id": 21,
        "content": "CSN"
    },
    {
        "location": {
            "left": 381,
            "right": 683,
            "bottom": 998,
            "top": 975
        },
        "type": "text",
        "isClick": false,
        "id": 22,
        "content": "MONDAY 12/05 \u2022 12:00 AM UTC"
    },
    {
        "location": {
            "left": 66,
            "right": 105,
            "bottom": 1009,
            "top": 987
        },
        "type": "text",
        "isClick": false,
        "id": 23,
        "content": "LIVE"
    },
    {
        "location": {
            "left": 382,
            "right": 697,
            "bottom": 1119,
            "top": 1090
        },
        "type": "text",
        "isClick": false,
        "id": 24,
        "content": "nbc - csn - philadelphia"
    },
    {
        "location": {
            "left": 963,
            "right": 1015,
            "bottom": 1160,
            "top": 1141
        },
        "type": "text",
        "isClick": false,
        "id": 25,
        "content": "CSN"
    },
    {
        "location": {
            "left": 380,
            "right": 568,
            "bottom": 1174,
            "top": 1147
        },
        "type": "text",
        "isClick": false,
        "id": 26,
        "content": "T\u00caN PHILLY LIVE"
    },
    {
        "location": {
            "left": 219,
            "right": 290,
            "bottom": 1208,
            "top": 1182
        },
        "type": "text",
        "isClick": false,
        "id": 27,
        "content": "CSN"
    },
    {
        "location": {
            "left": 66,
            "right": 103,
            "bottom": 1235,
            "top": 1212
        },
        "type": "text",
        "isClick": false,
        "id": 28,
        "content": "LIVE"
    },
    {
        "location": {
            "left": 380,
            "right": 531,
            "bottom": 1227,
            "top": 1201
        },
        "type": "text",
        "isClick": false,
        "id": 29,
        "content": "TUESDAY 12/06"
    },
    {
        "location": {
            "left": 564,
            "right": 688,
            "bottom": 1227,
            "top": 1201
        },
        "type": "text",
        "isClick": false,
        "id": 30,
        "content": "11:00 AM UTC"
    },
    {
        "location": {
            "left": 382,
            "right": 697,
            "bottom": 1349,
            "top": 1315
        },
        "type": "text",
        "isClick": false,
        "id": 31,
        "content": "nbc - csn - philadelphia"
    },
    {
        "location": {
            "left": 381,
            "right": 569,
            "bottom": 1401,
            "top": 1373
        },
        "type": "text",
        "isClick": false,
        "id": 32,
        "content": "CSN PHILLY LIVE"
    },
    {
        "location": {
            "left": 961,
            "right": 1018,
            "bottom": 1389,
            "top": 1365
        },
        "type": "text",
        "isClick": false,
        "id": 33,
        "content": "CSN"
    },
    {
        "location": {
            "left": 219,
            "right": 290,
            "bottom": 1433,
            "top": 1409
        },
        "type": "text",
        "isClick": false,
        "id": 34,
        "content": "CSN"
    },
    {
        "location": {
            "left": 380,
            "right": 547,
            "bottom": 1454,
            "top": 1425
        },
        "type": "text",
        "isClick": false,
        "id": 35,
        "content": "TUESDAY 12/06 -"
    },
    {
        "location": {
            "left": 563,
            "right": 688,
            "bottom": 1454,
            "top": 1425
        },
        "type": "text",
        "isClick": false,
        "id": 36,
        "content": "11:00 AM UTC"
    },
    {
        "location": {
            "left": 66,
            "right": 104,
            "bottom": 1462,
            "top": 1440
        },
        "type": "text",
        "isClick": false,
        "id": 37,
        "content": "LIVE"
    },
    {
        "location": {
            "left": 382,
            "right": 689,
            "bottom": 1567,
            "top": 1543
        },
        "type": "text",
        "isClick": false,
        "id": 38,
        "content": "nbc - csn - mid - atlantic"
    },
    {
        "location": {
            "left": 381,
            "right": 659,
            "bottom": 1627,
            "top": 1600
        },
        "type": "text",
        "isClick": false,
        "id": 39,
        "content": "CSN MID - ATLANTIC LIVE"
    },
    {
        "location": {
            "left": 961,
            "right": 1017,
            "bottom": 1615,
            "top": 1592
        },
        "type": "text",
        "isClick": false,
        "id": 40,
        "content": "CSN"
    },
    {
        "location": {
            "left": 219,
            "right": 289,
            "bottom": 1660,
            "top": 1635
        },
        "type": "text",
        "isClick": false,
        "id": 41,
        "content": "CSN"
    },
    {
        "location": {
            "left": 66,
            "right": 104,
            "bottom": 1689,
            "top": 1666
        },
        "type": "text",
        "isClick": false,
        "id": 42,
        "content": "LIVE"
    },
    {
        "location": {
            "left": 380,
            "right": 688,
            "bottom": 1677,
            "top": 1655
        },
        "type": "text",
        "isClick": false,
        "id": 43,
        "content": "TUESDAY 12/06 - 11:00 AM UTC"
    },
    {
        "location": {
            "left": 382,
            "right": 631,
            "bottom": 1801,
            "top": 1769
        },
        "type": "text",
        "isClick": false,
        "id": 44,
        "content": "nbc - csn - chicago"
    },
    {
        "location": {
            "left": 963,
            "right": 1015,
            "bottom": 1839,
            "top": 1821
        },
        "type": "text",
        "isClick": false,
        "id": 45,
        "content": "CSN"
    },
    {
        "location": {
            "left": 381,
            "right": 592,
            "bottom": 1854,
            "top": 1826
        },
        "type": "text",
        "isClick": false,
        "id": 46,
        "content": "CSN CHICAGO LIVE"
    },
    {
        "location": {
            "left": 219,
            "right": 290,
            "bottom": 1886,
            "top": 1862
        },
        "type": "text",
        "isClick": false,
        "id": 47,
        "content": "CSN"
    },
    {
        "location": {
            "left": 65,
            "right": 105,
            "bottom": 1916,
            "top": 1892
        },
        "type": "text",
        "isClick": false,
        "id": 48,
        "content": "LIVE"
    },
    {
        "location": {
            "left": 380,
            "right": 688,
            "bottom": 1903,
            "top": 1882
        },
        "type": "text",
        "isClick": false,
        "id": 49,
        "content": "TUESDAY 12/06 - 11:00 AM UTC"
    }
]