[
    {
        "content": "FAK",
        "location": {
            "bottom": 25,
            "top": 10,
            "left": 469,
            "right": 507
        },
        "id": 0,
        "isClick": false,
        "type": "text"
    },
    {
        "content": "ff",
        "location": {
            "bottom": 52,
            "top": 10,
            "left": 219,
            "right": 316
        },
        "id": 1,
        "isClick": false,
        "type": "text"
    },
    {
        "content": "2:43",
        "location": {
            "bottom": 49,
            "top": 17,
            "left": 988,
            "right": 1056
        },
        "id": 2,
        "isClick": false,
        "type": "text"
    },
    {
        "content": "6",
        "location": {
            "bottom": 153,
            "top": 114,
            "left": 191,
            "right": 217
        },
        "id": 3,
        "isClick": false,
        "type": "text"
    },
    {
        "content": "week",
        "location": {
            "bottom": 155,
            "top": 113,
            "left": 233,
            "right": 353
        },
        "id": 4,
        "isClick": false,
        "type": "text"
    }
]