[
    {
        "content": "FAK",
        "location": {
            "bottom": 25,
            "top": 11,
            "left": 469,
            "right": 507
        },
        "id": 0,
        "isClick": false,
        "type": "text"
    },
    {
        "content": "\u00baff",
        "location": {
            "bottom": 52,
            "top": 9,
            "left": 163,
            "right": 315
        },
        "id": 1,
        "isClick": false,
        "type": "text"
    },
    {
        "content": "2:43",
        "location": {
            "bottom": 48,
            "top": 17,
            "left": 988,
            "right": 1056
        },
        "id": 2,
        "isClick": false,
        "type": "text"
    },
    {
        "content": "Pregnancy",
        "location": {
            "bottom": 169,
            "top": 113,
            "left": 191,
            "right": 437
        },
        "id": 3,
        "isClick": false,
        "type": "text"
    },
    {
        "content": "calendar",
        "location": {
            "bottom": 161,
            "top": 113,
            "left": 453,
            "right": 655
        },
        "id": 4,
        "isClick": false,
        "type": "text"
    },
    {
        "content": ":",
        "location": {
            "bottom": 158,
            "top": 113,
            "left": 1016,
            "right": 1027
        },
        "id": 5,
        "isClick": false,
        "type": "text"
    },
    {
        "content": "Pregnancy",
        "location": {
            "bottom": 273,
            "top": 237,
            "left": 132,
            "right": 301
        },
        "id": 6,
        "isClick": false,
        "type": "text"
    },
    {
        "content": "options",
        "location": {
            "bottom": 315,
            "top": 281,
            "left": 129,
            "right": 248
        },
        "id": 7,
        "isClick": false,
        "type": "text"
    },
    {
        "content": "15",
        "location": {
            "bottom": 263,
            "top": 247,
            "left": 919,
            "right": 939
        },
        "id": 8,
        "isClick": false,
        "type": "text"
    },
    {
        "content": "mm",
        "location": {
            "bottom": 306,
            "top": 248,
            "left": 950,
            "right": 972
        },
        "id": 9,
        "isClick": false,
        "type": "text"
    },
    {
        "content": "d",
        "location": {
            "bottom": 424,
            "top": 382,
            "left": 36,
            "right": 88
        },
        "id": 10,
        "isClick": false,
        "type": "text"
    },
    {
        "content": "Settings",
        "location": {
            "bottom": 425,
            "top": 386,
            "left": 131,
            "right": 260
        },
        "id": 11,
        "isClick": false,
        "type": "text"
    },
    {
        "content": "1",
        "location": {
            "bottom": 552,
            "top": 510,
            "left": 45,
            "right": 66
        },
        "id": 12,
        "isClick": false,
        "type": "text"
    },
    {
        "content": "Weight control",
        "location": {
            "bottom": 552,
            "top": 513,
            "left": 129,
            "right": 362
        },
        "id": 13,
        "isClick": false,
        "type": "text"
    },
    {
        "content": "Counter",
        "location": {
            "bottom": 654,
            "top": 625,
            "left": 131,
            "right": 257
        },
        "id": 14,
        "isClick": false,
        "type": "text"
    },
    {
        "content": "perturbations",
        "location": {
            "bottom": 702,
            "top": 665,
            "left": 132,
            "right": 347
        },
        "id": 15,
        "isClick": false,
        "type": "text"
    },
    {
        "content": "0",
        "location": {
            "bottom": 811,
            "top": 768,
            "left": 53,
            "right": 66
        },
        "id": 16,
        "isClick": false,
        "type": "text"
    },
    {
        "content": "Counter fights",
        "location": {
            "bottom": 816,
            "top": 773,
            "left": 130,
            "right": 357
        },
        "id": 17,
        "isClick": true,
        "type": "text"
    },
    {
        "content": "The",
        "location": {
            "bottom": 913,
            "top": 881,
            "left": 129,
            "right": 189
        },
        "id": 18,
        "isClick": false,
        "type": "text"
    },
    {
        "content": "baby was",
        "location": {
            "bottom": 922,
            "top": 881,
            "left": 201,
            "right": 351
        },
        "id": 19,
        "isClick": false,
        "type": "text"
    },
    {
        "content": "born !",
        "location": {
            "bottom": 954,
            "top": 923,
            "left": 131,
            "right": 209
        },
        "id": 20,
        "isClick": false,
        "type": "text"
    },
    {
        "content": "500",
        "location": {
            "bottom": 940,
            "top": 912,
            "left": 525,
            "right": 574
        },
        "id": 21,
        "isClick": false,
        "type": "text"
    },
    {
        "content": "-2 day / 1",
        "location": {
            "bottom": 999,
            "top": 962,
            "left": 516,
            "right": 654
        },
        "id": 22,
        "isClick": false,
        "type": "text"
    },
    {
        "content": "trimester",
        "location": {
            "bottom": 992,
            "top": 964,
            "left": 671,
            "right": 818
        },
        "id": 23,
        "isClick": false,
        "type": "text"
    },
    {
        "content": "month / 2 - th obst .",
        "location": {
            "bottom": 1037,
            "top": 1004,
            "left": 547,
            "right": 834
        },
        "id": 24,
        "isClick": false,
        "type": "text"
    },
    {
        "content": "month",
        "location": {
            "bottom": 1035,
            "top": 1004,
            "left": 849,
            "right": 949
        },
        "id": 25,
        "isClick": false,
        "type": "text"
    },
    {
        "content": "Stop counting",
        "location": {
            "bottom": 1049,
            "top": 1010,
            "left": 130,
            "right": 353
        },
        "id": 26,
        "isClick": false,
        "type": "text"
    },
    {
        "content": "period",
        "location": {
            "bottom": 1089,
            "top": 1048,
            "left": 129,
            "right": 231
        },
        "id": 27,
        "isClick": false,
        "type": "text"
    },
    {
        "content": "Le 5 day / 243",
        "location": {
            "bottom": 1113,
            "top": 1077,
            "left": 512,
            "right": 722
        },
        "id": 28,
        "isClick": false,
        "type": "text"
    },
    {
        "content": "day",
        "location": {
            "bottom": 1113,
            "top": 1076,
            "left": 737,
            "right": 792
        },
        "id": 29,
        "isClick": false,
        "type": "text"
    },
    {
        "content": "0",
        "location": {
            "bottom": 1195,
            "top": 1159,
            "left": 42,
            "right": 83
        },
        "id": 30,
        "isClick": false,
        "type": "text"
    },
    {
        "content": "About",
        "location": {
            "bottom": 1192,
            "top": 1161,
            "left": 130,
            "right": 224
        },
        "id": 31,
        "isClick": false,
        "type": "text"
    },
    {
        "content": "Rest",
        "location": {
            "bottom": 1225,
            "top": 1205,
            "left": 644,
            "right": 706
        },
        "id": 32,
        "isClick": false,
        "type": "text"
    },
    {
        "content": "243 day",
        "location": {
            "bottom": 1281,
            "top": 1255,
            "left": 615,
            "right": 739
        },
        "id": 33,
        "isClick": false,
        "type": "text"
    },
    {
        "content": "7",
        "location": {
            "bottom": 1328,
            "top": 1299,
            "left": 623,
            "right": 641
        },
        "id": 34,
        "isClick": false,
        "type": "text"
    },
    {
        "content": "8",
        "location": {
            "bottom": 1305,
            "top": 1304,
            "left": 727,
            "right": 728
        },
        "id": 35,
        "isClick": false,
        "type": "text"
    },
    {
        "content": "7",
        "location": {
            "bottom": 1376,
            "top": 1347,
            "left": 692,
            "right": 710
        },
        "id": 36,
        "isClick": false,
        "type": "text"
    },
    {
        "content": "Rate",
        "location": {
            "bottom": 1321,
            "top": 1289,
            "left": 131,
            "right": 201
        },
        "id": 37,
        "isClick": false,
        "type": "text"
    },
    {
        "content": "app",
        "location": {
            "bottom": 1329,
            "top": 1297,
            "left": 213,
            "right": 271
        },
        "id": 38,
        "isClick": false,
        "type": "text"
    },
    {
        "content": "6",
        "location": {
            "bottom": 1326,
            "top": 1298,
            "left": 527,
            "right": 542
        },
        "id": 39,
        "isClick": false,
        "type": "text"
    },
    {
        "content": "9",
        "location": {
            "bottom": 1326,
            "top": 1298,
            "left": 816,
            "right": 832
        },
        "id": 40,
        "isClick": false,
        "type": "text"
    },
    {
        "content": "day",
        "location": {
            "bottom": 1283,
            "top": 1258,
            "left": 996,
            "right": 1051
        },
        "id": 41,
        "isClick": false,
        "type": "text"
    },
    {
        "content": "10",
        "location": {
            "bottom": 1334,
            "top": 1295,
            "left": 904,
            "right": 943
        },
        "id": 42,
        "isClick": false,
        "type": "text"
    },
    {
        "content": "obs.m.",
        "location": {
            "bottom": 1329,
            "top": 1302,
            "left": 970,
            "right": 1068
        },
        "id": 43,
        "isClick": false,
        "type": "text"
    },
    {
        "content": "9",
        "location": {
            "bottom": 1379,
            "top": 1348,
            "left": 910,
            "right": 925
        },
        "id": 44,
        "isClick": false,
        "type": "text"
    },
    {
        "content": "cal.m.",
        "location": {
            "bottom": 1378,
            "top": 1359,
            "left": 979,
            "right": 1064
        },
        "id": 45,
        "isClick": false,
        "type": "text"
    },
    {
        "content": "trim .",
        "location": {
            "bottom": 1427,
            "top": 1403,
            "left": 989,
            "right": 1056
        },
        "id": 46,
        "isClick": false,
        "type": "text"
    },
    {
        "content": "8",
        "location": {
            "bottom": 1375,
            "top": 1348,
            "left": 801,
            "right": 817
        },
        "id": 47,
        "isClick": false,
        "type": "text"
    },
    {
        "content": "3 .",
        "location": {
            "bottom": 1426,
            "top": 1399,
            "left": 802,
            "right": 820
        },
        "id": 48,
        "isClick": false,
        "type": "text"
    },
    {
        "content": "6",
        "location": {
            "bottom": 1603,
            "top": 1576,
            "left": 532,
            "right": 547
        },
        "id": 49,
        "isClick": false,
        "type": "text"
    },
    {
        "content": "7 >",
        "location": {
            "bottom": 1600,
            "top": 1576,
            "left": 1000,
            "right": 1021
        },
        "id": 50,
        "isClick": false,
        "type": "text"
    },
    {
        "content": "nearly",
        "location": {
            "bottom": 1728,
            "top": 1678,
            "left": 524,
            "right": 624
        },
        "id": 51,
        "isClick": false,
        "type": "text"
    },
    {
        "content": "full ?",
        "location": {
            "bottom": 1720,
            "top": 1686,
            "left": 636,
            "right": 720
        },
        "id": 52,
        "isClick": false,
        "type": "text"
    },
    {
        "content": "nk",
        "location": {
            "bottom": 1777,
            "top": 1728,
            "left": 524,
            "right": 555
        },
        "id": 53,
        "isClick": false,
        "type": "text"
    },
    {
        "content": "files",
        "location": {
            "bottom": 1772,
            "top": 1738,
            "left": 573,
            "right": 640
        },
        "id": 54,
        "isClick": false,
        "type": "text"
    },
    {
        "content": "now",
        "location": {
            "bottom": 1772,
            "top": 1746,
            "left": 656,
            "right": 728
        },
        "id": 55,
        "isClick": false,
        "type": "text"
    },
    {
        "content": "!",
        "location": {
            "bottom": 1772,
            "top": 1738,
            "left": 743,
            "right": 747
        },
        "id": 56,
        "isClick": false,
        "type": "text"
    },
    {
        "content": "+",
        "location": {
            "bottom": 1740,
            "top": 1702,
            "left": 847,
            "right": 887
        },
        "id": 57,
        "isClick": false,
        "type": "text"
    },
    {
        "content": "V",
        "location": {
            "bottom": 1880,
            "top": 1833,
            "left": 214,
            "right": 258
        },
        "id": 58,
        "isClick": false,
        "type": "text"
    },
    {
        "content": "O",
        "location": {
            "bottom": 1883,
            "top": 1833,
            "left": 516,
            "right": 563
        },
        "id": 59,
        "isClick": false,
        "type": "text"
    }
]