[
    {
        "content": "FAK",
        "location": {
            "bottom": 25,
            "top": 11,
            "left": 469,
            "right": 507
        },
        "id": 0,
        "isClick": false,
        "type": "text"
    },
    {
        "content": "2:46",
        "location": {
            "bottom": 47,
            "top": 17,
            "left": 987,
            "right": 1055
        },
        "id": 1,
        "isClick": false,
        "type": "text"
    },
    {
        "content": "Counter",
        "location": {
            "bottom": 161,
            "top": 114,
            "left": 191,
            "right": 375
        },
        "id": 2,
        "isClick": false,
        "type": "text"
    },
    {
        "content": "fights",
        "location": {
            "bottom": 169,
            "top": 113,
            "left": 389,
            "right": 521
        },
        "id": 3,
        "isClick": false,
        "type": "text"
    },
    {
        "content": "?",
        "location": {
            "bottom": 168,
            "top": 106,
            "left": 1000,
            "right": 1035
        },
        "id": 4,
        "isClick": false,
        "type": "text"
    },
    {
        "content": "Contraction",
        "location": {
            "bottom": 390,
            "top": 353,
            "left": 177,
            "right": 388
        },
        "id": 5,
        "isClick": false,
        "type": "text"
    },
    {
        "content": "00:00",
        "location": {
            "bottom": 409,
            "top": 337,
            "left": 684,
            "right": 909
        },
        "id": 6,
        "isClick": false,
        "type": "text"
    },
    {
        "content": "Water",
        "location": {
            "bottom": 488,
            "top": 457,
            "left": 700,
            "right": 791
        },
        "id": 7,
        "isClick": false,
        "type": "text"
    },
    {
        "content": "broke",
        "location": {
            "bottom": 485,
            "top": 455,
            "left": 806,
            "right": 893
        },
        "id": 8,
        "isClick": false,
        "type": "text"
    },
    {
        "content": "vo",
        "location": {
            "bottom": 566,
            "top": 537,
            "left": 32,
            "right": 64
        },
        "id": 9,
        "isClick": false,
        "type": "text"
    },
    {
        "content": "Time",
        "location": {
            "bottom": 565,
            "top": 537,
            "left": 201,
            "right": 283
        },
        "id": 10,
        "isClick": false,
        "type": "text"
    },
    {
        "content": "Event",
        "location": {
            "bottom": 567,
            "top": 537,
            "left": 415,
            "right": 501
        },
        "id": 11,
        "isClick": false,
        "type": "text"
    },
    {
        "content": "Duration",
        "location": {
            "bottom": 565,
            "top": 537,
            "left": 633,
            "right": 766
        },
        "id": 12,
        "isClick": false,
        "type": "text"
    },
    {
        "content": "V",
        "location": {
            "bottom": 1880,
            "top": 1833,
            "left": 214,
            "right": 258
        },
        "id": 13,
        "isClick": false,
        "type": "text"
    }
]