[
    {
        "content": "FAK",
        "location": {
            "bottom": 25,
            "top": 11,
            "left": 469,
            "right": 507
        },
        "id": 0,
        "isClick": false,
        "type": "text"
    },
    {
        "content": "\u00baff",
        "location": {
            "bottom": 53,
            "top": 9,
            "left": 163,
            "right": 315
        },
        "id": 1,
        "isClick": false,
        "type": "text"
    },
    {
        "content": "2:46",
        "location": {
            "bottom": 47,
            "top": 17,
            "left": 987,
            "right": 1055
        },
        "id": 2,
        "isClick": false,
        "type": "text"
    },
    {
        "content": "III",
        "location": {
            "bottom": 152,
            "top": 117,
            "left": 47,
            "right": 100
        },
        "id": 3,
        "isClick": false,
        "type": "text"
    },
    {
        "content": "Pregnancy",
        "location": {
            "bottom": 169,
            "top": 113,
            "left": 191,
            "right": 437
        },
        "id": 4,
        "isClick": false,
        "type": "text"
    },
    {
        "content": "calendar",
        "location": {
            "bottom": 161,
            "top": 113,
            "left": 453,
            "right": 655
        },
        "id": 5,
        "isClick": false,
        "type": "text"
    },
    {
        "content": ":",
        "location": {
            "bottom": 158,
            "top": 113,
            "left": 1016,
            "right": 1027
        },
        "id": 6,
        "isClick": false,
        "type": "text"
    },
    {
        "content": "1",
        "location": {
            "bottom": 320,
            "top": 246,
            "left": 115,
            "right": 163
        },
        "id": 7,
        "isClick": false,
        "type": "text"
    },
    {
        "content": "\u5716",
        "location": {
            "bottom": 320,
            "top": 241,
            "left": 902,
            "right": 986
        },
        "id": 8,
        "isClick": false,
        "type": "text"
    },
    {
        "content": "Your",
        "location": {
            "bottom": 401,
            "top": 370,
            "left": 6,
            "right": 79
        },
        "id": 9,
        "isClick": false,
        "type": "text"
    },
    {
        "content": "week of",
        "location": {
            "bottom": 401,
            "top": 369,
            "left": 90,
            "right": 216
        },
        "id": 10,
        "isClick": false,
        "type": "text"
    },
    {
        "content": "pregnancy",
        "location": {
            "bottom": 409,
            "top": 377,
            "left": 231,
            "right": 396
        },
        "id": 11,
        "isClick": false,
        "type": "text"
    },
    {
        "content": ": 6",
        "location": {
            "bottom": 401,
            "top": 372,
            "left": 398,
            "right": 434
        },
        "id": 12,
        "isClick": false,
        "type": "text"
    },
    {
        "content": "Weight :",
        "location": {
            "bottom": 750,
            "top": 714,
            "left": 8,
            "right": 126
        },
        "id": 13,
        "isClick": false,
        "type": "text"
    },
    {
        "content": "Long :",
        "location": {
            "bottom": 802,
            "top": 768,
            "left": 9,
            "right": 93
        },
        "id": 14,
        "isClick": false,
        "type": "text"
    },
    {
        "content": "4-6",
        "location": {
            "bottom": 797,
            "top": 768,
            "left": 366,
            "right": 414
        },
        "id": 15,
        "isClick": false,
        "type": "text"
    },
    {
        "content": "mm",
        "location": {
            "bottom": 797,
            "top": 773,
            "left": 429,
            "right": 487
        },
        "id": 16,
        "isClick": false,
        "type": "text"
    },
    {
        "content": "Normal",
        "location": {
            "bottom": 848,
            "top": 817,
            "left": 9,
            "right": 124
        },
        "id": 17,
        "isClick": false,
        "type": "text"
    },
    {
        "content": "Fetal",
        "location": {
            "bottom": 848,
            "top": 817,
            "left": 139,
            "right": 214
        },
        "id": 18,
        "isClick": false,
        "type": "text"
    },
    {
        "content": "Heart",
        "location": {
            "bottom": 848,
            "top": 818,
            "left": 229,
            "right": 316
        },
        "id": 19,
        "isClick": false,
        "type": "text"
    },
    {
        "content": "103-126",
        "location": {
            "bottom": 869,
            "top": 839,
            "left": 368,
            "right": 498
        },
        "id": 20,
        "isClick": false,
        "type": "text"
    },
    {
        "content": "Rate :",
        "location": {
            "bottom": 889,
            "top": 862,
            "left": 8,
            "right": 85
        },
        "id": 21,
        "isClick": false,
        "type": "text"
    },
    {
        "content": "Normal hCG :",
        "location": {
            "bottom": 941,
            "top": 911,
            "left": 9,
            "right": 212
        },
        "id": 22,
        "isClick": false,
        "type": "text"
    },
    {
        "content": "1110-31500",
        "location": {
            "bottom": 941,
            "top": 912,
            "left": 367,
            "right": 574
        },
        "id": 23,
        "isClick": false,
        "type": "text"
    },
    {
        "content": "Term of",
        "location": {
            "bottom": 1017,
            "top": 983,
            "left": 6,
            "right": 133
        },
        "id": 24,
        "isClick": false,
        "type": "text"
    },
    {
        "content": "pregnancy",
        "location": {
            "bottom": 1021,
            "top": 991,
            "left": 144,
            "right": 311
        },
        "id": 25,
        "isClick": false,
        "type": "text"
    },
    {
        "content": ":",
        "location": {
            "bottom": 1013,
            "top": 991,
            "left": 315,
            "right": 319
        },
        "id": 26,
        "isClick": false,
        "type": "text"
    },
    {
        "content": "5 week & 2 day / 1",
        "location": {
            "bottom": 999,
            "top": 961,
            "left": 367,
            "right": 654
        },
        "id": 27,
        "isClick": false,
        "type": "text"
    },
    {
        "content": "trimester",
        "location": {
            "bottom": 993,
            "top": 961,
            "left": 672,
            "right": 819
        },
        "id": 28,
        "isClick": false,
        "type": "text"
    },
    {
        "content": "2 - th calen .",
        "location": {
            "bottom": 1038,
            "top": 1003,
            "left": 366,
            "right": 531
        },
        "id": 29,
        "isClick": false,
        "type": "text"
    },
    {
        "content": "month / 2 - th obst .",
        "location": {
            "bottom": 1038,
            "top": 1001,
            "left": 547,
            "right": 834
        },
        "id": 30,
        "isClick": false,
        "type": "text"
    },
    {
        "content": "month",
        "location": {
            "bottom": 1038,
            "top": 1004,
            "left": 849,
            "right": 949
        },
        "id": 31,
        "isClick": false,
        "type": "text"
    },
    {
        "content": "Before the birth of",
        "location": {
            "bottom": 1085,
            "top": 1056,
            "left": 9,
            "right": 301
        },
        "id": 32,
        "isClick": false,
        "type": "text"
    },
    {
        "content": "34 week & 5 day / 243",
        "location": {
            "bottom": 1112,
            "top": 1074,
            "left": 366,
            "right": 722
        },
        "id": 33,
        "isClick": false,
        "type": "text"
    },
    {
        "content": "day",
        "location": {
            "bottom": 1113,
            "top": 1076,
            "left": 737,
            "right": 792
        },
        "id": 34,
        "isClick": false,
        "type": "text"
    },
    {
        "content": "left :",
        "location": {
            "bottom": 1129,
            "top": 1098,
            "left": 7,
            "right": 65
        },
        "id": 35,
        "isClick": false,
        "type": "text"
    },
    {
        "content": "Date of birth :",
        "location": {
            "bottom": 1179,
            "top": 1149,
            "left": 8,
            "right": 213
        },
        "id": 36,
        "isClick": false,
        "type": "text"
    },
    {
        "content": "11/13/17",
        "location": {
            "bottom": 1182,
            "top": 1146,
            "left": 367,
            "right": 518
        },
        "id": 37,
        "isClick": false,
        "type": "text"
    },
    {
        "content": "Term",
        "location": {
            "bottom": 1233,
            "top": 1201,
            "left": 41,
            "right": 123
        },
        "id": 38,
        "isClick": false,
        "type": "text"
    },
    {
        "content": "of",
        "location": {
            "bottom": 1233,
            "top": 1200,
            "left": 135,
            "right": 167
        },
        "id": 39,
        "isClick": false,
        "type": "text"
    },
    {
        "content": "pregnancy",
        "location": {
            "bottom": 1238,
            "top": 1208,
            "left": 179,
            "right": 345
        },
        "id": 40,
        "isClick": false,
        "type": "text"
    },
    {
        "content": "Rest",
        "location": {
            "bottom": 1230,
            "top": 1202,
            "left": 645,
            "right": 713
        },
        "id": 41,
        "isClick": false,
        "type": "text"
    },
    {
        "content": "37 day",
        "location": {
            "bottom": 1285,
            "top": 1249,
            "left": 139,
            "right": 247
        },
        "id": 42,
        "isClick": false,
        "type": "text"
    },
    {
        "content": "243 day",
        "location": {
            "bottom": 1283,
            "top": 1249,
            "left": 614,
            "right": 741
        },
        "id": 43,
        "isClick": false,
        "type": "text"
    },
    {
        "content": "day",
        "location": {
            "bottom": 1281,
            "top": 1249,
            "left": 996,
            "right": 1051
        },
        "id": 44,
        "isClick": false,
        "type": "text"
    },
    {
        "content": "1",
        "location": {
            "bottom": 1327,
            "top": 1300,
            "left": 39,
            "right": 49
        },
        "id": 45,
        "isClick": false,
        "type": "text"
    },
    {
        "content": "2",
        "location": {
            "bottom": 1327,
            "top": 1298,
            "left": 139,
            "right": 156
        },
        "id": 46,
        "isClick": false,
        "type": "text"
    },
    {
        "content": "3 .",
        "location": {
            "bottom": 1326,
            "top": 1302,
            "left": 243,
            "right": 253
        },
        "id": 47,
        "isClick": false,
        "type": "text"
    },
    {
        "content": "4",
        "location": {
            "bottom": 1328,
            "top": 1302,
            "left": 333,
            "right": 349
        },
        "id": 48,
        "isClick": false,
        "type": "text"
    },
    {
        "content": "5",
        "location": {
            "bottom": 1328,
            "top": 1301,
            "left": 432,
            "right": 448
        },
        "id": 49,
        "isClick": false,
        "type": "text"
    },
    {
        "content": "6",
        "location": {
            "bottom": 1327,
            "top": 1301,
            "left": 528,
            "right": 544
        },
        "id": 50,
        "isClick": false,
        "type": "text"
    },
    {
        "content": "7",
        "location": {
            "bottom": 1329,
            "top": 1304,
            "left": 624,
            "right": 641
        },
        "id": 51,
        "isClick": false,
        "type": "text"
    },
    {
        "content": "8",
        "location": {
            "bottom": 1329,
            "top": 1301,
            "left": 722,
            "right": 737
        },
        "id": 52,
        "isClick": false,
        "type": "text"
    },
    {
        "content": "9",
        "location": {
            "bottom": 1328,
            "top": 1301,
            "left": 818,
            "right": 833
        },
        "id": 53,
        "isClick": false,
        "type": "text"
    },
    {
        "content": "10",
        "location": {
            "bottom": 1329,
            "top": 1301,
            "left": 906,
            "right": 942
        },
        "id": 54,
        "isClick": false,
        "type": "text"
    },
    {
        "content": "obs.m.",
        "location": {
            "bottom": 1336,
            "top": 1299,
            "left": 970,
            "right": 1076
        },
        "id": 55,
        "isClick": false,
        "type": "text"
    },
    {
        "content": "1",
        "location": {
            "bottom": 1377,
            "top": 1351,
            "left": 45,
            "right": 54
        },
        "id": 56,
        "isClick": false,
        "type": "text"
    },
    {
        "content": "2",
        "location": {
            "bottom": 1376,
            "top": 1349,
            "left": 155,
            "right": 172
        },
        "id": 57,
        "isClick": false,
        "type": "text"
    },
    {
        "content": "3",
        "location": {
            "bottom": 1376,
            "top": 1351,
            "left": 263,
            "right": 278
        },
        "id": 58,
        "isClick": false,
        "type": "text"
    },
    {
        "content": "4",
        "location": {
            "bottom": 1374,
            "top": 1351,
            "left": 370,
            "right": 388
        },
        "id": 59,
        "isClick": false,
        "type": "text"
    },
    {
        "content": "5",
        "location": {
            "bottom": 1376,
            "top": 1351,
            "left": 479,
            "right": 494
        },
        "id": 60,
        "isClick": false,
        "type": "text"
    },
    {
        "content": "6",
        "location": {
            "bottom": 1376,
            "top": 1351,
            "left": 587,
            "right": 603
        },
        "id": 61,
        "isClick": false,
        "type": "text"
    },
    {
        "content": "7 .",
        "location": {
            "bottom": 1377,
            "top": 1351,
            "left": 697,
            "right": 712
        },
        "id": 62,
        "isClick": false,
        "type": "text"
    },
    {
        "content": "8",
        "location": {
            "bottom": 1376,
            "top": 1351,
            "left": 802,
            "right": 817
        },
        "id": 63,
        "isClick": false,
        "type": "text"
    },
    {
        "content": "9",
        "location": {
            "bottom": 1376,
            "top": 1351,
            "left": 910,
            "right": 924
        },
        "id": 64,
        "isClick": false,
        "type": "text"
    },
    {
        "content": "cal.m.",
        "location": {
            "bottom": 1385,
            "top": 1349,
            "left": 977,
            "right": 1072
        },
        "id": 65,
        "isClick": false,
        "type": "text"
    },
    {
        "content": "1",
        "location": {
            "bottom": 1429,
            "top": 1400,
            "left": 154,
            "right": 163
        },
        "id": 66,
        "isClick": false,
        "type": "text"
    },
    {
        "content": "2",
        "location": {
            "bottom": 1428,
            "top": 1400,
            "left": 479,
            "right": 496
        },
        "id": 67,
        "isClick": false,
        "type": "text"
    },
    {
        "content": "3",
        "location": {
            "bottom": 1426,
            "top": 1400,
            "left": 801,
            "right": 816
        },
        "id": 68,
        "isClick": false,
        "type": "text"
    },
    {
        "content": "trim .",
        "location": {
            "bottom": 1428,
            "top": 1400,
            "left": 986,
            "right": 1058
        },
        "id": 69,
        "isClick": false,
        "type": "text"
    },
    {
        "content": "< 5",
        "location": {
            "bottom": 1605,
            "top": 1576,
            "left": 48,
            "right": 94
        },
        "id": 70,
        "isClick": true,
        "type": "text"
    },
    {
        "content": "6",
        "location": {
            "bottom": 1606,
            "top": 1575,
            "left": 532,
            "right": 547
        },
        "id": 71,
        "isClick": false,
        "type": "text"
    },
    {
        "content": "7 >",
        "location": {
            "bottom": 1601,
            "top": 1575,
            "left": 998,
            "right": 1021
        },
        "id": 72,
        "isClick": false,
        "type": "text"
    },
    {
        "content": "?",
        "location": {
            "bottom": 1730,
            "top": 1690,
            "left": 260,
            "right": 281
        },
        "id": 73,
        "isClick": false,
        "type": "text"
    },
    {
        "content": "Storage",
        "location": {
            "bottom": 1728,
            "top": 1685,
            "left": 361,
            "right": 500
        },
        "id": 74,
        "isClick": false,
        "type": "text"
    },
    {
        "content": "nearly",
        "location": {
            "bottom": 1728,
            "top": 1685,
            "left": 517,
            "right": 622
        },
        "id": 75,
        "isClick": false,
        "type": "text"
    },
    {
        "content": "full",
        "location": {
            "bottom": 1720,
            "top": 1685,
            "left": 637,
            "right": 688
        },
        "id": 76,
        "isClick": false,
        "type": "text"
    },
    {
        "content": "?",
        "location": {
            "bottom": 1720,
            "top": 1685,
            "left": 705,
            "right": 720
        },
        "id": 77,
        "isClick": false,
        "type": "text"
    },
    {
        "content": "remove",
        "location": {
            "bottom": 1773,
            "top": 1746,
            "left": 334,
            "right": 467
        },
        "id": 78,
        "isClick": false,
        "type": "text"
    },
    {
        "content": "junk",
        "location": {
            "bottom": 1775,
            "top": 1738,
            "left": 484,
            "right": 552
        },
        "id": 79,
        "isClick": false,
        "type": "text"
    },
    {
        "content": "files",
        "location": {
            "bottom": 1773,
            "top": 1738,
            "left": 567,
            "right": 638
        },
        "id": 80,
        "isClick": false,
        "type": "text"
    },
    {
        "content": "now",
        "location": {
            "bottom": 1773,
            "top": 1746,
            "left": 655,
            "right": 726
        },
        "id": 81,
        "isClick": false,
        "type": "text"
    },
    {
        "content": "!",
        "location": {
            "bottom": 1773,
            "top": 1738,
            "left": 743,
            "right": 746
        },
        "id": 82,
        "isClick": false,
        "type": "text"
    },
    {
        "content": "0",
        "location": {
            "bottom": 1741,
            "top": 1690,
            "left": 846,
            "right": 889
        },
        "id": 83,
        "isClick": false,
        "type": "text"
    },
    {
        "content": "XD",
        "location": {
            "bottom": 1791,
            "top": 1753,
            "left": -8,
            "right": 83
        },
        "id": 84,
        "isClick": false,
        "type": "text"
    },
    {
        "content": "Cookplay",
        "location": {
            "bottom": 1793,
            "top": 1763,
            "left": 836,
            "right": 927
        },
        "id": 85,
        "isClick": false,
        "type": "text"
    }
]