[
    {
        "isClick": false,
        "id": 0,
        "content": "FAK",
        "type": "text",
        "location": {
            "right": 318,
            "top": 12,
            "left": 280,
            "bottom": 27
        }
    },
    {
        "isClick": false,
        "id": 1,
        "content": "*",
        "type": "text",
        "location": {
            "right": 723,
            "top": 14,
            "left": 704,
            "bottom": 49
        }
    },
    {
        "isClick": false,
        "id": 2,
        "content": "$",
        "type": "text",
        "location": {
            "right": 945,
            "top": 12,
            "left": 922,
            "bottom": 49
        }
    },
    {
        "isClick": false,
        "id": 3,
        "content": "11:26",
        "type": "text",
        "location": {
            "right": 1056,
            "top": 17,
            "left": 968,
            "bottom": 49
        }
    },
    {
        "isClick": false,
        "id": 4,
        "content": "skylanderstrapvault.com/phone",
        "type": "text",
        "location": {
            "right": 803,
            "top": 113,
            "left": 142,
            "bottom": 159
        }
    },
    {
        "isClick": false,
        "id": 5,
        "content": "SKSANDERS",
        "type": "text",
        "location": {
            "right": 986,
            "top": 270,
            "left": 101,
            "bottom": 549
        }
    },
    {
        "isClick": false,
        "id": 6,
        "content": "VAULT",
        "type": "text",
        "location": {
            "right": 860,
            "top": 451,
            "left": 603,
            "bottom": 589
        }
    },
    {
        "isClick": false,
        "id": 7,
        "content": "TRAP",
        "type": "text",
        "location": {
            "right": 452,
            "top": 455,
            "left": 218,
            "bottom": 581
        }
    },
    {
        "isClick": false,
        "id": 8,
        "content": "iPhone",
        "type": "text",
        "location": {
            "right": 523,
            "top": 787,
            "left": 356,
            "bottom": 828
        }
    },
    {
        "isClick": false,
        "id": 9,
        "content": "Edition",
        "type": "text",
        "location": {
            "right": 711,
            "top": 787,
            "left": 542,
            "bottom": 828
        }
    },
    {
        "isClick": false,
        "id": 10,
        "content": "Download",
        "type": "text",
        "location": {
            "right": 621,
            "top": 927,
            "left": 444,
            "bottom": 958
        }
    },
    {
        "isClick": false,
        "id": 11,
        "content": "on",
        "type": "text",
        "location": {
            "right": 679,
            "top": 934,
            "left": 640,
            "bottom": 957
        }
    },
    {
        "isClick": false,
        "id": 12,
        "content": "the",
        "type": "text",
        "location": {
            "right": 751,
            "top": 929,
            "left": 698,
            "bottom": 958
        }
    },
    {
        "isClick": false,
        "id": 13,
        "content": "App",
        "type": "text",
        "location": {
            "right": 571,
            "top": 974,
            "left": 442,
            "bottom": 1045
        }
    },
    {
        "isClick": false,
        "id": 14,
        "content": "Store",
        "type": "text",
        "location": {
            "right": 755,
            "top": 973,
            "left": 587,
            "bottom": 1033
        }
    },
    {
        "isClick": false,
        "id": 15,
        "content": "iPad",
        "type": "text",
        "location": {
            "right": 489,
            "top": 1164,
            "left": 388,
            "bottom": 1207
        }
    },
    {
        "isClick": false,
        "id": 16,
        "content": "Edition",
        "type": "text",
        "location": {
            "right": 679,
            "top": 1164,
            "left": 510,
            "bottom": 1207
        }
    },
    {
        "isClick": false,
        "id": 17,
        "content": "Download",
        "type": "text",
        "location": {
            "right": 623,
            "top": 1307,
            "left": 444,
            "bottom": 1335
        }
    },
    {
        "isClick": false,
        "id": 18,
        "content": "on",
        "type": "text",
        "location": {
            "right": 681,
            "top": 1312,
            "left": 640,
            "bottom": 1335
        }
    },
    {
        "isClick": false,
        "id": 19,
        "content": "the",
        "type": "text",
        "location": {
            "right": 754,
            "top": 1307,
            "left": 698,
            "bottom": 1335
        }
    },
    {
        "isClick": false,
        "id": 20,
        "content": "App",
        "type": "text",
        "location": {
            "right": 570,
            "top": 1354,
            "left": 440,
            "bottom": 1423
        }
    },
    {
        "isClick": false,
        "id": 21,
        "content": "Store",
        "type": "text",
        "location": {
            "right": 758,
            "top": 1353,
            "left": 592,
            "bottom": 1412
        }
    },
    {
        "isClick": false,
        "id": 22,
        "content": "Android",
        "type": "text",
        "location": {
            "right": 641,
            "top": 1545,
            "left": 444,
            "bottom": 1588
        }
    },
    {
        "isClick": false,
        "id": 23,
        "content": "GET",
        "type": "text",
        "location": {
            "right": 469,
            "top": 1682,
            "left": 395,
            "bottom": 1710
        }
    },
    {
        "isClick": false,
        "id": 24,
        "content": "IT",
        "type": "text",
        "location": {
            "right": 516,
            "top": 1682,
            "left": 486,
            "bottom": 1710
        }
    },
    {
        "isClick": false,
        "id": 25,
        "content": "ON",
        "type": "text",
        "location": {
            "right": 587,
            "top": 1682,
            "left": 532,
            "bottom": 1710
        }
    },
    {
        "isClick": false,
        "id": 26,
        "content": "Google",
        "type": "text",
        "location": {
            "right": 635,
            "top": 1734,
            "left": 396,
            "bottom": 1795
        }
    },
    {
        "isClick": false,
        "id": 27,
        "content": "play",
        "type": "text",
        "location": {
            "right": 783,
            "top": 1740,
            "left": 658,
            "bottom": 1796
        }
    },
    {
        "isClick": false,
        "id": 28,
        "content": "O",
        "type": "text",
        "location": {
            "right": 563,
            "top": 1834,
            "left": 516,
            "bottom": 1881
        }
    }
]