[
    {
        "isClick": false,
        "id": 0,
        "content": "FREDERIC",
        "type": "text",
        "location": {
            "right": 287,
            "top": 56,
            "left": 82,
            "bottom": 85
        }
    },
    {
        "isClick": false,
        "id": 1,
        "content": "CALENDINIS",
        "type": "text",
        "location": {
            "right": 595,
            "top": 56,
            "left": 318,
            "bottom": 85
        }
    },
    {
        "isClick": false,
        "id": 2,
        "content": "SPIRIT",
        "type": "text",
        "location": {
            "right": 595,
            "top": 163,
            "left": 74,
            "bottom": 359
        }
    },
    {
        "isClick": false,
        "id": 3,
        "content": "ANIMAL",
        "type": "text",
        "location": {
            "right": 880,
            "top": 383,
            "left": 104,
            "bottom": 605
        }
    },
    {
        "isClick": false,
        "id": 4,
        "content": "ORACLE",
        "type": "text",
        "location": {
            "right": 415,
            "top": 662,
            "left": 68,
            "bottom": 735
        }
    },
    {
        "isClick": false,
        "id": 5,
        "content": "CARDS",
        "type": "text",
        "location": {
            "right": 755,
            "top": 669,
            "left": 466,
            "bottom": 733
        }
    },
    {
        "isClick": false,
        "id": 6,
        "content": "READINGS",
        "type": "text",
        "location": {
            "right": 458,
            "top": 1184,
            "left": 144,
            "bottom": 1238
        }
    },
    {
        "isClick": true,
        "id": 7,
        "content": "BROWSE",
        "type": "text",
        "location": {
            "right": 914,
            "top": 1184,
            "left": 657,
            "bottom": 1238
        }
    },
    {
        "isClick": false,
        "id": 8,
        "content": "JOURNAL",
        "type": "text",
        "location": {
            "right": 449,
            "top": 1391,
            "left": 155,
            "bottom": 1448
        }
    },
    {
        "isClick": false,
        "id": 9,
        "content": "ABOUT",
        "type": "text",
        "location": {
            "right": 890,
            "top": 1392,
            "left": 680,
            "bottom": 1445
        }
    },
    {
        "isClick": false,
        "id": 10,
        "content": "EXTRA",
        "type": "text",
        "location": {
            "right": 376,
            "top": 1576,
            "left": 227,
            "bottom": 1620
        }
    },
    {
        "isClick": false,
        "id": 11,
        "content": "CONTENT",
        "type": "text",
        "location": {
            "right": 419,
            "top": 1638,
            "left": 182,
            "bottom": 1681
        }
    },
    {
        "isClick": false,
        "id": 12,
        "content": "GET",
        "type": "text",
        "location": {
            "right": 768,
            "top": 1575,
            "left": 676,
            "bottom": 1621
        }
    },
    {
        "isClick": false,
        "id": 13,
        "content": "FULL",
        "type": "text",
        "location": {
            "right": 892,
            "top": 1576,
            "left": 789,
            "bottom": 1620
        }
    },
    {
        "isClick": false,
        "id": 14,
        "content": "VERSION",
        "type": "text",
        "location": {
            "right": 890,
            "top": 1636,
            "left": 673,
            "bottom": 1683
        }
    }
]