[
    {
        "isClick": false,
        "id": 0,
        "content": "NB",
        "type": "text",
        "location": {
            "right": 420,
            "top": 267,
            "left": 401,
            "bottom": 286
        }
    },
    {
        "isClick": true,
        "id": 1,
        "content": "CALLODUTY",
        "type": "text",
        "location": {
            "right": 1011,
            "top": 705,
            "left": 69,
            "bottom": 898
        }
    },
    {
        "isClick": false,
        "id": 2,
        "content": "INFINITE",
        "type": "text",
        "location": {
            "right": 503,
            "top": 902,
            "left": 128,
            "bottom": 969
        }
    },
    {
        "isClick": false,
        "id": 3,
        "content": "WARFARE",
        "type": "text",
        "location": {
            "right": 979,
            "top": 902,
            "left": 522,
            "bottom": 969
        }
    },
    {
        "isClick": false,
        "id": 4,
        "content": "Launch",
        "type": "text",
        "location": {
            "right": 652,
            "top": 1397,
            "left": 294,
            "bottom": 1513
        }
    },
    {
        "isClick": false,
        "id": 5,
        "content": "Day",
        "type": "text",
        "location": {
            "right": 888,
            "top": 1408,
            "left": 685,
            "bottom": 1544
        }
    }
]