[
    {
        "content": "24.03.2017",
        "location": {
            "bottom": 114,
            "top": 78,
            "left": 826,
            "right": 1057
        },
        "id": 0,
        "isClick": false,
        "type": "text"
    },
    {
        "content": "Wish",
        "location": {
            "bottom": 174,
            "top": 137,
            "left": 443,
            "right": 544
        },
        "id": 1,
        "isClick": false,
        "type": "text"
    },
    {
        "content": "List",
        "location": {
            "bottom": 174,
            "top": 138,
            "left": 561,
            "right": 634
        },
        "id": 2,
        "isClick": false,
        "type": "text"
    },
    {
        "content": "<",
        "location": {
            "bottom": 1764,
            "top": 1699,
            "left": 407,
            "right": 442
        },
        "id": 3,
        "isClick": false,
        "type": "text"
    },
    {
        "content": "1",
        "location": {
            "bottom": 1752,
            "top": 1714,
            "left": 481,
            "right": 496
        },
        "id": 4,
        "isClick": false,
        "type": "text"
    },
    {
        "content": "of",
        "location": {
            "bottom": 1752,
            "top": 1713,
            "left": 517,
            "right": 560
        },
        "id": 5,
        "isClick": false,
        "type": "text"
    },
    {
        "content": "1",
        "location": {
            "bottom": 1751,
            "top": 1716,
            "left": 577,
            "right": 590
        },
        "id": 6,
        "isClick": false,
        "type": "text"
    },
    {
        "content": ">",
        "location": {
            "bottom": 1763,
            "top": 1699,
            "left": 633,
            "right": 670
        },
        "id": 7,
        "isClick": false,
        "type": "text"
    },
    {
        "content": "+",
        "location": {
            "bottom": 1767,
            "top": 1691,
            "left": 974,
            "right": 1057
        },
        "id": 8,
        "isClick": false,
        "type": "text"
    }
]