[
    {
        "id": 0,
        "location": {
            "bottom": 365,
            "right": 768,
            "top": 143,
            "left": 354
        },
        "type": "text",
        "isClick": false,
        "content": "para"
    },
    {
        "id": 1,
        "location": {
            "bottom": 258,
            "right": 184,
            "top": 243,
            "left": 54
        },
        "type": "text",
        "isClick": false,
        "content": "MORE FROM"
    },
    {
        "id": 2,
        "location": {
            "bottom": 307,
            "right": 181,
            "top": 263,
            "left": 53
        },
        "type": "text",
        "isClick": false,
        "content": "PEPI"
    },
    {
        "id": 3,
        "location": {
            "bottom": 527,
            "right": 347,
            "top": 460,
            "left": 216
        },
        "type": "text",
        "isClick": false,
        "content": "Kid"
    },
    {
        "id": 4,
        "location": {
            "bottom": 527,
            "right": 559,
            "top": 460,
            "left": 376
        },
        "type": "text",
        "isClick": false,
        "content": "Lock"
    },
    {
        "id": 5,
        "location": {
            "bottom": 527,
            "right": 876,
            "top": 459,
            "left": 808
        },
        "type": "text",
        "isClick": false,
        "content": "\u0425"
    },
    {
        "id": 6,
        "location": {
            "bottom": 765,
            "right": 497,
            "top": 658,
            "left": 268
        },
        "type": "text",
        "isClick": false,
        "content": "10 +"
    },
    {
        "id": 7,
        "location": {
            "bottom": 765,
            "right": 761,
            "top": 658,
            "left": 530
        },
        "type": "text",
        "isClick": false,
        "content": "10 ="
    },
    {
        "id": 8,
        "location": {
            "bottom": 765,
            "right": 833,
            "top": 658,
            "left": 778
        },
        "type": "text",
        "isClick": false,
        "content": "?"
    },
    {
        "id": 9,
        "location": {
            "bottom": 1038,
            "right": 582,
            "top": 919,
            "left": 287
        },
        "type": "text",
        "isClick": false,
        "content": "711"
    },
    {
        "id": 10,
        "location": {
            "bottom": 1019,
            "right": 787,
            "top": 948,
            "left": 740
        },
        "type": "text",
        "isClick": false,
        "content": "3"
    },
    {
        "id": 11,
        "location": {
            "bottom": 1257,
            "right": 365,
            "top": 1173,
            "left": 265
        },
        "type": "text",
        "isClick": true,
        "content": "20"
    },
    {
        "id": 12,
        "location": {
            "bottom": 1257,
            "right": 595,
            "top": 1169,
            "left": 495
        },
        "type": "text",
        "isClick": false,
        "content": "12"
    },
    {
        "id": 13,
        "location": {
            "bottom": 1255,
            "right": 825,
            "top": 1170,
            "left": 720
        },
        "type": "text",
        "isClick": false,
        "content": "14"
    },
    {
        "id": 14,
        "location": {
            "bottom": 1443,
            "right": 552,
            "top": 1402,
            "left": 421
        },
        "type": "text",
        "isClick": false,
        "content": "CHOOSE"
    },
    {
        "id": 15,
        "location": {
            "bottom": 1479,
            "right": 646,
            "top": 1415,
            "left": 432
        },
        "type": "text",
        "isClick": false,
        "content": "CHARACTER"
    },
    {
        "id": 16,
        "location": {
            "bottom": 1723,
            "right": 519,
            "top": 1690,
            "left": 384
        },
        "type": "text",
        "isClick": false,
        "content": "grown"
    },
    {
        "id": 17,
        "location": {
            "bottom": 1722,
            "right": 590,
            "top": 1690,
            "left": 532
        },
        "type": "text",
        "isClick": false,
        "content": "- up"
    },
    {
        "id": 18,
        "location": {
            "bottom": 1714,
            "right": 693,
            "top": 1680,
            "left": 603
        },
        "type": "text",
        "isClick": false,
        "content": "stuff"
    },
    {
        "id": 19,
        "location": {
            "bottom": 1753,
            "right": 1058,
            "top": 1697,
            "left": 1028
        },
        "type": "text",
        "isClick": false,
        "content": "f"
    },
    {
        "id": 20,
        "location": {
            "bottom": 1752,
            "right": 84,
            "top": 1733,
            "left": 24
        },
        "type": "text",
        "isClick": false,
        "content": "\uc744"
    }
]