[
    {
        "id": 0,
        "location": {
            "bottom": 26,
            "right": 505,
            "top": 12,
            "left": 469
        },
        "type": "text",
        "isClick": false,
        "content": "FAK"
    },
    {
        "id": 1,
        "location": {
            "bottom": 53,
            "right": 61,
            "top": 13,
            "left": 32
        },
        "type": "text",
        "isClick": false,
        "content": ">"
    },
    {
        "id": 2,
        "location": {
            "bottom": 53,
            "right": 125,
            "top": 13,
            "left": 96
        },
        "type": "text",
        "isClick": false,
        "content": ">"
    },
    {
        "id": 3,
        "location": {
            "bottom": 51,
            "right": 187,
            "top": 13,
            "left": 158
        },
        "type": "text",
        "isClick": false,
        "content": ">"
    },
    {
        "id": 4,
        "location": {
            "bottom": 51,
            "right": 251,
            "top": 13,
            "left": 222
        },
        "type": "text",
        "isClick": false,
        "content": ">"
    },
    {
        "id": 5,
        "location": {
            "bottom": 51,
            "right": 315,
            "top": 14,
            "left": 282
        },
        "type": "text",
        "isClick": false,
        "content": "f"
    },
    {
        "id": 6,
        "location": {
            "bottom": 51,
            "right": 381,
            "top": 14,
            "left": 342
        },
        "type": "text",
        "isClick": false,
        "content": "WP"
    },
    {
        "id": 7,
        "location": {
            "bottom": 51,
            "right": 435,
            "top": 12,
            "left": 412
        },
        "type": "text",
        "isClick": false,
        "content": "&"
    },
    {
        "id": 8,
        "location": {
            "bottom": 47,
            "right": 801,
            "top": 14,
            "left": 780
        },
        "type": "text",
        "isClick": false,
        "content": "*"
    },
    {
        "id": 9,
        "location": {
            "bottom": 45,
            "right": 1056,
            "top": 19,
            "left": 988
        },
        "type": "text",
        "isClick": false,
        "content": "8:25"
    },
    {
        "id": 10,
        "location": {
            "bottom": 258,
            "right": 183,
            "top": 243,
            "left": 54
        },
        "type": "text",
        "isClick": false,
        "content": "MORE FROM"
    },
    {
        "id": 11,
        "location": {
            "bottom": 311,
            "right": 183,
            "top": 257,
            "left": 51
        },
        "type": "text",
        "isClick": false,
        "content": "\u0420\u0420\u0456"
    },
    {
        "id": 12,
        "location": {
            "bottom": 400,
            "right": 806,
            "top": 100,
            "left": 318
        },
        "type": "text",
        "isClick": false,
        "content": "Per"
    },
    {
        "id": 13,
        "location": {
            "bottom": 1011,
            "right": 679,
            "top": 817,
            "left": 506
        },
        "type": "text",
        "isClick": false,
        "content": ">"
    },
    {
        "id": 14,
        "location": {
            "bottom": 1287,
            "right": 169,
            "top": 1242,
            "left": 64
        },
        "type": "text",
        "isClick": false,
        "content": "Open"
    },
    {
        "id": 15,
        "location": {
            "bottom": 1281,
            "right": 268,
            "top": 1240,
            "left": 184
        },
        "type": "text",
        "isClick": false,
        "content": "with"
    },
    {
        "id": 16,
        "location": {
            "bottom": 1424,
            "right": 358,
            "top": 1389,
            "left": 193
        },
        "type": "text",
        "isClick": false,
        "content": "Browser"
    },
    {
        "id": 17,
        "location": {
            "bottom": 1571,
            "right": 319,
            "top": 1534,
            "left": 192
        },
        "type": "text",
        "isClick": false,
        "content": "Naked"
    },
    {
        "id": 18,
        "location": {
            "bottom": 1572,
            "right": 505,
            "top": 1536,
            "left": 338
        },
        "type": "text",
        "isClick": false,
        "content": "Browser"
    },
    {
        "id": 19,
        "location": {
            "bottom": 1723,
            "right": 810,
            "top": 1698,
            "left": 618
        },
        "type": "text",
        "isClick": false,
        "content": "JUST ONCE"
    },
    {
        "id": 20,
        "location": {
            "bottom": 1725,
            "right": 1015,
            "top": 1698,
            "left": 876
        },
        "type": "text",
        "isClick": false,
        "content": "ALWAYS"
    }
]