[
    {
        "content": "\u041f\u0440\u043e\u0432\u0435\u0440\u044c",
        "location": {
            "bottom": 225,
            "top": 154,
            "left": 170,
            "right": 459
        },
        "id": 0,
        "isClick": false,
        "type": "text"
    },
    {
        "content": "\u043f\u0440\u043e\u0434\u0430\u0432\u0446\u0430",
        "location": {
            "bottom": 225,
            "top": 166,
            "left": 484,
            "right": 811
        },
        "id": 1,
        "isClick": false,
        "type": "text"
    },
    {
        "content": "\u043f\u043e",
        "location": {
            "bottom": 209,
            "top": 167,
            "left": 836,
            "right": 913
        },
        "id": 2,
        "isClick": false,
        "type": "text"
    },
    {
        "content": "\u0431\u0430\u0437\u0435",
        "location": {
            "bottom": 296,
            "top": 237,
            "left": 352,
            "right": 505
        },
        "id": 3,
        "isClick": false,
        "type": "text"
    },
    {
        "content": "\u0424\u0421\u0421\u041f",
        "location": {
            "bottom": 297,
            "top": 238,
            "left": 528,
            "right": 727
        },
        "id": 4,
        "isClick": false,
        "type": "text"
    },
    {
        "content": "4",
        "location": {
            "bottom": 546,
            "top": 537,
            "left": 620,
            "right": 624
        },
        "id": 5,
        "isClick": false,
        "type": "text"
    },
    {
        "content": "| 21:38",
        "location": {
            "bottom": 548,
            "top": 537,
            "left": 647,
            "right": 683
        },
        "id": 6,
        "isClick": false,
        "type": "text"
    },
    {
        "content": "\u0424\u0421\u0421\u041f ( \u043f\u0440\u043e\u0432\u0435\u0440\u043a\u0430",
        "location": {
            "bottom": 588,
            "top": 568,
            "left": 449,
            "right": 580
        },
        "id": 7,
        "isClick": false,
        "type": "text"
    },
    {
        "content": "\u043f\u0440\u043e\u0434\u0430 ...",
        "location": {
            "bottom": 589,
            "top": 573,
            "left": 587,
            "right": 643
        },
        "id": 8,
        "isClick": false,
        "type": "text"
    },
    {
        "content": "\u0412\u043d\u0438\u043c\u0430\u043d\u0438\u0435",
        "location": {
            "bottom": 645,
            "top": 632,
            "left": 415,
            "right": 493
        },
        "id": 9,
        "isClick": false,
        "type": "text"
    },
    {
        "content": "\u041d\u0430\u0439\u0434\u0435\u043d\u0430 \u0438\u043d\u0444\u043e\u0440\u043c\u0430\u0446\u0438\u044f \u043e",
        "location": {
            "bottom": 669,
            "top": 651,
            "left": 415,
            "right": 564
        },
        "id": 10,
        "isClick": false,
        "type": "text"
    },
    {
        "content": "\u0437\u0430\u0434\u043e\u043b\u0436\u0435\u043d\u043d\u043e\u0441\u0442\u044f\u0445",
        "location": {
            "bottom": 684,
            "top": 668,
            "left": 415,
            "right": 519
        },
        "id": 11,
        "isClick": false,
        "type": "text"
    },
    {
        "content": "\u0414\u043e\u043b\u0436\u043d\u0438\u043a :",
        "location": {
            "bottom": 756,
            "top": 742,
            "left": 413,
            "right": 475
        },
        "id": 12,
        "isClick": false,
        "type": "text"
    },
    {
        "content": "\u0415\u041a\u0410\u0422\u0415\u0420\u0418\u041d\u0410",
        "location": {
            "bottom": 771,
            "top": 757,
            "left": 590,
            "right": 665
        },
        "id": 13,
        "isClick": false,
        "type": "text"
    },
    {
        "content": "\u0418\u0441\u043f\u043e\u043b\u043d\u0438\u0442\u0435\u043b\u044c\u043d\u043e\u0435",
        "location": {
            "bottom": 822,
            "top": 809,
            "left": 414,
            "right": 518
        },
        "id": 14,
        "isClick": false,
        "type": "text"
    },
    {
        "content": "27625 / 16 / 77026 - \u0418\u041f",
        "location": {
            "bottom": 821,
            "top": 809,
            "left": 540,
            "right": 663
        },
        "id": 15,
        "isClick": false,
        "type": "text"
    },
    {
        "content": "\u043f\u0440\u043e\u0438\u0437\u0432\u043e\u0434\u0441\u0442\u0432\u043e :",
        "location": {
            "bottom": 839,
            "top": 825,
            "left": 413,
            "right": 504
        },
        "id": 16,
        "isClick": false,
        "type": "text"
    },
    {
        "content": "\u043e\u0442 17.06.2016",
        "location": {
            "bottom": 837,
            "top": 822,
            "left": 580,
            "right": 664
        },
        "id": 17,
        "isClick": false,
        "type": "text"
    },
    {
        "content": "\u0420\u0435\u043a\u0432\u0438\u0437\u0438\u0442\u044b",
        "location": {
            "bottom": 856,
            "top": 842,
            "left": 413,
            "right": 481
        },
        "id": 18,
        "isClick": false,
        "type": "text"
    },
    {
        "content": "\u0421\u0443\u0434\u0435\u0431\u043d\u044b\u0439 \u043f\u0440\u0438\u043a\u0430\u0437",
        "location": {
            "bottom": 856,
            "top": 841,
            "left": 553,
            "right": 664
        },
        "id": 19,
        "isClick": false,
        "type": "text"
    },
    {
        "content": "\u0438\u0441\u043f\u043e\u043b\u043d\u0438\u0442\u0435\u043b\u044c\u043d\u043e\u0433\u043e",
        "location": {
            "bottom": 872,
            "top": 860,
            "left": 414,
            "right": 522
        },
        "id": 20,
        "isClick": false,
        "type": "text"
    },
    {
        "content": "\u043e\u0442 17.12.2015 Ne",
        "location": {
            "bottom": 872,
            "top": 857,
            "left": 564,
            "right": 665
        },
        "id": 21,
        "isClick": false,
        "type": "text"
    },
    {
        "content": "\u0434\u043e\u043a\u0443\u043c\u0435\u043d\u0442\u0430 :",
        "location": {
            "bottom": 890,
            "top": 876,
            "left": 412,
            "right": 484
        },
        "id": 22,
        "isClick": false,
        "type": "text"
    },
    {
        "content": "2-1779 / 15",
        "location": {
            "bottom": 887,
            "top": 871,
            "left": 604,
            "right": 665
        },
        "id": 23,
        "isClick": false,
        "type": "text"
    },
    {
        "content": "\u041f\u0440\u0435\u0434\u043c\u0435\u0442",
        "location": {
            "bottom": 906,
            "top": 892,
            "left": 413,
            "right": 468
        },
        "id": 24,
        "isClick": false,
        "type": "text"
    },
    {
        "content": "\u041a\u0440\u0435\u0434\u0438\u0442\u043d\u044b\u0435",
        "location": {
            "bottom": 907,
            "top": 893,
            "left": 596,
            "right": 665
        },
        "id": 25,
        "isClick": false,
        "type": "text"
    },
    {
        "content": "\u0438\u0441\u043f\u043e\u043b\u043d\u0435\u043d\u0438\u044f , \u0441\u0443\u043c\u043c\u0430 \u043f\u043b\u0430\u0442\u0435\u0436\u0438 : 110511,77",
        "location": {
            "bottom": 924,
            "top": 907,
            "left": 413,
            "right": 664
        },
        "id": 26,
        "isClick": false,
        "type": "text"
    },
    {
        "content": "\u043d\u0435\u043f\u043e\u0433\u0430\u0448\u0435\u043d\u043d\u043e\u0439",
        "location": {
            "bottom": 939,
            "top": 923,
            "left": 412,
            "right": 503
        },
        "id": 27,
        "isClick": false,
        "type": "text"
    },
    {
        "content": "\u0440\u0443\u0431 .",
        "location": {
            "bottom": 938,
            "top": 924,
            "left": 640,
            "right": 663
        },
        "id": 28,
        "isClick": false,
        "type": "text"
    },
    {
        "content": "\u0437\u0430\u0434\u043e\u043b\u0436\u0435\u043d\u043d\u043e\u0441\u0442\u0438 :",
        "location": {
            "bottom": 955,
            "top": 943,
            "left": 414,
            "right": 517
        },
        "id": 29,
        "isClick": false,
        "type": "text"
    },
    {
        "content": "\u041e\u0442\u0434\u0435\u043b \u0441\u0443\u0434\u0435\u0431\u043d\u044b\u0445",
        "location": {
            "bottom": 973,
            "top": 958,
            "left": 414,
            "right": 517
        },
        "id": 30,
        "isClick": false,
        "type": "text"
    },
    {
        "content": "\u0414\u043e\u0440\u043e\u0433\u043e\u043c\u0438\u043b\u043e\u0433",
        "location": {
            "bottom": 973,
            "top": 958,
            "left": 549,
            "right": 635
        },
        "id": 31,
        "isClick": false,
        "type": "text"
    },
    {
        "content": "\u043f\u0440\u0438\u0441\u0442\u0430\u0432\u043e\u0432 :",
        "location": {
            "bottom": 992,
            "top": 976,
            "left": 412,
            "right": 481
        },
        "id": 32,
        "isClick": false,
        "type": "text"
    },
    {
        "content": "\u0421\u0443\u0434\u0435\u0431\u043d\u044b\u0439 \u043f\u0440\u0438\u0441\u0442\u0430\u0432",
        "location": {
            "bottom": 1010,
            "top": 991,
            "left": 414,
            "right": 536
        },
        "id": 33,
        "isClick": false,
        "type": "text"
    },
    {
        "content": "\u0418\u0441\u043f\u043e\u043b\u043d\u0438\u0442\u0435\u043b\u044c :",
        "location": {
            "bottom": 1022,
            "top": 1009,
            "left": 413,
            "right": 496
        },
        "id": 34,
        "isClick": false,
        "type": "text"
    },
    {
        "content": "D",
        "location": {
            "bottom": 1063,
            "top": 1048,
            "left": 530,
            "right": 548
        },
        "id": 35,
        "isClick": false,
        "type": "text"
    },
    {
        "content": "\u0423\u0437\u043d\u0430\u0439 ,",
        "location": {
            "bottom": 1403,
            "top": 1362,
            "left": 137,
            "right": 257
        },
        "id": 36,
        "isClick": false,
        "type": "text"
    },
    {
        "content": "\u0435\u0441\u0442\u044c \u043b\u0438",
        "location": {
            "bottom": 1401,
            "top": 1369,
            "left": 273,
            "right": 412
        },
        "id": 37,
        "isClick": false,
        "type": "text"
    },
    {
        "content": "\u0443",
        "location": {
            "bottom": 1408,
            "top": 1373,
            "left": 428,
            "right": 445
        },
        "id": 38,
        "isClick": false,
        "type": "text"
    },
    {
        "content": "\u043f\u0440\u043e\u0434\u0430\u0432\u0446\u0430",
        "location": {
            "bottom": 1407,
            "top": 1370,
            "left": 461,
            "right": 643
        },
        "id": 39,
        "isClick": false,
        "type": "text"
    },
    {
        "content": "\u043d\u0435\u043e\u043f\u043b\u0430\u0447\u0435\u043d\u043d\u044b\u0435",
        "location": {
            "bottom": 1401,
            "top": 1369,
            "left": 660,
            "right": 943
        },
        "id": 40,
        "isClick": false,
        "type": "text"
    },
    {
        "content": "\u0448\u0442\u0440\u0430\u0444\u044b",
        "location": {
            "bottom": 1457,
            "top": 1413,
            "left": 470,
            "right": 611
        },
        "id": 41,
        "isClick": false,
        "type": "text"
    },
    {
        "content": "\u0413\u041e\u0422\u041e\u0412\u041e",
        "location": {
            "bottom": 1727,
            "top": 1697,
            "left": 841,
            "right": 974
        },
        "id": 42,
        "isClick": true,
        "type": "text"
    },
    {
        "content": "4",
        "location": {
            "bottom": 1887,
            "top": 1833,
            "left": 214,
            "right": 260
        },
        "id": 43,
        "isClick": false,
        "type": "text"
    }
]