[
    {
        "content": "\u043f\u0440\u043e\u0432\u0435\u0440\u043a\u0430",
        "location": {
            "bottom": 27,
            "top": 27,
            "left": 58,
            "right": 206
        },
        "id": 0,
        "isClick": false,
        "type": "text"
    },
    {
        "content": "FAK",
        "location": {
            "bottom": 26,
            "top": 11,
            "left": 658,
            "right": 692
        },
        "id": 1,
        "isClick": false,
        "type": "text"
    },
    {
        "content": "\u0430 .",
        "location": {
            "bottom": 42,
            "top": 32,
            "left": 411,
            "right": 425
        },
        "id": 2,
        "isClick": false,
        "type": "text"
    },
    {
        "content": "0.0",
        "location": {
            "bottom": 43,
            "top": 32,
            "left": 471,
            "right": 501
        },
        "id": 3,
        "isClick": false,
        "type": "text"
    },
    {
        "content": "0.0",
        "location": {
            "bottom": 41,
            "top": 32,
            "left": 537,
            "right": 562
        },
        "id": 4,
        "isClick": false,
        "type": "text"
    },
    {
        "content": "5",
        "location": {
            "bottom": 48,
            "top": 12,
            "left": 921,
            "right": 944
        },
        "id": 5,
        "isClick": false,
        "type": "text"
    },
    {
        "content": "11:21",
        "location": {
            "bottom": 49,
            "top": 17,
            "left": 968,
            "right": 1051
        },
        "id": 6,
        "isClick": false,
        "type": "text"
    },
    {
        "content": "\u0413\u0418\u0411\u0414\u0414",
        "location": {
            "bottom": 173,
            "top": 140,
            "left": 191,
            "right": 313
        },
        "id": 7,
        "isClick": false,
        "type": "text"
    },
    {
        "content": "\u0435\u0440\u0435\u043a\u0443\u043f",
        "location": {
            "bottom": 169,
            "top": 114,
            "left": 734,
            "right": 910
        },
        "id": 8,
        "isClick": false,
        "type": "text"
    },
    {
        "content": ":",
        "location": {
            "bottom": 152,
            "top": 115,
            "left": 1017,
            "right": 1026
        },
        "id": 9,
        "isClick": false,
        "type": "text"
    },
    {
        "content": "\u0418\u0441\u0442\u043e\u0440\u0438\u044f \u043f\u0440\u043e\u0432\u0435\u0440\u043e\u043a",
        "location": {
            "bottom": 303,
            "top": 265,
            "left": 191,
            "right": 509
        },
        "id": 10,
        "isClick": false,
        "type": "text"
    },
    {
        "content": "\u0414\u0414",
        "location": {
            "bottom": 307,
            "top": 263,
            "left": 740,
            "right": 792
        },
        "id": 11,
        "isClick": false,
        "type": "text"
    },
    {
        "content": "\u041f\u043e\u0438\u0441\u043a \u043f\u043e \u043d\u043e\u043c\u0435\u0440\u0443 \u0442\u0435\u043b\u0435\u0444\u043e\u043d\u0430",
        "location": {
            "bottom": 430,
            "top": 391,
            "left": 192,
            "right": 657
        },
        "id": 12,
        "isClick": false,
        "type": "text"
    },
    {
        "content": "\u0432\u043e",
        "location": {
            "bottom": 550,
            "top": 512,
            "left": 41,
            "right": 103
        },
        "id": 13,
        "isClick": false,
        "type": "text"
    },
    {
        "content": "\u041f\u043e\u0438\u0441\u043a",
        "location": {
            "bottom": 551,
            "top": 516,
            "left": 191,
            "right": 296
        },
        "id": 14,
        "isClick": false,
        "type": "text"
    },
    {
        "content": "\u043f\u043e \u043d\u043e\u043c\u0435\u0440\u0443",
        "location": {
            "bottom": 554,
            "top": 521,
            "left": 307,
            "right": 484
        },
        "id": 15,
        "isClick": false,
        "type": "text"
    },
    {
        "content": "\u0430\u0432\u0442\u043e",
        "location": {
            "bottom": 553,
            "top": 521,
            "left": 495,
            "right": 572
        },
        "id": 16,
        "isClick": false,
        "type": "text"
    },
    {
        "content": "\u0430",
        "location": {
            "bottom": 684,
            "top": 633,
            "left": 48,
            "right": 99
        },
        "id": 17,
        "isClick": false,
        "type": "text"
    },
    {
        "content": "\u041f\u0440\u043e\u0432\u0435\u0440\u043a\u0430 \u0441\u0442\u0440\u0430\u0445\u043e\u0432\u043a\u0438",
        "location": {
            "bottom": 681,
            "top": 641,
            "left": 192,
            "right": 545
        },
        "id": 18,
        "isClick": false,
        "type": "text"
    },
    {
        "content": "(",
        "location": {
            "bottom": 763,
            "top": 756,
            "left": 54,
            "right": 88
        },
        "id": 19,
        "isClick": false,
        "type": "text"
    },
    {
        "content": "0",
        "location": {
            "bottom": 791,
            "top": 780,
            "left": 59,
            "right": 94
        },
        "id": 20,
        "isClick": false,
        "type": "text"
    },
    {
        "content": ")",
        "location": {
            "bottom": 811,
            "top": 802,
            "left": 54,
            "right": 94
        },
        "id": 21,
        "isClick": false,
        "type": "text"
    },
    {
        "content": "\u041f\u043e\u0438\u0441\u043a",
        "location": {
            "bottom": 801,
            "top": 769,
            "left": 191,
            "right": 296
        },
        "id": 22,
        "isClick": false,
        "type": "text"
    },
    {
        "content": "\u0441\u0442\u0440\u0430\u0445\u043e\u0432\u043a\u0438",
        "location": {
            "bottom": 808,
            "top": 776,
            "left": 307,
            "right": 483
        },
        "id": 23,
        "isClick": false,
        "type": "text"
    },
    {
        "content": "(",
        "location": {
            "bottom": 898,
            "top": 881,
            "left": 45,
            "right": 97
        },
        "id": 24,
        "isClick": false,
        "type": "text"
    },
    {
        "content": "El",
        "location": {
            "bottom": 934,
            "top": 904,
            "left": 43,
            "right": 97
        },
        "id": 25,
        "isClick": false,
        "type": "text"
    },
    {
        "content": "\u0420\u0435\u0435\u0441\u0442\u0440 \u0437\u0430\u043b\u043e\u0433\u043e\u0432",
        "location": {
            "bottom": 933,
            "top": 897,
            "left": 191,
            "right": 455
        },
        "id": 26,
        "isClick": false,
        "type": "text"
    },
    {
        "content": "OD",
        "location": {
            "bottom": 1051,
            "top": 1016,
            "left": 40,
            "right": 103
        },
        "id": 27,
        "isClick": false,
        "type": "text"
    },
    {
        "content": "\u041f\u043e\u0438\u0441\u043a",
        "location": {
            "bottom": 1054,
            "top": 1020,
            "left": 191,
            "right": 296
        },
        "id": 28,
        "isClick": false,
        "type": "text"
    },
    {
        "content": "\u0442\u0435\u0445 .",
        "location": {
            "bottom": 1056,
            "top": 1025,
            "left": 306,
            "right": 368
        },
        "id": 29,
        "isClick": false,
        "type": "text"
    },
    {
        "content": "\u043e\u0441\u043c\u043e\u0442\u0440\u0430",
        "location": {
            "bottom": 1060,
            "top": 1025,
            "left": 381,
            "right": 526
        },
        "id": 30,
        "isClick": false,
        "type": "text"
    },
    {
        "content": "\u041f\u0440\u043e\u0432\u0435\u0440\u043a\u0430 \u043f\u0440\u043e\u0434\u0430\u0432\u0446\u0430",
        "location": {
            "bottom": 1185,
            "top": 1145,
            "left": 190,
            "right": 532
        },
        "id": 31,
        "isClick": false,
        "type": "text"
    },
    {
        "content": "\u0432 \u0424\u0421\u0421\u041f",
        "location": {
            "bottom": 1182,
            "top": 1145,
            "left": 546,
            "right": 674
        },
        "id": 32,
        "isClick": false,
        "type": "text"
    },
    {
        "content": "Install",
        "location": {
            "bottom": 1171,
            "top": 1148,
            "left": 914,
            "right": 987
        },
        "id": 33,
        "isClick": false,
        "type": "text"
    },
    {
        "content": "Google Play",
        "location": {
            "bottom": 1245,
            "top": 1220,
            "left": 940,
            "right": 1055
        },
        "id": 34,
        "isClick": false,
        "type": "text"
    },
    {
        "content": "\u041c\u044b",
        "location": {
            "bottom": 1349,
            "top": 1320,
            "left": 194,
            "right": 244
        },
        "id": 35,
        "isClick": false,
        "type": "text"
    },
    {
        "content": "\u0412\u043a\u043e\u043d\u0442\u0430\u043a\u0442\u0435",
        "location": {
            "bottom": 1349,
            "top": 1320,
            "left": 262,
            "right": 437
        },
        "id": 36,
        "isClick": false,
        "type": "text"
    },
    {
        "content": "$",
        "location": {
            "bottom": 1482,
            "top": 1433,
            "left": 57,
            "right": 83
        },
        "id": 37,
        "isClick": false,
        "type": "text"
    },
    {
        "content": "\u041f\u043e\u043c\u043e\u0449\u044c",
        "location": {
            "bottom": 1481,
            "top": 1445,
            "left": 191,
            "right": 335
        },
        "id": 38,
        "isClick": false,
        "type": "text"
    },
    {
        "content": "\u043f\u0440\u043e\u0435\u043a\u0442\u0443",
        "location": {
            "bottom": 1482,
            "top": 1449,
            "left": 346,
            "right": 482
        },
        "id": 39,
        "isClick": false,
        "type": "text"
    },
    {
        "content": "\u0434",
        "location": {
            "bottom": 1607,
            "top": 1556,
            "left": 48,
            "right": 97
        },
        "id": 40,
        "isClick": false,
        "type": "text"
    },
    {
        "content": "\u041d\u0430\u0441\u0442\u0440\u043e\u0439\u043a\u0438",
        "location": {
            "bottom": 1607,
            "top": 1569,
            "left": 192,
            "right": 375
        },
        "id": 41,
        "isClick": false,
        "type": "text"
    },
    {
        "content": "\u041e \u043f\u0440\u0438\u043b\u043e\u0436\u0435\u043d\u0438\u0439",
        "location": {
            "bottom": 1733,
            "top": 1697,
            "left": 191,
            "right": 438
        },
        "id": 42,
        "isClick": true,
        "type": "text"
    }
]