[
    {
        "content": "0.0",
        "location": {
            "bottom": 42,
            "top": 32,
            "left": 472,
            "right": 501
        },
        "id": 0,
        "isClick": false,
        "type": "text"
    },
    {
        "content": "0.0",
        "location": {
            "bottom": 42,
            "top": 32,
            "left": 536,
            "right": 564
        },
        "id": 1,
        "isClick": false,
        "type": "text"
    },
    {
        "content": "5",
        "location": {
            "bottom": 48,
            "top": 12,
            "left": 921,
            "right": 944
        },
        "id": 2,
        "isClick": false,
        "type": "text"
    },
    {
        "content": "11:21",
        "location": {
            "bottom": 49,
            "top": 17,
            "left": 968,
            "right": 1051
        },
        "id": 3,
        "isClick": false,
        "type": "text"
    },
    {
        "content": "E",
        "location": {
            "bottom": 153,
            "top": 119,
            "left": 76,
            "right": 86
        },
        "id": 4,
        "isClick": false,
        "type": "text"
    },
    {
        "content": "\u041e",
        "location": {
            "bottom": 160,
            "top": 118,
            "left": 190,
            "right": 221
        },
        "id": 5,
        "isClick": false,
        "type": "text"
    },
    {
        "content": "\u043f\u0440\u0438\u043b\u043e\u0436\u0435\u043d\u0438\u0438",
        "location": {
            "bottom": 169,
            "top": 128,
            "left": 240,
            "right": 542
        },
        "id": 6,
        "isClick": false,
        "type": "text"
    },
    {
        "content": "\u041f\u0440\u043e\u0432\u0435\u0440\u043a\u0430",
        "location": {
            "bottom": 313,
            "top": 268,
            "left": 197,
            "right": 410
        },
        "id": 7,
        "isClick": false,
        "type": "text"
    },
    {
        "content": "\u0410\u0432\u0442\u043e .",
        "location": {
            "bottom": 305,
            "top": 265,
            "left": 425,
            "right": 543
        },
        "id": 8,
        "isClick": false,
        "type": "text"
    },
    {
        "content": "\u0410\u043d\u0442\u0438\u043f\u0435\u0440\u0435\u043a\u0443\u043f",
        "location": {
            "bottom": 314,
            "top": 266,
            "left": 559,
            "right": 847
        },
        "id": 9,
        "isClick": false,
        "type": "text"
    },
    {
        "content": "\u0412\u0435\u0440\u0441\u0438\u044f",
        "location": {
            "bottom": 363,
            "top": 328,
            "left": 195,
            "right": 315
        },
        "id": 10,
        "isClick": false,
        "type": "text"
    },
    {
        "content": ":",
        "location": {
            "bottom": 357,
            "top": 330,
            "left": 319,
            "right": 323
        },
        "id": 11,
        "isClick": false,
        "type": "text"
    },
    {
        "content": "1.2.3",
        "location": {
            "bottom": 360,
            "top": 328,
            "left": 347,
            "right": 425
        },
        "id": 12,
        "isClick": false,
        "type": "text"
    },
    {
        "content": "\u041f\u0440\u0438\u043b\u043e\u0436\u0435\u043d\u0438\u0435 ,",
        "location": {
            "bottom": 565,
            "top": 523,
            "left": 82,
            "right": 333
        },
        "id": 13,
        "isClick": false,
        "type": "text"
    },
    {
        "content": "\u043a\u043e\u0442\u043e\u0440\u043e\u0435",
        "location": {
            "bottom": 565,
            "top": 529,
            "left": 350,
            "right": 502
        },
        "id": 14,
        "isClick": false,
        "type": "text"
    },
    {
        "content": "\u043f\u043e\u043c\u043e\u0436\u0435\u0442",
        "location": {
            "bottom": 560,
            "top": 529,
            "left": 518,
            "right": 691
        },
        "id": 15,
        "isClick": false,
        "type": "text"
    },
    {
        "content": "\u0412\u0430\u043c",
        "location": {
            "bottom": 561,
            "top": 523,
            "left": 706,
            "right": 779
        },
        "id": 16,
        "isClick": false,
        "type": "text"
    },
    {
        "content": "\u043f\u0440\u043e\u0432\u0435\u0440\u0438\u0442\u044c",
        "location": {
            "bottom": 566,
            "top": 529,
            "left": 797,
            "right": 999
        },
        "id": 17,
        "isClick": false,
        "type": "text"
    },
    {
        "content": "\u0438\u043d\u0444\u043e\u0440\u043c\u0430\u0446\u0438\u044e \u043e\u0431",
        "location": {
            "bottom": 617,
            "top": 569,
            "left": 76,
            "right": 393
        },
        "id": 18,
        "isClick": false,
        "type": "text"
    },
    {
        "content": "\u0430\u0432\u0442\u043e\u043c\u043e\u0431\u0438\u043b\u0435",
        "location": {
            "bottom": 609,
            "top": 569,
            "left": 408,
            "right": 641
        },
        "id": 19,
        "isClick": false,
        "type": "text"
    },
    {
        "content": "\u0438",
        "location": {
            "bottom": 609,
            "top": 581,
            "left": 658,
            "right": 675
        },
        "id": 20,
        "isClick": false,
        "type": "text"
    },
    {
        "content": "\u043f\u0440\u043e\u0434\u0430\u0432\u0446\u0435",
        "location": {
            "bottom": 617,
            "top": 577,
            "left": 692,
            "right": 875
        },
        "id": 21,
        "isClick": false,
        "type": "text"
    },
    {
        "content": "\u043f\u0435\u0440\u0435\u0434",
        "location": {
            "bottom": 617,
            "top": 577,
            "left": 892,
            "right": 1005
        },
        "id": 22,
        "isClick": false,
        "type": "text"
    },
    {
        "content": "\u043f\u043e\u043a\u0443\u043f\u043a\u043e\u0439",
        "location": {
            "bottom": 665,
            "top": 617,
            "left": 439,
            "right": 618
        },
        "id": 23,
        "isClick": false,
        "type": "text"
    },
    {
        "content": ".",
        "location": {
            "bottom": 655,
            "top": 648,
            "left": 623,
            "right": 628
        },
        "id": 24,
        "isClick": false,
        "type": "text"
    },
    {
        "content": "\u0418\u0441\u043f\u043e\u043b\u044c\u0437\u0443\u044e\u0442\u0441\u044f",
        "location": {
            "bottom": 761,
            "top": 721,
            "left": 110,
            "right": 389
        },
        "id": 25,
        "isClick": false,
        "type": "text"
    },
    {
        "content": "\u0434\u0430\u043d\u043d\u044b\u0435",
        "location": {
            "bottom": 761,
            "top": 729,
            "left": 404,
            "right": 551
        },
        "id": 26,
        "isClick": false,
        "type": "text"
    },
    {
        "content": "\u0441\u0442\u043e\u0440\u043e\u043d\u043d\u0438\u0445",
        "location": {
            "bottom": 763,
            "top": 729,
            "left": 566,
            "right": 767
        },
        "id": 27,
        "isClick": false,
        "type": "text"
    },
    {
        "content": "\u0441\u0435\u0440\u0432\u0438\u0441\u043e\u0432 .",
        "location": {
            "bottom": 763,
            "top": 729,
            "left": 782,
            "right": 973
        },
        "id": 28,
        "isClick": false,
        "type": "text"
    },
    {
        "content": "\u041c\u044b",
        "location": {
            "bottom": 857,
            "top": 817,
            "left": 144,
            "right": 192
        },
        "id": 29,
        "isClick": false,
        "type": "text"
    },
    {
        "content": "\u043d\u0435",
        "location": {
            "bottom": 857,
            "top": 825,
            "left": 216,
            "right": 257
        },
        "id": 30,
        "isClick": false,
        "type": "text"
    },
    {
        "content": "\u0441\u043e\u0431\u0438\u0440\u0430\u0435\u043c",
        "location": {
            "bottom": 861,
            "top": 817,
            "left": 272,
            "right": 459
        },
        "id": 31,
        "isClick": false,
        "type": "text"
    },
    {
        "content": "\u043b\u044e\u0431\u0443\u044e",
        "location": {
            "bottom": 861,
            "top": 817,
            "left": 474,
            "right": 607
        },
        "id": 32,
        "isClick": false,
        "type": "text"
    },
    {
        "content": "\u0432\u0432\u0435\u0434\u0435\u043d\u043d\u0443\u044e",
        "location": {
            "bottom": 861,
            "top": 825,
            "left": 624,
            "right": 839
        },
        "id": 33,
        "isClick": false,
        "type": "text"
    },
    {
        "content": "\u0412\u0430\u043c\u0438",
        "location": {
            "bottom": 857,
            "top": 821,
            "left": 856,
            "right": 953
        },
        "id": 34,
        "isClick": false,
        "type": "text"
    },
    {
        "content": "\u0438\u043d\u0444\u043e\u0440\u043c\u0430\u0446\u0438\u044e .",
        "location": {
            "bottom": 911,
            "top": 869,
            "left": 406,
            "right": 673
        },
        "id": 35,
        "isClick": false,
        "type": "text"
    },
    {
        "content": "\u041d\u0410\u041f\u0418\u0421\u0410\u0422\u042c \u041d\u0410\u041c",
        "location": {
            "bottom": 1137,
            "top": 1105,
            "left": 430,
            "right": 712
        },
        "id": 36,
        "isClick": false,
        "type": "text"
    },
    {
        "content": "\u041e\u0426\u0415\u041d\u0418\u0422\u042c",
        "location": {
            "bottom": 1295,
            "top": 1258,
            "left": 239,
            "right": 406
        },
        "id": 37,
        "isClick": false,
        "type": "text"
    },
    {
        "content": "\u041f\u041e\u0414\u0415\u041b\u0418\u0422\u042c\u0421\u042f",
        "location": {
            "bottom": 1297,
            "top": 1257,
            "left": 700,
            "right": 938
        },
        "id": 38,
        "isClick": false,
        "type": "text"
    }
]