[
    {
        "content": "Google",
        "location": {
            "bottom": 563,
            "top": 509,
            "left": 379,
            "right": 539
        },
        "id": 0,
        "isClick": false,
        "type": "text"
    },
    {
        "content": "Play",
        "location": {
            "bottom": 560,
            "top": 509,
            "left": 559,
            "right": 651
        },
        "id": 1,
        "isClick": false,
        "type": "text"
    },
    {
        "content": "Store",
        "location": {
            "bottom": 555,
            "top": 506,
            "left": 667,
            "right": 787
        },
        "id": 2,
        "isClick": false,
        "type": "text"
    },
    {
        "content": "\u0425",
        "location": {
            "bottom": 677,
            "top": 644,
            "left": 923,
            "right": 949
        },
        "id": 3,
        "isClick": false,
        "type": "text"
    },
    {
        "content": "Stream",
        "location": {
            "bottom": 789,
            "top": 751,
            "left": 156,
            "right": 304
        },
        "id": 4,
        "isClick": false,
        "type": "text"
    },
    {
        "content": "Your",
        "location": {
            "bottom": 788,
            "top": 751,
            "left": 321,
            "right": 413
        },
        "id": 5,
        "isClick": false,
        "type": "text"
    },
    {
        "content": "TV",
        "location": {
            "bottom": 788,
            "top": 751,
            "left": 429,
            "right": 482
        },
        "id": 6,
        "isClick": false,
        "type": "text"
    },
    {
        "content": "in",
        "location": {
            "bottom": 788,
            "top": 750,
            "left": 498,
            "right": 533
        },
        "id": 7,
        "isClick": false,
        "type": "text"
    },
    {
        "content": "One",
        "location": {
            "bottom": 788,
            "top": 751,
            "left": 551,
            "right": 641
        },
        "id": 8,
        "isClick": false,
        "type": "text"
    },
    {
        "content": "Place",
        "location": {
            "bottom": 788,
            "top": 749,
            "left": 658,
            "right": 774
        },
        "id": 9,
        "isClick": false,
        "type": "text"
    },
    {
        "content": "TRY FREE FOR 30 DAYS",
        "location": {
            "bottom": 834,
            "top": 817,
            "left": 180,
            "right": 379
        },
        "id": 10,
        "isClick": false,
        "type": "text"
    },
    {
        "content": "hulu",
        "location": {
            "bottom": 849,
            "top": 806,
            "left": 808,
            "right": 925
        },
        "id": 11,
        "isClick": false,
        "type": "text"
    },
    {
        "content": "1",
        "location": {
            "bottom": 1014,
            "top": 951,
            "left": 99,
            "right": 124
        },
        "id": 12,
        "isClick": false,
        "type": "text"
    },
    {
        "content": "2",
        "location": {
            "bottom": 1014,
            "top": 953,
            "left": 427,
            "right": 436
        },
        "id": 13,
        "isClick": false,
        "type": "text"
    },
    {
        "content": "ABC",
        "location": {
            "bottom": 1020,
            "top": 985,
            "left": 496,
            "right": 565
        },
        "id": 14,
        "isClick": false,
        "type": "text"
    },
    {
        "content": "3",
        "location": {
            "bottom": 1015,
            "top": 947,
            "left": 764,
            "right": 803
        },
        "id": 15,
        "isClick": false,
        "type": "text"
    },
    {
        "content": "DEF",
        "location": {
            "bottom": 1015,
            "top": 985,
            "left": 833,
            "right": 892
        },
        "id": 16,
        "isClick": false,
        "type": "text"
    },
    {
        "content": "4",
        "location": {
            "bottom": 1188,
            "top": 1121,
            "left": 95,
            "right": 141
        },
        "id": 17,
        "isClick": false,
        "type": "text"
    },
    {
        "content": "GHI",
        "location": {
            "bottom": 1190,
            "top": 1159,
            "left": 166,
            "right": 220
        },
        "id": 18,
        "isClick": false,
        "type": "text"
    },
    {
        "content": "5",
        "location": {
            "bottom": 1186,
            "top": 1121,
            "left": 431,
            "right": 452
        },
        "id": 19,
        "isClick": false,
        "type": "text"
    },
    {
        "content": "JkL",
        "location": {
            "bottom": 1193,
            "top": 1160,
            "left": 496,
            "right": 560
        },
        "id": 20,
        "isClick": false,
        "type": "text"
    },
    {
        "content": "6",
        "location": {
            "bottom": 1191,
            "top": 1122,
            "left": 763,
            "right": 808
        },
        "id": 21,
        "isClick": false,
        "type": "text"
    },
    {
        "content": "MNO",
        "location": {
            "bottom": 1193,
            "top": 1160,
            "left": 833,
            "right": 913
        },
        "id": 22,
        "isClick": false,
        "type": "text"
    },
    {
        "content": "7",
        "location": {
            "bottom": 1362,
            "top": 1294,
            "left": 109,
            "right": 142
        },
        "id": 23,
        "isClick": false,
        "type": "text"
    },
    {
        "content": "PORS",
        "location": {
            "bottom": 1367,
            "top": 1329,
            "left": 164,
            "right": 256
        },
        "id": 24,
        "isClick": false,
        "type": "text"
    },
    {
        "content": "8",
        "location": {
            "bottom": 1363,
            "top": 1289,
            "left": 430,
            "right": 469
        },
        "id": 25,
        "isClick": false,
        "type": "text"
    },
    {
        "content": "TU",
        "location": {
            "bottom": 1363,
            "top": 1288,
            "left": 503,
            "right": 545
        },
        "id": 26,
        "isClick": false,
        "type": "text"
    },
    {
        "content": "9",
        "location": {
            "bottom": 1363,
            "top": 1290,
            "left": 761,
            "right": 806
        },
        "id": 27,
        "isClick": false,
        "type": "text"
    },
    {
        "content": "WXYZ",
        "location": {
            "bottom": 1363,
            "top": 1329,
            "left": 831,
            "right": 931
        },
        "id": 28,
        "isClick": false,
        "type": "text"
    },
    {
        "content": "TUV",
        "location": {
            "bottom": 1360,
            "top": 1327,
            "left": 498,
            "right": 564
        },
        "id": 29,
        "isClick": false,
        "type": "text"
    },
    {
        "content": "0",
        "location": {
            "bottom": 1535,
            "top": 1465,
            "left": 430,
            "right": 469
        },
        "id": 30,
        "isClick": false,
        "type": "text"
    },
    {
        "content": "OK",
        "location": {
            "bottom": 1523,
            "top": 1473,
            "left": 763,
            "right": 840
        },
        "id": 31,
        "isClick": false,
        "type": "text"
    },
    {
        "content": "\u0394",
        "location": {
            "bottom": 1882,
            "top": 1834,
            "left": 214,
            "right": 258
        },
        "id": 32,
        "isClick": false,
        "type": "text"
    }
]