[
    {
        "id": 0,
        "location": {
            "right": 318,
            "left": 280,
            "top": 12,
            "bottom": 26
        },
        "content": "FAK",
        "isClick": false,
        "type": "text"
    },
    {
        "id": 1,
        "location": {
            "right": 191,
            "left": 155,
            "top": 24,
            "bottom": 38
        },
        "content": "JPOST",
        "isClick": false,
        "type": "text"
    },
    {
        "id": 2,
        "location": {
            "right": 1057,
            "left": 942,
            "top": 11,
            "bottom": 50
        },
        "content": "58:06",
        "isClick": false,
        "type": "text"
    },
    {
        "id": 3,
        "location": {
            "right": 83,
            "left": 56,
            "top": 114,
            "bottom": 133
        },
        "content": "\uae30",
        "isClick": false,
        "type": "text"
    },
    {
        "id": 4,
        "location": {
            "right": 98,
            "left": 56,
            "top": 118,
            "bottom": 148
        },
        "content": "7",
        "isClick": false,
        "type": "text"
    },
    {
        "id": 5,
        "location": {
            "right": 387,
            "left": 316,
            "top": 115,
            "bottom": 159
        },
        "content": "Log",
        "isClick": false,
        "type": "text"
    },
    {
        "id": 6,
        "location": {
            "right": 436,
            "left": 405,
            "top": 114,
            "bottom": 153
        },
        "content": "in",
        "isClick": false,
        "type": "text"
    },
    {
        "id": 7,
        "location": {
            "right": 542,
            "left": 453,
            "top": 113,
            "bottom": 153
        },
        "content": "with",
        "isClick": false,
        "type": "text"
    },
    {
        "id": 8,
        "location": {
            "right": 762,
            "left": 561,
            "top": 113,
            "bottom": 153
        },
        "content": "Facebook",
        "isClick": false,
        "type": "text"
    },
    {
        "id": 9,
        "location": {
            "right": 549,
            "left": 346,
            "top": 774,
            "bottom": 811
        },
        "content": "Continue",
        "isClick": false,
        "type": "text"
    },
    {
        "id": 10,
        "location": {
            "right": 617,
            "left": 568,
            "top": 779,
            "bottom": 811
        },
        "content": "as",
        "isClick": false,
        "type": "text"
    },
    {
        "id": 11,
        "location": {
            "right": 735,
            "left": 636,
            "top": 774,
            "bottom": 811
        },
        "content": "Sam",
        "isClick": false,
        "type": "text"
    },
    {
        "id": 12,
        "location": {
            "right": 407,
            "left": 190,
            "top": 889,
            "bottom": 921
        },
        "content": "PBS Parents",
        "isClick": false,
        "type": "text"
    },
    {
        "id": 13,
        "location": {
            "right": 569,
            "left": 422,
            "top": 888,
            "bottom": 927
        },
        "content": "Play and",
        "isClick": false,
        "type": "text"
    },
    {
        "id": 14,
        "location": {
            "right": 745,
            "left": 584,
            "top": 888,
            "bottom": 921
        },
        "content": "Learn will",
        "isClick": false,
        "type": "text"
    },
    {
        "id": 15,
        "location": {
            "right": 891,
            "left": 762,
            "top": 889,
            "bottom": 921
        },
        "content": "receive :",
        "isClick": false,
        "type": "text"
    },
    {
        "id": 16,
        "location": {
            "right": 452,
            "left": 380,
            "top": 945,
            "bottom": 977
        },
        "content": "your",
        "isClick": false,
        "type": "text"
    },
    {
        "id": 17,
        "location": {
            "right": 696,
            "left": 467,
            "top": 937,
            "bottom": 976
        },
        "content": "public profile .",
        "isClick": false,
        "type": "text"
    },
    {
        "id": 18,
        "location": {
            "right": 672,
            "left": 476,
            "top": 1039,
            "bottom": 1071
        },
        "content": "Learn More",
        "isClick": false,
        "type": "text"
    },
    {
        "id": 19,
        "location": {
            "right": 612,
            "left": 470,
            "top": 1476,
            "bottom": 1501
        },
        "content": "Continue",
        "isClick": true,
        "type": "text"
    },
    {
        "id": 20,
        "location": {
            "right": 877,
            "left": 249,
            "top": 1641,
            "bottom": 1673
        },
        "content": "This doesn't let the app post to Facebook .",
        "isClick": false,
        "type": "text"
    }
]