[
    {
        "location": {
            "left": 658,
            "top": 9,
            "bottom": 25,
            "right": 691
        },
        "type": "text",
        "id": 0,
        "isClick": false,
        "content": "FAK"
    },
    {
        "location": {
            "left": 94,
            "top": 9,
            "bottom": 56,
            "right": 629
        },
        "type": "text",
        "id": 1,
        "isClick": false,
        "content": "fffffff0"
    },
    {
        "location": {
            "left": 988,
            "top": 17,
            "bottom": 47,
            "right": 1056
        },
        "type": "text",
        "id": 2,
        "isClick": false,
        "content": "6:50"
    },
    {
        "location": {
            "left": 48,
            "top": 120,
            "bottom": 152,
            "right": 100
        },
        "type": "text",
        "id": 3,
        "isClick": false,
        "content": "III"
    },
    {
        "location": {
            "left": 836,
            "top": 102,
            "bottom": 172,
            "right": 881
        },
        "type": "text",
        "id": 4,
        "isClick": false,
        "content": "oo"
    },
    {
        "location": {
            "left": 981,
            "top": 103,
            "bottom": 171,
            "right": 1031
        },
        "type": "text",
        "id": 5,
        "isClick": false,
        "content": "oo"
    },
    {
        "location": {
            "left": 106,
            "top": 240,
            "bottom": 284,
            "right": 255
        },
        "type": "text",
        "id": 6,
        "isClick": false,
        "content": "ZULETZT"
    },
    {
        "location": {
            "left": 467,
            "top": 240,
            "bottom": 284,
            "right": 614
        },
        "type": "text",
        "id": 7,
        "isClick": false,
        "content": "SPECIAL"
    },
    {
        "location": {
            "left": 859,
            "top": 241,
            "bottom": 284,
            "right": 939
        },
        "type": "text",
        "id": 8,
        "isClick": false,
        "content": "TIPP"
    },
    {
        "location": {
            "left": 453,
            "top": 413,
            "bottom": 580,
            "right": 640
        },
        "type": "text",
        "id": 9,
        "isClick": true,
        "content": "NRI"
    },
    {
        "location": {
            "left": 807,
            "top": 439,
            "bottom": 572,
            "right": 963
        },
        "type": "text",
        "id": 10,
        "isClick": false,
        "content": "NR"
    },
    {
        "location": {
            "left": 809,
            "top": 523,
            "bottom": 593,
            "right": 932
        },
        "type": "text",
        "id": 11,
        "isClick": false,
        "content": "DEEP"
    },
    {
        "location": {
            "left": 462,
            "top": 531,
            "bottom": 588,
            "right": 548
        },
        "type": "text",
        "id": 12,
        "isClick": false,
        "content": "THE"
    },
    {
        "location": {
            "left": 460,
            "top": 541,
            "bottom": 630,
            "right": 619
        },
        "type": "text",
        "id": 13,
        "isClick": true,
        "content": "STUDIO"
    },
    {
        "location": {
            "left": 160,
            "top": 731,
            "bottom": 777,
            "right": 458
        },
        "type": "text",
        "id": 14,
        "isClick": false,
        "content": "DEINE FAVORITEN"
    },
    {
        "location": {
            "left": 232,
            "top": 885,
            "bottom": 917,
            "right": 268
        },
        "type": "text",
        "id": 15,
        "isClick": false,
        "content": "'"
    },
    {
        "location": {
            "left": 471,
            "top": 884,
            "bottom": 1060,
            "right": 623
        },
        "type": "text",
        "id": 16,
        "isClick": false,
        "content": "Ri"
    },
    {
        "location": {
            "left": 818,
            "top": 940,
            "bottom": 1049,
            "right": 914
        },
        "type": "text",
        "id": 17,
        "isClick": false,
        "content": "AR"
    },
    {
        "location": {
            "left": 854,
            "top": 885,
            "bottom": 1051,
            "right": 978
        },
        "type": "text",
        "id": 18,
        "isClick": false,
        "content": "ej"
    },
    {
        "location": {
            "left": 48,
            "top": 1067,
            "bottom": 1094,
            "right": 323
        },
        "type": "text",
        "id": 19,
        "isClick": false,
        "content": "ENERGY BASEL"
    },
    {
        "location": {
            "left": 407,
            "top": 1067,
            "bottom": 1094,
            "right": 666
        },
        "type": "text",
        "id": 20,
        "isClick": false,
        "content": "ENERGY BERN"
    },
    {
        "location": {
            "left": 747,
            "top": 1059,
            "bottom": 1094,
            "right": 1037
        },
        "type": "text",
        "id": 21,
        "isClick": false,
        "content": "ENERGY Z\u00dcRICH"
    },
    {
        "location": {
            "left": 162,
            "top": 1266,
            "bottom": 1312,
            "right": 206
        },
        "type": "text",
        "id": 22,
        "isClick": false,
        "content": "+"
    },
    {
        "location": {
            "left": 99,
            "top": 1353,
            "bottom": 1389,
            "right": 208
        },
        "type": "text",
        "id": 23,
        "isClick": false,
        "content": "F\u00dcGE BIS"
    },
    {
        "location": {
            "left": 216,
            "top": 1355,
            "bottom": 1389,
            "right": 270
        },
        "type": "text",
        "id": 24,
        "isClick": false,
        "content": "ZU 9"
    },
    {
        "location": {
            "left": 80,
            "top": 1402,
            "bottom": 1438,
            "right": 289
        },
        "type": "text",
        "id": 25,
        "isClick": false,
        "content": "FAVORITEN HINZU"
    },
    {
        "location": {
            "left": 207,
            "top": 1722,
            "bottom": 1759,
            "right": 408
        },
        "type": "text",
        "id": 26,
        "isClick": false,
        "content": "ENERGY RADIO"
    },
    {
        "location": {
            "left": 719,
            "top": 1722,
            "bottom": 1759,
            "right": 984
        },
        "type": "text",
        "id": 27,
        "isClick": false,
        "content": "ENERGY CHANNELS"
    }
]