[
    {
        "location": {
            "left": 721,
            "top": 11,
            "bottom": 25,
            "right": 754
        },
        "type": "text",
        "id": 0,
        "isClick": false,
        "content": "FAK"
    },
    {
        "location": {
            "left": 95,
            "top": 12,
            "bottom": 51,
            "right": 129
        },
        "type": "text",
        "id": 1,
        "isClick": false,
        "content": "Dei"
    },
    {
        "location": {
            "left": 157,
            "top": 10,
            "bottom": 54,
            "right": 632
        },
        "type": "text",
        "id": 2,
        "isClick": false,
        "content": "fffffff"
    },
    {
        "location": {
            "left": 989,
            "top": 17,
            "bottom": 48,
            "right": 1051
        },
        "type": "text",
        "id": 3,
        "isClick": false,
        "content": "6:51"
    },
    {
        "location": {
            "left": 457,
            "top": 113,
            "bottom": 160,
            "right": 621
        },
        "type": "text",
        "id": 4,
        "isClick": false,
        "content": "TIMELINE"
    },
    {
        "location": {
            "left": 491,
            "top": 360,
            "bottom": 392,
            "right": 585
        },
        "type": "text",
        "id": 5,
        "isClick": true,
        "content": "Bastille"
    },
    {
        "location": {
            "left": 30,
            "top": 398,
            "bottom": 432,
            "right": 103
        },
        "type": "text",
        "id": 6,
        "isClick": false,
        "content": "06:46"
    },
    {
        "location": {
            "left": 492,
            "top": 434,
            "bottom": 470,
            "right": 624
        },
        "type": "text",
        "id": 7,
        "isClick": true,
        "content": "Good Grief"
    },
    {
        "location": {
            "left": 998,
            "top": 457,
            "bottom": 462,
            "right": 1014
        },
        "type": "text",
        "id": 8,
        "isClick": false,
        "content": "."
    },
    {
        "location": {
            "left": 214,
            "top": 452,
            "bottom": 500,
            "right": 448
        },
        "type": "text",
        "id": 9,
        "isClick": false,
        "content": "BASTILLE"
    },
    {
        "location": {
            "left": 989,
            "top": 455,
            "bottom": 506,
            "right": 1011
        },
        "type": "text",
        "id": 10,
        "isClick": false,
        "content": "i"
    },
    {
        "location": {
            "left": 274,
            "top": 491,
            "bottom": 539,
            "right": 321
        },
        "type": "text",
        "id": 11,
        "isClick": false,
        "content": "good"
    },
    {
        "location": {
            "left": 976,
            "top": 613,
            "bottom": 660,
            "right": 1026
        },
        "type": "text",
        "id": 12,
        "isClick": false,
        "content": "ai"
    },
    {
        "location": {
            "left": 262,
            "top": 633,
            "bottom": 726,
            "right": 399
        },
        "type": "text",
        "id": 13,
        "isClick": false,
        "content": "KTAGS"
    },
    {
        "location": {
            "left": 491,
            "top": 648,
            "bottom": 688,
            "right": 669
        },
        "type": "text",
        "id": 14,
        "isClick": false,
        "content": "Kungs & Jamie"
    },
    {
        "location": {
            "left": 680,
            "top": 648,
            "bottom": 682,
            "right": 830
        },
        "type": "text",
        "id": 15,
        "isClick": false,
        "content": "N Commons"
    },
    {
        "location": {
            "left": 29,
            "top": 683,
            "bottom": 721,
            "right": 102
        },
        "type": "text",
        "id": 16,
        "isClick": false,
        "content": "06:42"
    },
    {
        "location": {
            "left": 263,
            "top": 729,
            "bottom": 740,
            "right": 397
        },
        "type": "text",
        "id": 17,
        "isClick": false,
        "content": "FEATURIN JAMIEN COMMONS"
    },
    {
        "location": {
            "left": 492,
            "top": 722,
            "bottom": 756,
            "right": 683
        },
        "type": "text",
        "id": 18,
        "isClick": false,
        "content": "Don't You Know"
    },
    {
        "location": {
            "left": 990,
            "top": 743,
            "bottom": 795,
            "right": 1011
        },
        "type": "text",
        "id": 19,
        "isClick": false,
        "content": "i"
    },
    {
        "location": {
            "left": 218,
            "top": 873,
            "bottom": 892,
            "right": 441
        },
        "type": "text",
        "id": 20,
        "isClick": false,
        "content": "LAST YEAR WAS COMPLICATED"
    },
    {
        "location": {
            "left": 491,
            "top": 936,
            "bottom": 970,
            "right": 621
        },
        "type": "text",
        "id": 21,
        "isClick": false,
        "content": "Nick Jonas"
    },
    {
        "location": {
            "left": 27,
            "top": 973,
            "bottom": 1007,
            "right": 102
        },
        "type": "text",
        "id": 22,
        "isClick": false,
        "content": "06:38"
    },
    {
        "location": {
            "left": 490,
            "top": 1012,
            "bottom": 1046,
            "right": 557
        },
        "type": "text",
        "id": 23,
        "isClick": false,
        "content": "Close"
    },
    {
        "location": {
            "left": 492,
            "top": 1224,
            "bottom": 1258,
            "right": 596
        },
        "type": "text",
        "id": 24,
        "isClick": false,
        "content": "Nickless"
    },
    {
        "location": {
            "left": 27,
            "top": 1258,
            "bottom": 1294,
            "right": 102
        },
        "type": "text",
        "id": 25,
        "isClick": false,
        "content": "06:33"
    },
    {
        "location": {
            "left": 232,
            "top": 1266,
            "bottom": 1303,
            "right": 429
        },
        "type": "text",
        "id": 26,
        "isClick": false,
        "content": "NICKLESS"
    },
    {
        "location": {
            "left": 492,
            "top": 1300,
            "bottom": 1333,
            "right": 541
        },
        "type": "text",
        "id": 27,
        "isClick": false,
        "content": "City"
    },
    {
        "location": {
            "left": 989,
            "top": 1319,
            "bottom": 1370,
            "right": 1010
        },
        "type": "text",
        "id": 28,
        "isClick": false,
        "content": "i"
    },
    {
        "location": {
            "left": 975,
            "top": 1476,
            "bottom": 1526,
            "right": 1026
        },
        "type": "text",
        "id": 29,
        "isClick": false,
        "content": "R"
    },
    {
        "location": {
            "left": 491,
            "top": 1512,
            "bottom": 1546,
            "right": 591
        },
        "type": "text",
        "id": 30,
        "isClick": false,
        "content": "Red Hot"
    },
    {
        "location": {
            "left": 599,
            "top": 1512,
            "bottom": 1552,
            "right": 765
        },
        "type": "text",
        "id": 31,
        "isClick": false,
        "content": "Chili Peppers"
    },
    {
        "location": {
            "left": 28,
            "top": 1547,
            "bottom": 1584,
            "right": 103
        },
        "type": "text",
        "id": 32,
        "isClick": false,
        "content": "05:50"
    },
    {
        "location": {
            "left": 492,
            "top": 1586,
            "bottom": 1621,
            "right": 701
        },
        "type": "text",
        "id": 33,
        "isClick": false,
        "content": "Dark Necessities"
    },
    {
        "location": {
            "left": 426,
            "top": 1605,
            "bottom": 1616,
            "right": 442
        },
        "type": "text",
        "id": 34,
        "isClick": false,
        "content": "re"
    },
    {
        "location": {
            "left": 990,
            "top": 1607,
            "bottom": 1657,
            "right": 1011
        },
        "type": "text",
        "id": 35,
        "isClick": false,
        "content": "i"
    },
    {
        "location": {
            "left": 208,
            "top": 1662,
            "bottom": 1679,
            "right": 369
        },
        "type": "text",
        "id": 36,
        "isClick": false,
        "content": "RED HOT CHILI PEPPERS"
    },
    {
        "location": {
            "left": 206,
            "top": 1674,
            "bottom": 1693,
            "right": 224
        },
        "type": "text",
        "id": 37,
        "isClick": false,
        "content": "The"
    },
    {
        "location": {
            "left": 228,
            "top": 1675,
            "bottom": 1698,
            "right": 286
        },
        "type": "text",
        "id": 38,
        "isClick": false,
        "content": "Genky"
    },
    {
        "location": {
            "left": 427,
            "top": 1672,
            "bottom": 1681,
            "right": 429
        },
        "type": "text",
        "id": 39,
        "isClick": false,
        "content": "6"
    },
    {
        "location": {
            "left": 283,
            "top": 1750,
            "bottom": 1763,
            "right": 378
        },
        "type": "text",
        "id": 40,
        "isClick": false,
        "content": "ONEREPUBLIC"
    }
]