[
    {
        "id": 0,
        "location": {
            "right": 453,
            "left": 263,
            "top": 320,
            "bottom": 392
        },
        "content": "Read",
        "isClick": false,
        "type": "text"
    },
    {
        "id": 1,
        "location": {
            "right": 537,
            "left": 480,
            "top": 322,
            "bottom": 388
        },
        "content": "&",
        "isClick": true,
        "type": "text"
    },
    {
        "id": 2,
        "location": {
            "right": 720,
            "left": 563,
            "top": 319,
            "bottom": 407
        },
        "content": "Sing",
        "isClick": true,
        "type": "text"
    },
    {
        "id": 3,
        "location": {
            "right": 459,
            "left": 269,
            "top": 591,
            "bottom": 661
        },
        "content": "Read",
        "isClick": false,
        "type": "text"
    },
    {
        "id": 4,
        "location": {
            "right": 544,
            "left": 487,
            "top": 593,
            "bottom": 662
        },
        "content": "&",
        "isClick": false,
        "type": "text"
    },
    {
        "id": 5,
        "location": {
            "right": 728,
            "left": 573,
            "top": 591,
            "bottom": 679
        },
        "content": "Play",
        "isClick": false,
        "type": "text"
    },
    {
        "id": 6,
        "location": {
            "right": 316,
            "left": 218,
            "top": 827,
            "bottom": 941
        },
        "content": "E",
        "isClick": false,
        "type": "text"
    },
    {
        "id": 7,
        "location": {
            "right": 833,
            "left": 792,
            "top": 1113,
            "bottom": 1140
        },
        "content": "139",
        "isClick": false,
        "type": "text"
    },
    {
        "id": 8,
        "location": {
            "right": 1029,
            "left": 844,
            "top": 1142,
            "bottom": 1275
        },
        "content": "L",
        "isClick": false,
        "type": "text"
    },
    {
        "id": 9,
        "location": {
            "right": 957,
            "left": 732,
            "top": 1539,
            "bottom": 1600
        },
        "content": "Settings",
        "isClick": false,
        "type": "text"
    },
    {
        "id": 10,
        "location": {
            "right": 252,
            "left": 129,
            "top": 1704,
            "bottom": 1746
        },
        "content": "Back",
        "isClick": false,
        "type": "text"
    }
]