[
    {
        "isClick": false,
        "location": {
            "bottom": 55,
            "right": 438,
            "top": 11,
            "left": 282
        },
        "content": "FIO",
        "type": "text",
        "id": 0
    },
    {
        "isClick": false,
        "location": {
            "bottom": 51,
            "right": 498,
            "top": 12,
            "left": 473
        },
        "content": "A",
        "type": "text",
        "id": 1
    },
    {
        "isClick": false,
        "location": {
            "bottom": 45,
            "right": 571,
            "top": 17,
            "left": 532
        },
        "content": "35 \u00b0",
        "type": "text",
        "id": 2
    },
    {
        "isClick": false,
        "location": {
            "bottom": 45,
            "right": 634,
            "top": 18,
            "left": 595
        },
        "content": "550",
        "type": "text",
        "id": 3
    },
    {
        "isClick": false,
        "location": {
            "bottom": 47,
            "right": 945,
            "top": 16,
            "left": 922
        },
        "content": "5",
        "type": "text",
        "id": 4
    },
    {
        "isClick": false,
        "location": {
            "bottom": 47,
            "right": 1056,
            "top": 18,
            "left": 968
        },
        "content": "11:58",
        "type": "text",
        "id": 5
    },
    {
        "isClick": false,
        "location": {
            "bottom": 181,
            "right": 149,
            "top": 149,
            "left": 46
        },
        "content": "adidas",
        "type": "text",
        "id": 6
    },
    {
        "isClick": false,
        "location": {
            "bottom": 379,
            "right": 207,
            "top": 336,
            "left": 55
        },
        "content": "ENTER",
        "type": "text",
        "id": 7
    },
    {
        "isClick": false,
        "location": {
            "bottom": 379,
            "right": 360,
            "top": 336,
            "left": 233
        },
        "content": "YOUR",
        "type": "text",
        "id": 8
    },
    {
        "isClick": false,
        "location": {
            "bottom": 379,
            "right": 647,
            "top": 336,
            "left": 377
        },
        "content": "PASSCODE",
        "type": "text",
        "id": 9
    },
    {
        "isClick": false,
        "location": {
            "bottom": 449,
            "right": 799,
            "top": 424,
            "left": 53
        },
        "content": "AND CHECK YOUR EVENTS , PLACES , GALLERY AND MORE .",
        "type": "text",
        "id": 10
    },
    {
        "isClick": true,
        "location": {
            "bottom": 600,
            "right": 281,
            "top": 549,
            "left": 247
        },
        "content": "4",
        "type": "text",
        "id": 11
    },
    {
        "isClick": false,
        "location": {
            "bottom": 601,
            "right": 375,
            "top": 546,
            "left": 358
        },
        "content": "8",
        "type": "text",
        "id": 12
    },
    {
        "isClick": false,
        "location": {
            "bottom": 600,
            "right": 489,
            "top": 549,
            "left": 458
        },
        "content": "9",
        "type": "text",
        "id": 13
    },
    {
        "isClick": false,
        "location": {
            "bottom": 601,
            "right": 593,
            "top": 546,
            "left": 564
        },
        "content": "3",
        "type": "text",
        "id": 14
    },
    {
        "isClick": false,
        "location": {
            "bottom": 600,
            "right": 693,
            "top": 549,
            "left": 676
        },
        "content": "2",
        "type": "text",
        "id": 15
    },
    {
        "isClick": false,
        "location": {
            "bottom": 601,
            "right": 805,
            "top": 549,
            "left": 776
        },
        "content": "5",
        "type": "text",
        "id": 16
    },
    {
        "isClick": false,
        "location": {
            "bottom": 870,
            "right": 535,
            "top": 822,
            "left": 404
        },
        "content": "LOG",
        "type": "text",
        "id": 17
    },
    {
        "isClick": false,
        "location": {
            "bottom": 869,
            "right": 613,
            "top": 821,
            "left": 553
        },
        "content": "IN",
        "type": "text",
        "id": 18
    },
    {
        "isClick": false,
        "location": {
            "bottom": 1037,
            "right": 759,
            "top": 1008,
            "left": 322
        },
        "content": "I FORGOT MY PASSCODE",
        "type": "text",
        "id": 19
    },
    {
        "isClick": false,
        "location": {
            "bottom": 1137,
            "right": 787,
            "top": 1109,
            "left": 293
        },
        "content": "I DO NOT HAVE A PASSCODE",
        "type": "text",
        "id": 20
    }
]