[
    {
        "content": "FAK",
        "location": {
            "bottom": 24,
            "top": 12,
            "left": 216,
            "right": 246
        },
        "id": 0,
        "isClick": false,
        "type": "text"
    },
    {
        "content": "f",
        "location": {
            "bottom": 50,
            "top": 14,
            "left": 29,
            "right": 62
        },
        "id": 1,
        "isClick": false,
        "type": "text"
    },
    {
        "content": "A",
        "location": {
            "bottom": 51,
            "top": 12,
            "left": 95,
            "right": 120
        },
        "id": 2,
        "isClick": false,
        "type": "text"
    },
    {
        "content": "0",
        "location": {
            "bottom": 49,
            "top": 15,
            "left": 171,
            "right": 172
        },
        "id": 3,
        "isClick": false,
        "type": "text"
    },
    {
        "content": "53:06",
        "location": {
            "bottom": 49,
            "top": 11,
            "left": 941,
            "right": 1057
        },
        "id": 4,
        "isClick": false,
        "type": "text"
    },
    {
        "content": "1.",
        "location": {
            "bottom": 97,
            "top": 96,
            "left": 60,
            "right": 61
        },
        "id": 5,
        "isClick": false,
        "type": "text"
    },
    {
        "content": "Am",
        "location": {
            "bottom": 161,
            "top": 104,
            "left": 136,
            "right": 208
        },
        "id": 6,
        "isClick": false,
        "type": "text"
    },
    {
        "content": "Share with friends",
        "location": {
            "bottom": 156,
            "top": 121,
            "left": 366,
            "right": 657
        },
        "id": 7,
        "isClick": false,
        "type": "text"
    },
    {
        "content": "<<",
        "location": {
            "bottom": 163,
            "top": 90,
            "left": 727,
            "right": 878
        },
        "id": 8,
        "isClick": false,
        "type": "text"
    },
    {
        "content": "a",
        "location": {
            "bottom": 353,
            "top": 294,
            "left": 222,
            "right": 240
        },
        "id": 9,
        "isClick": false,
        "type": "text"
    },
    {
        "content": "Visible to all",
        "location": {
            "bottom": 597,
            "top": 569,
            "left": 478,
            "right": 631
        },
        "id": 10,
        "isClick": false,
        "type": "text"
    },
    {
        "content": "Edit",
        "location": {
            "bottom": 648,
            "top": 615,
            "left": 28,
            "right": 87
        },
        "id": 11,
        "isClick": false,
        "type": "text"
    },
    {
        "content": "profile",
        "location": {
            "bottom": 696,
            "top": 657,
            "left": 27,
            "right": 126
        },
        "id": 12,
        "isClick": false,
        "type": "text"
    },
    {
        "content": "Search",
        "location": {
            "bottom": 753,
            "top": 720,
            "left": 654,
            "right": 764
        },
        "id": 13,
        "isClick": false,
        "type": "text"
    },
    {
        "content": "filter",
        "location": {
            "bottom": 799,
            "top": 761,
            "left": 654,
            "right": 725
        },
        "id": 14,
        "isClick": false,
        "type": "text"
    },
    {
        "content": "Nearby",
        "location": {
            "bottom": 801,
            "top": 776,
            "left": 383,
            "right": 448
        },
        "id": 15,
        "isClick": false,
        "type": "text"
    },
    {
        "content": "7",
        "location": {
            "bottom": 959,
            "top": 888,
            "left": 477,
            "right": 543
        },
        "id": 16,
        "isClick": false,
        "type": "text"
    },
    {
        "content": "Nearby",
        "location": {
            "bottom": 1059,
            "top": 992,
            "left": 476,
            "right": 593
        },
        "id": 17,
        "isClick": false,
        "type": "text"
    },
    {
        "content": "Friends",
        "location": {
            "bottom": 1026,
            "top": 1007,
            "left": 639,
            "right": 740
        },
        "id": 18,
        "isClick": false,
        "type": "text"
    },
    {
        "content": "users",
        "location": {
            "bottom": 1087,
            "top": 1058,
            "left": 478,
            "right": 563
        },
        "id": 19,
        "isClick": false,
        "type": "text"
    },
    {
        "content": "Interests",
        "location": {
            "bottom": 1257,
            "top": 1240,
            "left": 316,
            "right": 437
        },
        "id": 20,
        "isClick": false,
        "type": "text"
    },
    {
        "content": "Favorites",
        "location": {
            "bottom": 1487,
            "top": 1462,
            "left": 639,
            "right": 768
        },
        "id": 21,
        "isClick": false,
        "type": "text"
    },
    {
        "content": "OK",
        "location": {
            "bottom": 1668,
            "top": 1639,
            "left": 517,
            "right": 561
        },
        "id": 22,
        "isClick": false,
        "type": "text"
    }
]