[
    {
        "content": "FAKT",
        "location": {
            "bottom": 24,
            "top": 12,
            "left": 279,
            "right": 311
        },
        "id": 0,
        "isClick": false,
        "type": "text"
    },
    {
        "content": "\u2022 Am",
        "location": {
            "bottom": 39,
            "top": 23,
            "left": 33,
            "right": 61
        },
        "id": 1,
        "isClick": false,
        "type": "text"
    },
    {
        "content": "$",
        "location": {
            "bottom": 47,
            "top": 12,
            "left": 942,
            "right": 966
        },
        "id": 2,
        "isClick": false,
        "type": "text"
    },
    {
        "content": "3:06",
        "location": {
            "bottom": 49,
            "top": 18,
            "left": 988,
            "right": 1057
        },
        "id": 3,
        "isClick": false,
        "type": "text"
    },
    {
        "content": "<",
        "location": {
            "bottom": 146,
            "top": 107,
            "left": 18,
            "right": 30
        },
        "id": 4,
        "isClick": true,
        "type": "text"
    },
    {
        "content": "1",
        "location": {
            "bottom": 148,
            "top": 105,
            "left": 74,
            "right": 99
        },
        "id": 5,
        "isClick": false,
        "type": "text"
    },
    {
        "content": "Notifications",
        "location": {
            "bottom": 145,
            "top": 106,
            "left": 130,
            "right": 362
        },
        "id": 6,
        "isClick": false,
        "type": "text"
    },
    {
        "content": "Notifications",
        "location": {
            "bottom": 264,
            "top": 225,
            "left": 36,
            "right": 285
        },
        "id": 7,
        "isClick": false,
        "type": "text"
    },
    {
        "content": "Receive notifications",
        "location": {
            "bottom": 310,
            "top": 285,
            "left": 34,
            "right": 301
        },
        "id": 8,
        "isClick": false,
        "type": "text"
    },
    {
        "content": "Vibration",
        "location": {
            "bottom": 431,
            "top": 395,
            "left": 32,
            "right": 211
        },
        "id": 9,
        "isClick": false,
        "type": "text"
    },
    {
        "content": "Sound",
        "location": {
            "bottom": 572,
            "top": 536,
            "left": 33,
            "right": 156
        },
        "id": 10,
        "isClick": false,
        "type": "text"
    }
]