[
    {
        "content": "FAKT",
        "location": {
            "bottom": 24,
            "top": 12,
            "left": 279,
            "right": 311
        },
        "id": 0,
        "isClick": false,
        "type": "text"
    },
    {
        "content": "Am",
        "location": {
            "bottom": 48,
            "top": 15,
            "left": 28,
            "right": 65
        },
        "id": 1,
        "isClick": false,
        "type": "text"
    },
    {
        "content": "f",
        "location": {
            "bottom": 48,
            "top": 15,
            "left": 94,
            "right": 126
        },
        "id": 2,
        "isClick": false,
        "type": "text"
    },
    {
        "content": "f",
        "location": {
            "bottom": 44,
            "top": 14,
            "left": 93,
            "right": 126
        },
        "id": 3,
        "isClick": false,
        "type": "text"
    },
    {
        "content": "A",
        "location": {
            "bottom": 44,
            "top": 12,
            "left": 159,
            "right": 182
        },
        "id": 4,
        "isClick": false,
        "type": "text"
    },
    {
        "content": "$",
        "location": {
            "bottom": 47,
            "top": 12,
            "left": 941,
            "right": 966
        },
        "id": 5,
        "isClick": false,
        "type": "text"
    },
    {
        "content": "3:07",
        "location": {
            "bottom": 49,
            "top": 18,
            "left": 987,
            "right": 1056
        },
        "id": 6,
        "isClick": false,
        "type": "text"
    },
    {
        "content": "(",
        "location": {
            "bottom": 146,
            "top": 107,
            "left": 16,
            "right": 29
        },
        "id": 7,
        "isClick": false,
        "type": "text"
    },
    {
        "content": "Application",
        "location": {
            "bottom": 153,
            "top": 105,
            "left": 47,
            "right": 250
        },
        "id": 8,
        "isClick": false,
        "type": "text"
    },
    {
        "content": "settings",
        "location": {
            "bottom": 153,
            "top": 112,
            "left": 271,
            "right": 413
        },
        "id": 9,
        "isClick": false,
        "type": "text"
    },
    {
        "content": "Profile",
        "location": {
            "bottom": 236,
            "top": 209,
            "left": 12,
            "right": 95
        },
        "id": 10,
        "isClick": false,
        "type": "text"
    },
    {
        "content": "Account",
        "location": {
            "bottom": 337,
            "top": 297,
            "left": 32,
            "right": 196
        },
        "id": 11,
        "isClick": true,
        "type": "text"
    },
    {
        "content": "management",
        "location": {
            "bottom": 345,
            "top": 303,
            "left": 211,
            "right": 473
        },
        "id": 12,
        "isClick": true,
        "type": "text"
    },
    {
        "content": "Social",
        "location": {
            "bottom": 451,
            "top": 415,
            "left": 34,
            "right": 151
        },
        "id": 13,
        "isClick": false,
        "type": "text"
    },
    {
        "content": "networks",
        "location": {
            "bottom": 453,
            "top": 414,
            "left": 170,
            "right": 349
        },
        "id": 14,
        "isClick": false,
        "type": "text"
    },
    {
        "content": "Transfer",
        "location": {
            "bottom": 567,
            "top": 531,
            "left": 32,
            "right": 197
        },
        "id": 15,
        "isClick": false,
        "type": "text"
    },
    {
        "content": "code",
        "location": {
            "bottom": 567,
            "top": 531,
            "left": 212,
            "right": 305
        },
        "id": 16,
        "isClick": false,
        "type": "text"
    },
    {
        "content": "Application settings",
        "location": {
            "bottom": 662,
            "top": 626,
            "left": 11,
            "right": 270
        },
        "id": 17,
        "isClick": false,
        "type": "text"
    },
    {
        "content": "Color Theme",
        "location": {
            "bottom": 753,
            "top": 715,
            "left": 34,
            "right": 285
        },
        "id": 18,
        "isClick": false,
        "type": "text"
    },
    {
        "content": "Units",
        "location": {
            "bottom": 869,
            "top": 834,
            "left": 33,
            "right": 132
        },
        "id": 19,
        "isClick": false,
        "type": "text"
    },
    {
        "content": "Yards and lb",
        "location": {
            "bottom": 913,
            "top": 889,
            "left": 32,
            "right": 193
        },
        "id": 20,
        "isClick": false,
        "type": "text"
    },
    {
        "content": "Notifications",
        "location": {
            "bottom": 1025,
            "top": 986,
            "left": 35,
            "right": 284
        },
        "id": 21,
        "isClick": false,
        "type": "text"
    },
    {
        "content": "About the application",
        "location": {
            "bottom": 1118,
            "top": 1088,
            "left": 11,
            "right": 289
        },
        "id": 22,
        "isClick": false,
        "type": "text"
    },
    {
        "content": "About the",
        "location": {
            "bottom": 1217,
            "top": 1176,
            "left": 33,
            "right": 224
        },
        "id": 23,
        "isClick": false,
        "type": "text"
    },
    {
        "content": "application",
        "location": {
            "bottom": 1221,
            "top": 1176,
            "left": 240,
            "right": 457
        },
        "id": 24,
        "isClick": false,
        "type": "text"
    },
    {
        "content": "Contact",
        "location": {
            "bottom": 1361,
            "top": 1327,
            "left": 362,
            "right": 503
        },
        "id": 25,
        "isClick": false,
        "type": "text"
    },
    {
        "content": "developers",
        "location": {
            "bottom": 1365,
            "top": 1322,
            "left": 518,
            "right": 719
        },
        "id": 26,
        "isClick": false,
        "type": "text"
    }
]