[
    {
        "content": "FAK",
        "location": {
            "bottom": 23,
            "top": 11,
            "left": 216,
            "right": 245
        },
        "id": 0,
        "isClick": false,
        "type": "text"
    },
    {
        "content": "f",
        "location": {
            "bottom": 50,
            "top": 13,
            "left": 29,
            "right": 63
        },
        "id": 1,
        "isClick": false,
        "type": "text"
    },
    {
        "content": "a",
        "location": {
            "bottom": 49,
            "top": 12,
            "left": 95,
            "right": 120
        },
        "id": 2,
        "isClick": false,
        "type": "text"
    },
    {
        "content": "0",
        "location": {
            "bottom": 48,
            "top": 15,
            "left": 170,
            "right": 181
        },
        "id": 3,
        "isClick": false,
        "type": "text"
    },
    {
        "content": "5",
        "location": {
            "bottom": 48,
            "top": 12,
            "left": 941,
            "right": 966
        },
        "id": 4,
        "isClick": false,
        "type": "text"
    },
    {
        "content": "3:04",
        "location": {
            "bottom": 49,
            "top": 17,
            "left": 987,
            "right": 1057
        },
        "id": 5,
        "isClick": false,
        "type": "text"
    },
    {
        "content": "( .Am",
        "location": {
            "bottom": 146,
            "top": 105,
            "left": 36,
            "right": 110
        },
        "id": 6,
        "isClick": false,
        "type": "text"
    },
    {
        "content": "l - Am",
        "location": {
            "bottom": 145,
            "top": 110,
            "left": 130,
            "right": 221
        },
        "id": 7,
        "isClick": false,
        "type": "text"
    },
    {
        "content": "f",
        "location": {
            "bottom": 654,
            "top": 613,
            "left": 226,
            "right": 270
        },
        "id": 8,
        "isClick": false,
        "type": "text"
    },
    {
        "content": "C",
        "location": {
            "bottom": 756,
            "top": 686,
            "left": 434,
            "right": 645
        },
        "id": 9,
        "isClick": false,
        "type": "text"
    },
    {
        "content": "Sam",
        "location": {
            "bottom": 959,
            "top": 921,
            "left": 408,
            "right": 507
        },
        "id": 10,
        "isClick": false,
        "type": "text"
    },
    {
        "content": "Brown",
        "location": {
            "bottom": 960,
            "top": 921,
            "left": 528,
            "right": 669
        },
        "id": 11,
        "isClick": false,
        "type": "text"
    },
    {
        "content": "l - Am will have access to name and other",
        "location": {
            "bottom": 1041,
            "top": 1014,
            "left": 281,
            "right": 802
        },
        "id": 12,
        "isClick": false,
        "type": "text"
    },
    {
        "content": "public info . Edit the info you provide .",
        "location": {
            "bottom": 1079,
            "top": 1048,
            "left": 307,
            "right": 773
        },
        "id": 13,
        "isClick": false,
        "type": "text"
    },
    {
        "content": "CONTINUE AS SAM",
        "location": {
            "bottom": 1249,
            "top": 1217,
            "left": 380,
            "right": 698
        },
        "id": 14,
        "isClick": true,
        "type": "text"
    },
    {
        "content": "A",
        "location": {
            "bottom": 1882,
            "top": 1834,
            "left": 214,
            "right": 258
        },
        "id": 15,
        "isClick": false,
        "type": "text"
    }
]