[
    {
        "content": "FAK",
        "location": {
            "bottom": 23,
            "top": 9,
            "left": 215,
            "right": 240
        },
        "id": 0,
        "isClick": false,
        "type": "text"
    },
    {
        "content": "f",
        "location": {
            "bottom": 48,
            "top": 13,
            "left": 29,
            "right": 63
        },
        "id": 1,
        "isClick": false,
        "type": "text"
    },
    {
        "content": "0",
        "location": {
            "bottom": 45,
            "top": 15,
            "left": 168,
            "right": 179
        },
        "id": 2,
        "isClick": false,
        "type": "text"
    },
    {
        "content": "5",
        "location": {
            "bottom": 48,
            "top": 12,
            "left": 942,
            "right": 965
        },
        "id": 3,
        "isClick": false,
        "type": "text"
    },
    {
        "content": "3:04",
        "location": {
            "bottom": 49,
            "top": 17,
            "left": 988,
            "right": 1057
        },
        "id": 4,
        "isClick": false,
        "type": "text"
    },
    {
        "content": "Add",
        "location": {
            "bottom": 149,
            "top": 113,
            "left": 390,
            "right": 469
        },
        "id": 5,
        "isClick": false,
        "type": "text"
    },
    {
        "content": "more",
        "location": {
            "bottom": 149,
            "top": 121,
            "left": 488,
            "right": 591
        },
        "id": 6,
        "isClick": false,
        "type": "text"
    },
    {
        "content": "info",
        "location": {
            "bottom": 149,
            "top": 113,
            "left": 610,
            "right": 683
        },
        "id": 7,
        "isClick": false,
        "type": "text"
    },
    {
        "content": "1.",
        "location": {
            "bottom": 625,
            "top": 572,
            "left": 476,
            "right": 497
        },
        "id": 8,
        "isClick": false,
        "type": "text"
    },
    {
        "content": "Am",
        "location": {
            "bottom": 636,
            "top": 574,
            "left": 527,
            "right": 600
        },
        "id": 9,
        "isClick": false,
        "type": "text"
    },
    {
        "content": "Continue",
        "location": {
            "bottom": 813,
            "top": 771,
            "left": 346,
            "right": 549
        },
        "id": 10,
        "isClick": false,
        "type": "text"
    },
    {
        "content": "as",
        "location": {
            "bottom": 813,
            "top": 779,
            "left": 568,
            "right": 617
        },
        "id": 11,
        "isClick": false,
        "type": "text"
    },
    {
        "content": "Sam",
        "location": {
            "bottom": 813,
            "top": 771,
            "left": 636,
            "right": 735
        },
        "id": 12,
        "isClick": false,
        "type": "text"
    },
    {
        "content": "l - Am will",
        "location": {
            "bottom": 921,
            "top": 888,
            "left": 394,
            "right": 542
        },
        "id": 13,
        "isClick": false,
        "type": "text"
    },
    {
        "content": "receive :",
        "location": {
            "bottom": 921,
            "top": 889,
            "left": 559,
            "right": 687
        },
        "id": 14,
        "isClick": false,
        "type": "text"
    },
    {
        "content": "your email",
        "location": {
            "bottom": 976,
            "top": 937,
            "left": 369,
            "right": 547
        },
        "id": 15,
        "isClick": false,
        "type": "text"
    },
    {
        "content": "address",
        "location": {
            "bottom": 972,
            "top": 937,
            "left": 561,
            "right": 699
        },
        "id": 16,
        "isClick": false,
        "type": "text"
    },
    {
        "content": ".",
        "location": {
            "bottom": 969,
            "top": 961,
            "left": 704,
            "right": 708
        },
        "id": 17,
        "isClick": false,
        "type": "text"
    },
    {
        "content": "Learn",
        "location": {
            "bottom": 1071,
            "top": 1039,
            "left": 476,
            "right": 566
        },
        "id": 18,
        "isClick": false,
        "type": "text"
    },
    {
        "content": "More",
        "location": {
            "bottom": 1071,
            "top": 1039,
            "left": 584,
            "right": 671
        },
        "id": 19,
        "isClick": false,
        "type": "text"
    },
    {
        "content": "OK",
        "location": {
            "bottom": 1503,
            "top": 1473,
            "left": 519,
            "right": 563
        },
        "id": 20,
        "isClick": true,
        "type": "text"
    },
    {
        "content": "This doesn't let the app post to Facebook .",
        "location": {
            "bottom": 1676,
            "top": 1641,
            "left": 249,
            "right": 877
        },
        "id": 21,
        "isClick": false,
        "type": "text"
    }
]