[
    {
        "content": "FAK",
        "location": {
            "bottom": 24,
            "top": 12,
            "left": 216,
            "right": 247
        },
        "id": 0,
        "isClick": false,
        "type": "text"
    },
    {
        "content": "f",
        "location": {
            "bottom": 48,
            "top": 14,
            "left": 29,
            "right": 62
        },
        "id": 1,
        "isClick": false,
        "type": "text"
    },
    {
        "content": "A",
        "location": {
            "bottom": 48,
            "top": 13,
            "left": 96,
            "right": 121
        },
        "id": 2,
        "isClick": false,
        "type": "text"
    },
    {
        "content": "3:06",
        "location": {
            "bottom": 48,
            "top": 17,
            "left": 987,
            "right": 1057
        },
        "id": 3,
        "isClick": false,
        "type": "text"
    },
    {
        "content": "<",
        "location": {
            "bottom": 148,
            "top": 107,
            "left": 12,
            "right": 24
        },
        "id": 4,
        "isClick": false,
        "type": "text"
    },
    {
        "content": "Step",
        "location": {
            "bottom": 151,
            "top": 112,
            "left": 45,
            "right": 121
        },
        "id": 5,
        "isClick": false,
        "type": "text"
    },
    {
        "content": "2",
        "location": {
            "bottom": 144,
            "top": 112,
            "left": 144,
            "right": 156
        },
        "id": 6,
        "isClick": false,
        "type": "text"
    },
    {
        "content": "2",
        "location": {
            "bottom": 312,
            "top": 282,
            "left": 437,
            "right": 453
        },
        "id": 7,
        "isClick": false,
        "type": "text"
    },
    {
        "content": "3",
        "location": {
            "bottom": 310,
            "top": 281,
            "left": 626,
            "right": 641
        },
        "id": 8,
        "isClick": false,
        "type": "text"
    },
    {
        "content": "4",
        "location": {
            "bottom": 311,
            "top": 281,
            "left": 814,
            "right": 833
        },
        "id": 9,
        "isClick": false,
        "type": "text"
    },
    {
        "content": "DATE OF BIRTH",
        "location": {
            "bottom": 492,
            "top": 464,
            "left": 76,
            "right": 325
        },
        "id": 10,
        "isClick": false,
        "type": "text"
    },
    {
        "content": "February",
        "location": {
            "bottom": 634,
            "top": 585,
            "left": 357,
            "right": 534
        },
        "id": 11,
        "isClick": false,
        "type": "text"
    },
    {
        "content": "10 ,",
        "location": {
            "bottom": 632,
            "top": 585,
            "left": 552,
            "right": 607
        },
        "id": 12,
        "isClick": false,
        "type": "text"
    },
    {
        "content": "2000",
        "location": {
            "bottom": 625,
            "top": 585,
            "left": 624,
            "right": 723
        },
        "id": 13,
        "isClick": false,
        "type": "text"
    },
    {
        "content": "Back",
        "location": {
            "bottom": 850,
            "top": 811,
            "left": 146,
            "right": 244
        },
        "id": 14,
        "isClick": false,
        "type": "text"
    },
    {
        "content": "Next",
        "location": {
            "bottom": 850,
            "top": 809,
            "left": 842,
            "right": 932
        },
        "id": 15,
        "isClick": true,
        "type": "text"
    },
    {
        "content": ">",
        "location": {
            "bottom": 857,
            "top": 801,
            "left": 962,
            "right": 999
        },
        "id": 16,
        "isClick": false,
        "type": "text"
    },
    {
        "content": "V",
        "location": {
            "bottom": 1881,
            "top": 1833,
            "left": 214,
            "right": 258
        },
        "id": 17,
        "isClick": false,
        "type": "text"
    }
]