[
    {
        "content": "FAK",
        "location": {
            "bottom": 24,
            "top": 12,
            "left": 216,
            "right": 247
        },
        "id": 0,
        "isClick": false,
        "type": "text"
    },
    {
        "content": "f",
        "location": {
            "bottom": 48,
            "top": 14,
            "left": 29,
            "right": 62
        },
        "id": 1,
        "isClick": false,
        "type": "text"
    },
    {
        "content": "A",
        "location": {
            "bottom": 48,
            "top": 13,
            "left": 96,
            "right": 121
        },
        "id": 2,
        "isClick": false,
        "type": "text"
    },
    {
        "content": "3:06",
        "location": {
            "bottom": 48,
            "top": 17,
            "left": 987,
            "right": 1057
        },
        "id": 3,
        "isClick": false,
        "type": "text"
    },
    {
        "content": "<",
        "location": {
            "bottom": 148,
            "top": 108,
            "left": 12,
            "right": 24
        },
        "id": 4,
        "isClick": false,
        "type": "text"
    },
    {
        "content": "Step",
        "location": {
            "bottom": 152,
            "top": 112,
            "left": 45,
            "right": 121
        },
        "id": 5,
        "isClick": false,
        "type": "text"
    },
    {
        "content": "3",
        "location": {
            "bottom": 145,
            "top": 112,
            "left": 143,
            "right": 155
        },
        "id": 6,
        "isClick": false,
        "type": "text"
    },
    {
        "content": "3",
        "location": {
            "bottom": 309,
            "top": 281,
            "left": 624,
            "right": 640
        },
        "id": 7,
        "isClick": false,
        "type": "text"
    },
    {
        "content": "4",
        "location": {
            "bottom": 311,
            "top": 281,
            "left": 814,
            "right": 833
        },
        "id": 8,
        "isClick": false,
        "type": "text"
    },
    {
        "content": "SPECIFY YOUR GENDER",
        "location": {
            "bottom": 493,
            "top": 464,
            "left": 75,
            "right": 468
        },
        "id": 9,
        "isClick": false,
        "type": "text"
    },
    {
        "content": "Female",
        "location": {
            "bottom": 950,
            "top": 911,
            "left": 188,
            "right": 335
        },
        "id": 10,
        "isClick": false,
        "type": "text"
    },
    {
        "content": "Male",
        "location": {
            "bottom": 948,
            "top": 911,
            "left": 652,
            "right": 749
        },
        "id": 11,
        "isClick": false,
        "type": "text"
    },
    {
        "content": "Back",
        "location": {
            "bottom": 1101,
            "top": 1063,
            "left": 146,
            "right": 244
        },
        "id": 12,
        "isClick": false,
        "type": "text"
    },
    {
        "content": "Next",
        "location": {
            "bottom": 1105,
            "top": 1065,
            "left": 842,
            "right": 933
        },
        "id": 13,
        "isClick": true,
        "type": "text"
    },
    {
        "content": ">",
        "location": {
            "bottom": 1109,
            "top": 1053,
            "left": 962,
            "right": 999
        },
        "id": 14,
        "isClick": false,
        "type": "text"
    },
    {
        "content": "A",
        "location": {
            "bottom": 1882,
            "top": 1834,
            "left": 214,
            "right": 258
        },
        "id": 15,
        "isClick": false,
        "type": "text"
    }
]