[
    {
        "id": 0,
        "location": {
            "right": 129,
            "left": 91,
            "top": 12,
            "bottom": 26
        },
        "content": "FAK",
        "isClick": false,
        "type": "text"
    },
    {
        "id": 1,
        "location": {
            "right": 1056,
            "left": 968,
            "top": 17,
            "bottom": 49
        },
        "content": "10:23",
        "isClick": false,
        "type": "text"
    },
    {
        "id": 2,
        "location": {
            "right": 117,
            "left": 54,
            "top": 108,
            "bottom": 163
        },
        "content": "C.",
        "isClick": false,
        "type": "text"
    },
    {
        "id": 3,
        "location": {
            "right": 790,
            "left": 142,
            "top": 113,
            "bottom": 161
        },
        "content": "https://accounts.google.com/S",
        "isClick": false,
        "type": "text"
    },
    {
        "id": 4,
        "location": {
            "right": 670,
            "left": 391,
            "top": 252,
            "bottom": 342
        },
        "content": "Google",
        "isClick": false,
        "type": "text"
    },
    {
        "id": 5,
        "location": {
            "right": 343,
            "left": 209,
            "top": 402,
            "bottom": 441
        },
        "content": "Please",
        "isClick": false,
        "type": "text"
    },
    {
        "id": 6,
        "location": {
            "right": 649,
            "left": 363,
            "top": 408,
            "bottom": 450
        },
        "content": "re - enter your",
        "isClick": false,
        "type": "text"
    },
    {
        "id": 7,
        "location": {
            "right": 872,
            "left": 667,
            "top": 402,
            "bottom": 452
        },
        "content": "password",
        "isClick": false,
        "type": "text"
    },
    {
        "id": 8,
        "location": {
            "right": 571,
            "left": 509,
            "top": 604,
            "bottom": 676
        },
        "content": "\u0410",
        "isClick": false,
        "type": "text"
    },
    {
        "id": 9,
        "location": {
            "right": 498,
            "left": 424,
            "top": 769,
            "bottom": 810
        },
        "content": "App",
        "isClick": false,
        "type": "text"
    },
    {
        "id": 10,
        "location": {
            "right": 655,
            "left": 512,
            "top": 770,
            "bottom": 808
        },
        "content": "Crawler",
        "isClick": false,
        "type": "text"
    },
    {
        "id": 11,
        "location": {
            "right": 741,
            "left": 339,
            "top": 831,
            "bottom": 866
        },
        "content": "appcrawler4@gmail.com",
        "isClick": false,
        "type": "text"
    },
    {
        "id": 12,
        "location": {
            "right": 417,
            "left": 226,
            "top": 961,
            "bottom": 970
        },
        "content": "..............",
        "isClick": false,
        "type": "text"
    },
    {
        "id": 13,
        "location": {
            "right": 554,
            "left": 489,
            "top": 1081,
            "bottom": 1115
        },
        "content": "Sign",
        "isClick": false,
        "type": "text"
    },
    {
        "id": 14,
        "location": {
            "right": 590,
            "left": 566,
            "top": 1081,
            "bottom": 1111
        },
        "content": "in",
        "isClick": false,
        "type": "text"
    },
    {
        "id": 15,
        "location": {
            "right": 169,
            "left": 65,
            "top": 1242,
            "bottom": 1286
        },
        "content": "Open",
        "isClick": false,
        "type": "text"
    },
    {
        "id": 16,
        "location": {
            "right": 269,
            "left": 185,
            "top": 1240,
            "bottom": 1281
        },
        "content": "with",
        "isClick": false,
        "type": "text"
    },
    {
        "id": 17,
        "location": {
            "right": 275,
            "left": 192,
            "top": 1387,
            "bottom": 1434
        },
        "content": "Play",
        "isClick": false,
        "type": "text"
    },
    {
        "id": 18,
        "location": {
            "right": 392,
            "left": 288,
            "top": 1389,
            "bottom": 1426
        },
        "content": "Store",
        "isClick": false,
        "type": "text"
    },
    {
        "id": 19,
        "location": {
            "right": 358,
            "left": 193,
            "top": 1537,
            "bottom": 1570
        },
        "content": "Browser",
        "isClick": false,
        "type": "text"
    },
    {
        "id": 20,
        "location": {
            "right": 810,
            "left": 618,
            "top": 1698,
            "bottom": 1724
        },
        "content": "JUST ONCE",
        "isClick": false,
        "type": "text"
    },
    {
        "id": 21,
        "location": {
            "right": 1014,
            "left": 876,
            "top": 1698,
            "bottom": 1724
        },
        "content": "ALWAYS",
        "isClick": true,
        "type": "text"
    }
]