[
    {
        "id": 0,
        "location": {
            "right": 129,
            "left": 91,
            "top": 11,
            "bottom": 27
        },
        "content": "FAK",
        "isClick": false,
        "type": "text"
    },
    {
        "id": 1,
        "location": {
            "right": 945,
            "left": 922,
            "top": 12,
            "bottom": 49
        },
        "content": "$",
        "isClick": false,
        "type": "text"
    },
    {
        "id": 2,
        "location": {
            "right": 1057,
            "left": 968,
            "top": 17,
            "bottom": 49
        },
        "content": "10:24",
        "isClick": false,
        "type": "text"
    },
    {
        "id": 3,
        "location": {
            "right": 117,
            "left": 56,
            "top": 110,
            "bottom": 165
        },
        "content": "L.",
        "isClick": false,
        "type": "text"
    },
    {
        "id": 4,
        "location": {
            "right": 803,
            "left": 144,
            "top": 113,
            "bottom": 161
        },
        "content": "https://play.google.com/store/a",
        "isClick": false,
        "type": "text"
    },
    {
        "id": 5,
        "location": {
            "right": 613,
            "left": 446,
            "top": 224,
            "bottom": 280
        },
        "content": "Google",
        "isClick": false,
        "type": "text"
    },
    {
        "id": 6,
        "location": {
            "right": 719,
            "left": 628,
            "top": 226,
            "bottom": 281
        },
        "content": "Play",
        "isClick": false,
        "type": "text"
    },
    {
        "id": 7,
        "location": {
            "right": 407,
            "left": 310,
            "top": 358,
            "bottom": 397
        },
        "content": "NBA",
        "isClick": false,
        "type": "text"
    },
    {
        "id": 8,
        "location": {
            "right": 876,
            "left": 783,
            "top": 425,
            "bottom": 463
        },
        "content": "Everyone",
        "isClick": false,
        "type": "text"
    },
    {
        "id": 9,
        "location": {
            "right": 366,
            "left": 307,
            "top": 429,
            "bottom": 470
        },
        "content": "NBA",
        "isClick": false,
        "type": "text"
    },
    {
        "id": 10,
        "location": {
            "right": 468,
            "left": 382,
            "top": 427,
            "bottom": 469
        },
        "content": "Digital",
        "isClick": false,
        "type": "text"
    },
    {
        "id": 11,
        "location": {
            "right": 561,
            "left": 495,
            "top": 427,
            "bottom": 468
        },
        "content": "Mare",
        "isClick": false,
        "type": "text"
    },
    {
        "id": 12,
        "location": {
            "right": 390,
            "left": 309,
            "top": 484,
            "bottom": 520
        },
        "content": "Sport",
        "isClick": false,
        "type": "text"
    },
    {
        "id": 13,
        "location": {
            "right": 166,
            "left": 50,
            "top": 525,
            "bottom": 581
        },
        "content": "NB",
        "isClick": false,
        "type": "text"
    },
    {
        "id": 14,
        "location": {
            "right": 354,
            "left": 230,
            "top": 658,
            "bottom": 707
        },
        "content": "NBA",
        "isClick": false,
        "type": "text"
    },
    {
        "id": 15,
        "location": {
            "right": 383,
            "left": 227,
            "top": 727,
            "bottom": 757
        },
        "content": "NBA Digital",
        "isClick": false,
        "type": "text"
    },
    {
        "id": 16,
        "location": {
            "right": 450,
            "left": 226,
            "top": 949,
            "bottom": 972
        },
        "content": "Choose a device",
        "isClick": false,
        "type": "text"
    },
    {
        "id": 17,
        "location": {
            "right": 817,
            "left": 264,
            "top": 1016,
            "bottom": 1045
        },
        "content": "No carrier Motorola AOSP on Shamo",
        "isClick": false,
        "type": "text"
    },
    {
        "id": 18,
        "location": {
            "right": 434,
            "left": 308,
            "top": 1205,
            "bottom": 1229
        },
        "content": "CANCEL",
        "isClick": true,
        "type": "text"
    },
    {
        "id": 19,
        "location": {
            "right": 738,
            "left": 607,
            "top": 1201,
            "bottom": 1227
        },
        "content": "INSTALL",
        "isClick": false,
        "type": "text"
    }
]