[
    {
        "id": 0,
        "location": {
            "right": 126,
            "left": 91,
            "top": 11,
            "bottom": 26
        },
        "content": "FAK",
        "isClick": false,
        "type": "text"
    },
    {
        "id": 1,
        "location": {
            "right": 218,
            "left": -4,
            "top": 9,
            "bottom": 51
        },
        "content": "08",
        "isClick": false,
        "type": "text"
    },
    {
        "id": 2,
        "location": {
            "right": 945,
            "left": 922,
            "top": 12,
            "bottom": 49
        },
        "content": "$",
        "isClick": false,
        "type": "text"
    },
    {
        "id": 3,
        "location": {
            "right": 1056,
            "left": 968,
            "top": 17,
            "bottom": 49
        },
        "content": "10:26",
        "isClick": false,
        "type": "text"
    },
    {
        "id": 4,
        "location": {
            "right": 101,
            "left": 54,
            "top": 113,
            "bottom": 159
        },
        "content": "G",
        "isClick": false,
        "type": "text"
    },
    {
        "id": 5,
        "location": {
            "right": 803,
            "left": 144,
            "top": 113,
            "bottom": 159
        },
        "content": "https://www.google.com/?gws_",
        "isClick": true,
        "type": "text"
    },
    {
        "id": 6,
        "location": {
            "right": 283,
            "left": 22,
            "top": 223,
            "bottom": 285
        },
        "content": "Webpage",
        "isClick": false,
        "type": "text"
    },
    {
        "id": 7,
        "location": {
            "right": 391,
            "left": 302,
            "top": 229,
            "bottom": 273
        },
        "content": "not",
        "isClick": false,
        "type": "text"
    },
    {
        "id": 8,
        "location": {
            "right": 659,
            "left": 409,
            "top": 223,
            "bottom": 273
        },
        "content": "available",
        "isClick": false,
        "type": "text"
    },
    {
        "id": 9,
        "location": {
            "right": 269,
            "left": 22,
            "top": 346,
            "bottom": 385
        },
        "content": "The webpage",
        "isClick": false,
        "type": "text"
    },
    {
        "id": 10,
        "location": {
            "right": 901,
            "left": 284,
            "top": 346,
            "bottom": 385
        },
        "content": "at http://www.mcsdga.net/ could",
        "isClick": false,
        "type": "text"
    },
    {
        "id": 11,
        "location": {
            "right": 973,
            "left": 918,
            "top": 350,
            "bottom": 382
        },
        "content": "not",
        "isClick": false,
        "type": "text"
    },
    {
        "id": 12,
        "location": {
            "right": 1031,
            "left": 990,
            "top": 346,
            "bottom": 384
        },
        "content": "be",
        "isClick": false,
        "type": "text"
    },
    {
        "id": 13,
        "location": {
            "right": 145,
            "left": 24,
            "top": 396,
            "bottom": 428
        },
        "content": "loaded",
        "isClick": false,
        "type": "text"
    },
    {
        "id": 14,
        "location": {
            "right": 323,
            "left": 160,
            "top": 396,
            "bottom": 429
        },
        "content": "because :",
        "isClick": false,
        "type": "text"
    },
    {
        "id": 15,
        "location": {
            "right": 636,
            "left": 24,
            "top": 489,
            "bottom": 522
        },
        "content": "net :: ERR_NAME_NOT_RESOLVED",
        "isClick": false,
        "type": "text"
    }
]