[
    {
        "content": "III",
        "id": 0,
        "isClick": false,
        "type": "text",
        "location": {
            "left": 46,
            "bottom": 84,
            "right": 107,
            "top": 44
        }
    },
    {
        "content": "VR",
        "id": 1,
        "isClick": false,
        "type": "text",
        "location": {
            "left": 149,
            "bottom": 83,
            "right": 211,
            "top": 46
        }
    },
    {
        "content": "Cities",
        "id": 2,
        "isClick": false,
        "type": "text",
        "location": {
            "left": 230,
            "bottom": 83,
            "right": 355,
            "top": 45
        }
    },
    {
        "content": "Q",
        "id": 3,
        "isClick": false,
        "type": "text",
        "location": {
            "left": 890,
            "bottom": 91,
            "right": 911,
            "top": 36
        }
    },
    {
        "content": "C",
        "id": 4,
        "isClick": false,
        "type": "text",
        "location": {
            "left": 1025,
            "bottom": 81,
            "right": 1031,
            "top": 40
        }
    },
    {
        "content": "\u0425",
        "id": 5,
        "isClick": true,
        "type": "text",
        "location": {
            "left": 977,
            "bottom": 223,
            "right": 1017,
            "top": 183
        }
    },
    {
        "content": "B",
        "id": 6,
        "isClick": false,
        "type": "text",
        "location": {
            "left": 498,
            "bottom": 795,
            "right": 586,
            "top": 570
        }
    },
    {
        "content": "Schlossberg",
        "id": 7,
        "isClick": false,
        "type": "text",
        "location": {
            "left": 58,
            "bottom": 747,
            "right": 269,
            "top": 711
        }
    },
    {
        "content": "|",
        "id": 8,
        "isClick": false,
        "type": "text",
        "location": {
            "left": 284,
            "bottom": 747,
            "right": 287,
            "top": 712
        }
    },
    {
        "content": "by",
        "id": 9,
        "isClick": false,
        "type": "text",
        "location": {
            "left": 304,
            "bottom": 747,
            "right": 339,
            "top": 711
        }
    },
    {
        "content": "R",
        "id": 10,
        "isClick": false,
        "type": "text",
        "location": {
            "left": 356,
            "bottom": 742,
            "right": 367,
            "top": 712
        }
    },
    {
        "content": "WWW",
        "id": 11,
        "isClick": false,
        "type": "text",
        "location": {
            "left": 951,
            "bottom": 734,
            "right": 1042,
            "top": 719
        }
    },
    {
        "content": "WWW",
        "id": 12,
        "isClick": false,
        "type": "text",
        "location": {
            "left": 951,
            "bottom": 1396,
            "right": 1042,
            "top": 1382
        }
    },
    {
        "content": "Ljubljana",
        "id": 13,
        "isClick": false,
        "type": "text",
        "location": {
            "left": 59,
            "bottom": 1413,
            "right": 210,
            "top": 1373
        }
    },
    {
        "content": "| by",
        "id": 14,
        "isClick": false,
        "type": "text",
        "location": {
            "left": 223,
            "bottom": 1412,
            "right": 280,
            "top": 1373
        }
    },
    {
        "content": "RSelect",
        "id": 15,
        "isClick": false,
        "type": "text",
        "location": {
            "left": 293,
            "bottom": 1410,
            "right": 453,
            "top": 1348
        }
    },
    {
        "content": "object",
        "id": 16,
        "isClick": false,
        "type": "text",
        "location": {
            "left": 461,
            "bottom": 1403,
            "right": 599,
            "top": 1345
        }
    },
    {
        "content": "or",
        "id": 17,
        "isClick": false,
        "type": "text",
        "location": {
            "left": 614,
            "bottom": 1392,
            "right": 659,
            "top": 1354
        }
    },
    {
        "content": "hold",
        "id": 18,
        "isClick": false,
        "type": "text",
        "location": {
            "left": 674,
            "bottom": 1392,
            "right": 764,
            "top": 1347
        }
    },
    {
        "content": "your",
        "id": 19,
        "isClick": false,
        "type": "text",
        "location": {
            "left": 274,
            "bottom": 1458,
            "right": 368,
            "top": 1417
        }
    },
    {
        "content": "phone",
        "id": 20,
        "isClick": false,
        "type": "text",
        "location": {
            "left": 385,
            "bottom": 1457,
            "right": 519,
            "top": 1407
        }
    },
    {
        "content": "horizontally",
        "id": 21,
        "isClick": false,
        "type": "text",
        "location": {
            "left": 538,
            "bottom": 1458,
            "right": 791,
            "top": 1402
        }
    },
    {
        "content": ".",
        "id": 22,
        "isClick": false,
        "type": "text",
        "location": {
            "left": 796,
            "bottom": 1447,
            "right": 801,
            "top": 1440
        }
    },
    {
        "content": "DEN",
        "id": 23,
        "isClick": false,
        "type": "text",
        "location": {
            "left": 343,
            "bottom": 1809,
            "right": 363,
            "top": 1800
        }
    },
    {
        "content": "\u039f",
        "id": 24,
        "isClick": false,
        "type": "text",
        "location": {
            "left": 174,
            "bottom": 1893,
            "right": 249,
            "top": 1818
        }
    },
    {
        "content": "\u039f",
        "id": 25,
        "isClick": false,
        "type": "text",
        "location": {
            "left": 338,
            "bottom": 1893,
            "right": 413,
            "top": 1818
        }
    },
    {
        "content": "\u039f",
        "id": 26,
        "isClick": false,
        "type": "text",
        "location": {
            "left": 502,
            "bottom": 1893,
            "right": 577,
            "top": 1818
        }
    },
    {
        "content": "O",
        "id": 27,
        "isClick": false,
        "type": "text",
        "location": {
            "left": 666,
            "bottom": 1893,
            "right": 741,
            "top": 1817
        }
    },
    {
        "content": "O",
        "id": 28,
        "isClick": false,
        "type": "text",
        "location": {
            "left": 830,
            "bottom": 1892,
            "right": 906,
            "top": 1817
        }
    },
    {
        "content": "ODULE",
        "id": 29,
        "isClick": false,
        "type": "text",
        "location": {
            "left": 345,
            "bottom": 1905,
            "right": 408,
            "top": 1885
        }
    }
]