[
    {
        "location": {
            "left": 216,
            "top": 12,
            "bottom": 24,
            "right": 239
        },
        "type": "text",
        "id": 0,
        "isClick": false,
        "content": "FAK"
    },
    {
        "location": {
            "left": 942,
            "top": 12,
            "bottom": 48,
            "right": 965
        },
        "type": "text",
        "id": 1,
        "isClick": false,
        "content": "5"
    },
    {
        "location": {
            "left": 988,
            "top": 17,
            "bottom": 48,
            "right": 1057
        },
        "type": "text",
        "id": 2,
        "isClick": false,
        "content": "4:22"
    },
    {
        "location": {
            "left": 61,
            "top": 113,
            "bottom": 152,
            "right": 72
        },
        "type": "text",
        "id": 3,
        "isClick": false,
        "content": "<"
    },
    {
        "location": {
            "left": 161,
            "top": 116,
            "bottom": 156,
            "right": 248
        },
        "type": "text",
        "id": 4,
        "isClick": false,
        "content": "PAT"
    },
    {
        "location": {
            "left": 263,
            "top": 113,
            "bottom": 156,
            "right": 392
        },
        "type": "text",
        "id": 5,
        "isClick": false,
        "content": "Track"
    },
    {
        "location": {
            "left": 55,
            "top": 259,
            "bottom": 286,
            "right": 65
        },
        "type": "text",
        "id": 6,
        "isClick": false,
        "content": "1"
    },
    {
        "location": {
            "left": 128,
            "top": 261,
            "bottom": 297,
            "right": 262
        },
        "type": "text",
        "id": 7,
        "isClick": false,
        "content": "Freeport"
    },
    {
        "location": {
            "left": 275,
            "top": 259,
            "bottom": 289,
            "right": 354
        },
        "type": "text",
        "id": 8,
        "isClick": false,
        "content": "Road"
    },
    {
        "location": {
            "left": 867,
            "top": 338,
            "bottom": 365,
            "right": 958
        },
        "type": "text",
        "id": 9,
        "isClick": false,
        "content": "O'Hara"
    },
    {
        "location": {
            "left": 846,
            "top": 375,
            "bottom": 406,
            "right": 979
        },
        "type": "text",
        "id": 10,
        "isClick": false,
        "content": "Township"
    },
    {
        "location": {
            "left": 54,
            "top": 385,
            "bottom": 415,
            "right": 71
        },
        "type": "text",
        "id": 11,
        "isClick": false,
        "content": "2"
    },
    {
        "location": {
            "left": 128,
            "top": 385,
            "bottom": 417,
            "right": 230
        },
        "type": "text",
        "id": 12,
        "isClick": false,
        "content": "Mount"
    },
    {
        "location": {
            "left": 243,
            "top": 385,
            "bottom": 424,
            "right": 328
        },
        "type": "text",
        "id": 13,
        "isClick": false,
        "content": "Royal"
    },
    {
        "location": {
            "left": 759,
            "top": 444,
            "bottom": 462,
            "right": 776
        },
        "type": "text",
        "id": 14,
        "isClick": false,
        "content": "na"
    },
    {
        "location": {
            "left": 54,
            "top": 513,
            "bottom": 539,
            "right": 72
        },
        "type": "text",
        "id": 15,
        "isClick": false,
        "content": "4"
    },
    {
        "location": {
            "left": 126,
            "top": 513,
            "bottom": 548,
            "right": 195
        },
        "type": "text",
        "id": 16,
        "isClick": false,
        "content": "Troy"
    },
    {
        "location": {
            "left": 208,
            "top": 511,
            "bottom": 542,
            "right": 256
        },
        "type": "text",
        "id": 17,
        "isClick": false,
        "content": "Hill"
    },
    {
        "location": {
            "left": 821,
            "top": 521,
            "bottom": 552,
            "right": 979
        },
        "type": "text",
        "id": 18,
        "isClick": false,
        "content": "Sharpsburg"
    },
    {
        "location": {
            "left": 1038,
            "top": 527,
            "bottom": 544,
            "right": 1061
        },
        "type": "text",
        "id": 19,
        "isClick": false,
        "content": "28"
    },
    {
        "location": {
            "left": 54,
            "top": 637,
            "bottom": 666,
            "right": 70
        },
        "type": "text",
        "id": 20,
        "isClick": false,
        "content": "6"
    },
    {
        "location": {
            "left": 126,
            "top": 638,
            "bottom": 675,
            "right": 227
        },
        "type": "text",
        "id": 21,
        "isClick": false,
        "content": "Spring"
    },
    {
        "location": {
            "left": 241,
            "top": 636,
            "bottom": 667,
            "right": 289
        },
        "type": "text",
        "id": 22,
        "isClick": false,
        "content": "Hill"
    },
    {
        "location": {
            "left": 755,
            "top": 650,
            "bottom": 693,
            "right": 849
        },
        "type": "text",
        "id": 23,
        "isClick": false,
        "content": "sburgh"
    },
    {
        "location": {
            "left": 862,
            "top": 657,
            "bottom": 686,
            "right": 917
        },
        "type": "text",
        "id": 24,
        "isClick": false,
        "content": "Zoo"
    },
    {
        "location": {
            "left": 928,
            "top": 657,
            "bottom": 685,
            "right": 946
        },
        "type": "text",
        "id": 25,
        "isClick": false,
        "content": "&"
    },
    {
        "location": {
            "left": 755,
            "top": 692,
            "bottom": 733,
            "right": 947
        },
        "type": "text",
        "id": 26,
        "isClick": false,
        "content": "PG Aquarium"
    },
    {
        "location": {
            "left": 54,
            "top": 765,
            "bottom": 792,
            "right": 70
        },
        "type": "text",
        "id": 27,
        "isClick": false,
        "content": "7"
    },
    {
        "location": {
            "left": 126,
            "top": 762,
            "bottom": 801,
            "right": 227
        },
        "type": "text",
        "id": 28,
        "isClick": false,
        "content": "Spring"
    },
    {
        "location": {
            "left": 240,
            "top": 763,
            "bottom": 793,
            "right": 355
        },
        "type": "text",
        "id": 29,
        "isClick": false,
        "content": "Garden"
    },
    {
        "location": {
            "left": 763,
            "top": 779,
            "bottom": 798,
            "right": 793
        },
        "type": "text",
        "id": 30,
        "isClick": false,
        "content": "Ave"
    },
    {
        "location": {
            "left": 829,
            "top": 789,
            "bottom": 809,
            "right": 977
        },
        "type": "text",
        "id": 31,
        "isClick": false,
        "content": "EAST LIBERTY"
    },
    {
        "location": {
            "left": 833,
            "top": 865,
            "bottom": 885,
            "right": 953
        },
        "type": "text",
        "id": 32,
        "isClick": false,
        "content": "SHADYSIDE"
    },
    {
        "location": {
            "left": 54,
            "top": 889,
            "bottom": 920,
            "right": 70
        },
        "type": "text",
        "id": 33,
        "isClick": false,
        "content": "8"
    },
    {
        "location": {
            "left": 129,
            "top": 889,
            "bottom": 925,
            "right": 292
        },
        "type": "text",
        "id": 34,
        "isClick": false,
        "content": "Perrysville"
    },
    {
        "location": {
            "left": 758,
            "top": 944,
            "bottom": 963,
            "right": 808
        },
        "type": "text",
        "id": 35,
        "isClick": false,
        "content": "LAND"
    },
    {
        "location": {
            "left": 45,
            "top": 1017,
            "bottom": 1044,
            "right": 75
        },
        "type": "text",
        "id": 36,
        "isClick": false,
        "content": "11"
    },
    {
        "location": {
            "left": 128,
            "top": 1016,
            "bottom": 1048,
            "right": 267
        },
        "type": "text",
        "id": 37,
        "isClick": false,
        "content": "Fineview"
    },
    {
        "location": {
            "left": 984,
            "top": 1050,
            "bottom": 1081,
            "right": 1079
        },
        "type": "text",
        "id": 38,
        "isClick": false,
        "content": "Frick P"
    },
    {
        "location": {
            "left": 756,
            "top": 1049,
            "bottom": 1085,
            "right": 848
        },
        "type": "text",
        "id": 39,
        "isClick": false,
        "content": "Phipps"
    },
    {
        "location": {
            "left": 767,
            "top": 1092,
            "bottom": 1125,
            "right": 937
        },
        "type": "text",
        "id": 40,
        "isClick": false,
        "content": "onservatory"
    },
    {
        "location": {
            "left": 756,
            "top": 1129,
            "bottom": 1161,
            "right": 943
        },
        "type": "text",
        "id": 41,
        "isClick": false,
        "content": "nd Botanical"
    },
    {
        "location": {
            "left": 755,
            "top": 1165,
            "bottom": 1203,
            "right": 866
        },
        "type": "text",
        "id": 42,
        "isClick": false,
        "content": "Jardens"
    },
    {
        "location": {
            "left": 1023,
            "top": 1130,
            "bottom": 1149,
            "right": 1065
        },
        "type": "text",
        "id": 43,
        "isClick": false,
        "content": "376"
    },
    {
        "location": {
            "left": 43,
            "top": 1139,
            "bottom": 1172,
            "right": 87
        },
        "type": "text",
        "id": 44,
        "isClick": false,
        "content": "12"
    },
    {
        "location": {
            "left": 130,
            "top": 1141,
            "bottom": 1178,
            "right": 279
        },
        "type": "text",
        "id": 45,
        "isClick": false,
        "content": "Mcknight"
    },
    {
        "location": {
            "left": 40,
            "top": 1267,
            "bottom": 1297,
            "right": 82
        },
        "type": "text",
        "id": 46,
        "isClick": false,
        "content": "13"
    },
    {
        "location": {
            "left": 128,
            "top": 1267,
            "bottom": 1296,
            "right": 261
        },
        "type": "text",
        "id": 47,
        "isClick": false,
        "content": "Bellevue"
    },
    {
        "location": {
            "left": 919,
            "top": 1296,
            "bottom": 1324,
            "right": 1077
        },
        "type": "text",
        "id": 48,
        "isClick": false,
        "content": "Homestead"
    },
    {
        "location": {
            "left": 42,
            "top": 1385,
            "bottom": 1426,
            "right": 105
        },
        "type": "text",
        "id": 49,
        "isClick": false,
        "content": "14"
    },
    {
        "location": {
            "left": 127,
            "top": 1393,
            "bottom": 1425,
            "right": 199
        },
        "type": "text",
        "id": 50,
        "isClick": false,
        "content": "Ohio"
    },
    {
        "location": {
            "left": 211,
            "top": 1393,
            "bottom": 1430,
            "right": 307
        },
        "type": "text",
        "id": 51,
        "isClick": false,
        "content": "Valley"
    },
    {
        "location": {
            "left": 1024,
            "top": 1416,
            "bottom": 1443,
            "right": 1079
        },
        "type": "text",
        "id": 52,
        "isClick": false,
        "content": "Mun"
    },
    {
        "location": {
            "left": 43,
            "top": 1521,
            "bottom": 1550,
            "right": 85
        },
        "type": "text",
        "id": 53,
        "isClick": false,
        "content": "15"
    },
    {
        "location": {
            "left": 127,
            "top": 1519,
            "bottom": 1549,
            "right": 247
        },
        "type": "text",
        "id": 54,
        "isClick": false,
        "content": "Charles"
    },
    {
        "location": {
            "left": 755,
            "top": 1577,
            "bottom": 1639,
            "right": 809
        },
        "type": "text",
        "id": 55,
        "isClick": false,
        "content": "Baldwin"
    },
    {
        "location": {
            "left": 798,
            "top": 1559,
            "bottom": 1583,
            "right": 828
        },
        "type": "text",
        "id": 56,
        "isClick": false,
        "content": "Rd"
    },
    {
        "location": {
            "left": 924,
            "top": 1545,
            "bottom": 1599,
            "right": 966
        },
        "type": "text",
        "id": 57,
        "isClick": false,
        "content": "Niffin"
    },
    {
        "location": {
            "left": 945,
            "top": 1586,
            "bottom": 1617,
            "right": 978
        },
        "type": "text",
        "id": 58,
        "isClick": false,
        "content": "Rd"
    },
    {
        "location": {
            "left": 40,
            "top": 1639,
            "bottom": 1679,
            "right": 105
        },
        "type": "text",
        "id": 59,
        "isClick": false,
        "content": "16"
    },
    {
        "location": {
            "left": 128,
            "top": 1645,
            "bottom": 1682,
            "right": 263
        },
        "type": "text",
        "id": 60,
        "isClick": false,
        "content": "Brighton"
    },
    {
        "location": {
            "left": 45,
            "top": 1772,
            "bottom": 1795,
            "right": 81
        },
        "type": "text",
        "id": 61,
        "isClick": false,
        "content": "17"
    },
    {
        "location": {
            "left": 118,
            "top": 1769,
            "bottom": 1800,
            "right": 304
        },
        "type": "text",
        "id": 62,
        "isClick": false,
        "content": "Shadeland"
    }
]