[
    {
        "isClick": false,
        "id": 0,
        "type": "text",
        "location": {
            "right": 517,
            "left": 325,
            "top": 71,
            "bottom": 71
        },
        "content": "CHILL"
    },
    {
        "isClick": false,
        "id": 1,
        "type": "text",
        "location": {
            "right": 657,
            "left": 535,
            "top": 71,
            "bottom": 71
        },
        "content": "OUT"
    },
    {
        "isClick": false,
        "id": 2,
        "type": "text",
        "location": {
            "right": 481,
            "left": 333,
            "top": 69,
            "bottom": 131
        },
        "content": "RELAX"
    },
    {
        "isClick": false,
        "id": 3,
        "type": "text",
        "location": {
            "right": 647,
            "left": 500,
            "top": 66,
            "bottom": 128
        },
        "content": "MUSIC"
    },
    {
        "isClick": false,
        "id": 4,
        "type": "text",
        "location": {
            "right": 949,
            "left": 798,
            "top": 27,
            "bottom": 57
        },
        "content": "Download on"
    },
    {
        "isClick": false,
        "id": 5,
        "type": "text",
        "location": {
            "right": 950,
            "left": 786,
            "top": 64,
            "bottom": 112
        },
        "content": "Google play"
    },
    {
        "isClick": false,
        "id": 6,
        "type": "text",
        "location": {
            "right": 367,
            "left": 185,
            "top": 1585,
            "bottom": 1611
        },
        "content": "BACKGROUND"
    },
    {
        "isClick": false,
        "id": 7,
        "type": "text",
        "location": {
            "right": 322,
            "left": 229,
            "top": 1607,
            "bottom": 1634
        },
        "content": "MUSIC ?"
    },
    {
        "isClick": false,
        "id": 8,
        "type": "text",
        "location": {
            "right": 537,
            "left": 444,
            "top": 1564,
            "bottom": 1656
        },
        "content": "ZZZ"
    },
    {
        "isClick": false,
        "id": 9,
        "type": "text",
        "location": {
            "right": 596,
            "left": 566,
            "top": 1561,
            "bottom": 1649
        },
        "content": "\u0150"
    },
    {
        "isClick": false,
        "id": 10,
        "type": "text",
        "location": {
            "right": 347,
            "left": 162,
            "top": 1699,
            "bottom": 1759
        },
        "content": "trivago"
    },
    {
        "isClick": false,
        "id": 11,
        "type": "text",
        "location": {
            "right": 814,
            "left": 642,
            "top": 1714,
            "bottom": 1744
        },
        "content": "Download"
    },
    {
        "isClick": false,
        "id": 12,
        "type": "text",
        "location": {
            "right": 895,
            "left": 825,
            "top": 1714,
            "bottom": 1752
        },
        "content": "App"
    }
]