[
    {
        "isClick": false,
        "id": 0,
        "type": "text",
        "location": {
            "right": 62,
            "left": 32,
            "top": 15,
            "bottom": 46
        },
        "content": "0"
    },
    {
        "isClick": false,
        "id": 1,
        "type": "text",
        "location": {
            "right": 965,
            "left": 942,
            "top": 17,
            "bottom": 48
        },
        "content": "5"
    },
    {
        "isClick": false,
        "id": 2,
        "type": "text",
        "location": {
            "right": 1055,
            "left": 987,
            "top": 17,
            "bottom": 48
        },
        "content": "3:29"
    },
    {
        "isClick": false,
        "id": 3,
        "type": "text",
        "location": {
            "right": 116,
            "left": 62,
            "top": 110,
            "bottom": 167
        },
        "content": "fr"
    },
    {
        "isClick": false,
        "id": 4,
        "type": "text",
        "location": {
            "right": 802,
            "left": 142,
            "top": 113,
            "bottom": 161
        },
        "content": "https://m.facebook.com/Potenc"
    },
    {
        "isClick": false,
        "id": 5,
        "type": "text",
        "location": {
            "right": 659,
            "left": 625,
            "top": 217,
            "bottom": 246
        },
        "content": "22"
    },
    {
        "isClick": false,
        "id": 6,
        "type": "text",
        "location": {
            "right": 301,
            "left": 240,
            "top": 230,
            "bottom": 281
        },
        "content": "3"
    },
    {
        "isClick": false,
        "id": 7,
        "type": "text",
        "location": {
            "right": 250,
            "left": 127,
            "top": 334,
            "bottom": 361
        },
        "content": "ADIVINA"
    },
    {
        "isClick": false,
        "id": 8,
        "type": "text",
        "location": {
            "right": 94,
            "left": -8,
            "top": 364,
            "bottom": 401
        },
        "content": "AGS"
    },
    {
        "isClick": false,
        "id": 9,
        "type": "text",
        "location": {
            "right": 86,
            "left": 1,
            "top": 392,
            "bottom": 429
        },
        "content": "TORS"
    },
    {
        "isClick": false,
        "id": 10,
        "type": "text",
        "location": {
            "right": 255,
            "left": 126,
            "top": 393,
            "bottom": 423
        },
        "content": "PALABRA"
    },
    {
        "isClick": false,
        "id": 11,
        "type": "text",
        "location": {
            "right": 265,
            "left": 111,
            "top": 426,
            "bottom": 459
        },
        "content": "CORRECTA"
    },
    {
        "isClick": false,
        "id": 12,
        "type": "text",
        "location": {
            "right": 427,
            "left": 295,
            "top": 484,
            "bottom": 518
        },
        "content": "CASA MUSIC"
    },
    {
        "isClick": false,
        "id": 13,
        "type": "text",
        "location": {
            "right": 958,
            "left": 835,
            "top": 484,
            "bottom": 639
        },
        "content": "17"
    },
    {
        "isClick": false,
        "id": 14,
        "type": "text",
        "location": {
            "right": 88,
            "left": -8,
            "top": 596,
            "bottom": 641
        },
        "content": "pise"
    },
    {
        "isClick": false,
        "id": 15,
        "type": "text",
        "location": {
            "right": 953,
            "left": 489,
            "top": 728,
            "bottom": 767
        },
        "content": "POTENCIALMENTE"
    },
    {
        "isClick": false,
        "id": 16,
        "type": "text",
        "location": {
            "right": 1077,
            "left": 995,
            "top": 728,
            "bottom": 767
        },
        "content": "INTI"
    },
    {
        "isClick": false,
        "id": 17,
        "type": "text",
        "location": {
            "right": 679,
            "left": 246,
            "top": 970,
            "bottom": 1023
        },
        "content": "Potencialmente"
    },
    {
        "isClick": false,
        "id": 18,
        "type": "text",
        "location": {
            "right": 1007,
            "left": 700,
            "top": 970,
            "bottom": 1024
        },
        "content": "interesante"
    },
    {
        "isClick": false,
        "id": 19,
        "type": "text",
        "location": {
            "right": 375,
            "left": 243,
            "top": 1058,
            "bottom": 1106
        },
        "content": "apps"
    },
    {
        "isClick": false,
        "id": 20,
        "type": "text",
        "location": {
            "right": 719,
            "left": 248,
            "top": 1117,
            "bottom": 1150
        },
        "content": "@Potencialmentelnteresante Apps"
    },
    {
        "isClick": false,
        "id": 21,
        "type": "text",
        "location": {
            "right": 159,
            "left": 110,
            "top": 1282,
            "bottom": 1306
        },
        "content": "Like"
    },
    {
        "isClick": false,
        "id": 22,
        "type": "text",
        "location": {
            "right": 446,
            "left": 366,
            "top": 1280,
            "bottom": 1304
        },
        "content": "Follow"
    },
    {
        "isClick": false,
        "id": 23,
        "type": "text",
        "location": {
            "right": 733,
            "left": 620,
            "top": 1283,
            "bottom": 1310
        },
        "content": "Message"
    },
    {
        "isClick": false,
        "id": 24,
        "type": "text",
        "location": {
            "right": 978,
            "left": 915,
            "top": 1283,
            "bottom": 1306
        },
        "content": "More"
    },
    {
        "isClick": false,
        "id": 25,
        "type": "text",
        "location": {
            "right": 620,
            "left": 461,
            "top": 1384,
            "bottom": 1415
        },
        "content": "Community"
    },
    {
        "isClick": false,
        "id": 26,
        "type": "text",
        "location": {
            "right": 151,
            "left": 66,
            "top": 1499,
            "bottom": 1524
        },
        "content": "HOME"
    },
    {
        "isClick": false,
        "id": 27,
        "type": "text",
        "location": {
            "right": 372,
            "left": 273,
            "top": 1499,
            "bottom": 1524
        },
        "content": "ABOUT"
    },
    {
        "isClick": false,
        "id": 28,
        "type": "text",
        "location": {
            "right": 600,
            "left": 481,
            "top": 1499,
            "bottom": 1524
        },
        "content": "PHOTOS"
    },
    {
        "isClick": false,
        "id": 29,
        "type": "text",
        "location": {
            "right": 804,
            "left": 711,
            "top": 1499,
            "bottom": 1522
        },
        "content": "POSTS"
    },
    {
        "isClick": false,
        "id": 30,
        "type": "text",
        "location": {
            "right": 1071,
            "left": 909,
            "top": 1499,
            "bottom": 1524
        },
        "content": "COMMUNIT"
    },
    {
        "isClick": false,
        "id": 31,
        "type": "text",
        "location": {
            "right": 242,
            "left": 32,
            "top": 1627,
            "bottom": 1658
        },
        "content": "Visitor Posts"
    },
    {
        "isClick": false,
        "id": 32,
        "type": "text",
        "location": {
            "right": 403,
            "left": 237,
            "top": 1735,
            "bottom": 1763
        },
        "content": "Write Post"
    },
    {
        "isClick": false,
        "id": 33,
        "type": "text",
        "location": {
            "right": 927,
            "left": 731,
            "top": 1733,
            "bottom": 1763
        },
        "content": "Share Photo"
    }
]