[
    {
        "isClick": false,
        "id": 0,
        "type": "text",
        "location": {
            "right": 402,
            "left": 327,
            "top": 72,
            "bottom": 102
        },
        "content": "CAN"
    },
    {
        "isClick": false,
        "id": 1,
        "type": "text",
        "location": {
            "right": 429,
            "left": 422,
            "top": 72,
            "bottom": 100
        },
        "content": "I"
    },
    {
        "isClick": false,
        "id": 2,
        "type": "text",
        "location": {
            "right": 536,
            "left": 448,
            "top": 72,
            "bottom": 102
        },
        "content": "PLAY"
    },
    {
        "isClick": false,
        "id": 3,
        "type": "text",
        "location": {
            "right": 618,
            "left": 555,
            "top": 72,
            "bottom": 102
        },
        "content": "THE"
    },
    {
        "isClick": false,
        "id": 4,
        "type": "text",
        "location": {
            "right": 749,
            "left": 637,
            "top": 72,
            "bottom": 102
        },
        "content": "MUSIC"
    },
    {
        "isClick": false,
        "id": 5,
        "type": "text",
        "location": {
            "right": 346,
            "left": 312,
            "top": 109,
            "bottom": 137
        },
        "content": "IN"
    },
    {
        "isClick": false,
        "id": 6,
        "type": "text",
        "location": {
            "right": 636,
            "left": 365,
            "top": 105,
            "bottom": 138
        },
        "content": "BACKGROUND ?"
    },
    {
        "isClick": false,
        "id": 7,
        "type": "text",
        "location": {
            "right": 765,
            "left": 653,
            "top": 106,
            "bottom": 138
        },
        "content": "HOW ?"
    },
    {
        "isClick": false,
        "id": 8,
        "type": "text",
        "location": {
            "right": 117,
            "left": 52,
            "top": 209,
            "bottom": 241
        },
        "content": "Yes ."
    },
    {
        "isClick": false,
        "id": 9,
        "type": "text",
        "location": {
            "right": 345,
            "left": 132,
            "top": 208,
            "bottom": 247
        },
        "content": "If you are in a"
    },
    {
        "isClick": false,
        "id": 10,
        "type": "text",
        "location": {
            "right": 891,
            "left": 360,
            "top": 208,
            "bottom": 247
        },
        "content": "relax session , play the music and"
    },
    {
        "isClick": false,
        "id": 11,
        "type": "text",
        "location": {
            "right": 993,
            "left": 906,
            "top": 216,
            "bottom": 246
        },
        "content": "press"
    },
    {
        "isClick": false,
        "id": 12,
        "type": "text",
        "location": {
            "right": 837,
            "left": 55,
            "top": 245,
            "bottom": 291
        },
        "content": "HOME button , so you will go to your smartphone"
    },
    {
        "isClick": false,
        "id": 13,
        "type": "text",
        "location": {
            "right": 955,
            "left": 850,
            "top": 257,
            "bottom": 281
        },
        "content": "screen"
    },
    {
        "isClick": false,
        "id": 14,
        "type": "text",
        "location": {
            "right": 109,
            "left": 53,
            "top": 294,
            "bottom": 329
        },
        "content": "and"
    },
    {
        "isClick": false,
        "id": 15,
        "type": "text",
        "location": {
            "right": 609,
            "left": 124,
            "top": 287,
            "bottom": 331
        },
        "content": "app will appear on notification"
    },
    {
        "isClick": false,
        "id": 16,
        "type": "text",
        "location": {
            "right": 678,
            "left": 624,
            "top": 289,
            "bottom": 328
        },
        "content": "bar ."
    },
    {
        "isClick": false,
        "id": 17,
        "type": "text",
        "location": {
            "right": 895,
            "left": 56,
            "top": 377,
            "bottom": 421
        },
        "content": "If you want to stop the music , you only have to go to"
    },
    {
        "isClick": false,
        "id": 18,
        "type": "text",
        "location": {
            "right": 366,
            "left": 55,
            "top": 419,
            "bottom": 457
        },
        "content": "notification bar and"
    },
    {
        "isClick": false,
        "id": 19,
        "type": "text",
        "location": {
            "right": 937,
            "left": 381,
            "top": 419,
            "bottom": 460
        },
        "content": "press the app to return to the relax"
    },
    {
        "isClick": false,
        "id": 20,
        "type": "text",
        "location": {
            "right": 294,
            "left": 54,
            "top": 465,
            "bottom": 497
        },
        "content": "session screen"
    },
    {
        "isClick": false,
        "id": 21,
        "type": "text",
        "location": {
            "right": 364,
            "left": 309,
            "top": 465,
            "bottom": 497
        },
        "content": "and"
    },
    {
        "isClick": false,
        "id": 22,
        "type": "text",
        "location": {
            "right": 485,
            "left": 379,
            "top": 465,
            "bottom": 502
        },
        "content": "stop it ."
    },
    {
        "isClick": false,
        "id": 23,
        "type": "text",
        "location": {
            "right": 338,
            "left": 245,
            "top": 575,
            "bottom": 604
        },
        "content": "WHY"
    },
    {
        "isClick": false,
        "id": 24,
        "type": "text",
        "location": {
            "right": 469,
            "left": 356,
            "top": 575,
            "bottom": 606
        },
        "content": "MUSIC"
    },
    {
        "isClick": false,
        "id": 25,
        "type": "text",
        "location": {
            "right": 598,
            "left": 487,
            "top": 574,
            "bottom": 606
        },
        "content": "STOPS"
    },
    {
        "isClick": true,
        "id": 26,
        "type": "text",
        "location": {
            "right": 643,
            "left": 616,
            "top": 576,
            "bottom": 604
        },
        "content": "IF"
    },
    {
        "isClick": true,
        "id": 27,
        "type": "text",
        "location": {
            "right": 670,
            "left": 661,
            "top": 576,
            "bottom": 604
        },
        "content": "I"
    },
    {
        "isClick": true,
        "id": 28,
        "type": "text",
        "location": {
            "right": 741,
            "left": 688,
            "top": 574,
            "bottom": 604
        },
        "content": "GO"
    },
    {
        "isClick": false,
        "id": 29,
        "type": "text",
        "location": {
            "right": 831,
            "left": 758,
            "top": 575,
            "bottom": 605
        },
        "content": "OUT"
    },
    {
        "isClick": false,
        "id": 30,
        "type": "text",
        "location": {
            "right": 432,
            "left": 311,
            "top": 608,
            "bottom": 641
        },
        "content": "RELAX"
    },
    {
        "isClick": false,
        "id": 31,
        "type": "text",
        "location": {
            "right": 597,
            "left": 451,
            "top": 607,
            "bottom": 641
        },
        "content": "SESSION"
    },
    {
        "isClick": true,
        "id": 32,
        "type": "text",
        "location": {
            "right": 766,
            "left": 616,
            "top": 607,
            "bottom": 641
        },
        "content": "SCREEN ?"
    },
    {
        "isClick": false,
        "id": 33,
        "type": "text",
        "location": {
            "right": 414,
            "left": 320,
            "top": 759,
            "bottom": 788
        },
        "content": "WHY"
    },
    {
        "isClick": false,
        "id": 34,
        "type": "text",
        "location": {
            "right": 509,
            "left": 432,
            "top": 755,
            "bottom": 789
        },
        "content": "THIS"
    },
    {
        "isClick": false,
        "id": 35,
        "type": "text",
        "location": {
            "right": 598,
            "left": 527,
            "top": 759,
            "bottom": 789
        },
        "content": "APP"
    },
    {
        "isClick": false,
        "id": 36,
        "type": "text",
        "location": {
            "right": 746,
            "left": 618,
            "top": 758,
            "bottom": 789
        },
        "content": "\" ONLY \""
    },
    {
        "isClick": false,
        "id": 37,
        "type": "text",
        "location": {
            "right": 464,
            "left": 371,
            "top": 793,
            "bottom": 825
        },
        "content": "HAVE"
    },
    {
        "isClick": false,
        "id": 38,
        "type": "text",
        "location": {
            "right": 501,
            "left": 482,
            "top": 794,
            "bottom": 825
        },
        "content": "6"
    },
    {
        "isClick": false,
        "id": 39,
        "type": "text",
        "location": {
            "right": 705,
            "left": 520,
            "top": 793,
            "bottom": 825
        },
        "content": "SESSIONS ?"
    },
    {
        "isClick": false,
        "id": 40,
        "type": "text",
        "location": {
            "right": 425,
            "left": 332,
            "top": 942,
            "bottom": 972
        },
        "content": "WHY"
    },
    {
        "isClick": false,
        "id": 41,
        "type": "text",
        "location": {
            "right": 453,
            "left": 445,
            "top": 942,
            "bottom": 971
        },
        "content": "I"
    },
    {
        "isClick": false,
        "id": 42,
        "type": "text",
        "location": {
            "right": 559,
            "left": 471,
            "top": 943,
            "bottom": 972
        },
        "content": "NEED"
    },
    {
        "isClick": false,
        "id": 43,
        "type": "text",
        "location": {
            "right": 744,
            "left": 578,
            "top": 943,
            "bottom": 972
        },
        "content": "INTERNET"
    },
    {
        "isClick": false,
        "id": 44,
        "type": "text",
        "location": {
            "right": 348,
            "left": 301,
            "top": 978,
            "bottom": 1008
        },
        "content": "TO"
    },
    {
        "isClick": false,
        "id": 45,
        "type": "text",
        "location": {
            "right": 454,
            "left": 366,
            "top": 975,
            "bottom": 1009
        },
        "content": "PLAY"
    },
    {
        "isClick": false,
        "id": 46,
        "type": "text",
        "location": {
            "right": 572,
            "left": 472,
            "top": 976,
            "bottom": 1009
        },
        "content": "SOME"
    },
    {
        "isClick": false,
        "id": 47,
        "type": "text",
        "location": {
            "right": 775,
            "left": 589,
            "top": 976,
            "bottom": 1009
        },
        "content": "SESSIONS ?"
    },
    {
        "isClick": false,
        "id": 48,
        "type": "text",
        "location": {
            "right": 574,
            "left": 500,
            "top": 1116,
            "bottom": 1146
        },
        "content": "TIPS"
    }
]