[
    {
        "isClick": false,
        "id": 0,
        "type": "text",
        "location": {
            "right": 402,
            "left": 327,
            "top": 72,
            "bottom": 101
        },
        "content": "CAN"
    },
    {
        "isClick": false,
        "id": 1,
        "type": "text",
        "location": {
            "right": 430,
            "left": 421,
            "top": 72,
            "bottom": 100
        },
        "content": "I"
    },
    {
        "isClick": false,
        "id": 2,
        "type": "text",
        "location": {
            "right": 537,
            "left": 448,
            "top": 72,
            "bottom": 101
        },
        "content": "PLAY"
    },
    {
        "isClick": false,
        "id": 3,
        "type": "text",
        "location": {
            "right": 619,
            "left": 555,
            "top": 72,
            "bottom": 101
        },
        "content": "THE"
    },
    {
        "isClick": false,
        "id": 4,
        "type": "text",
        "location": {
            "right": 749,
            "left": 636,
            "top": 72,
            "bottom": 101
        },
        "content": "MUSIC"
    },
    {
        "isClick": false,
        "id": 5,
        "type": "text",
        "location": {
            "right": 338,
            "left": 313,
            "top": 109,
            "bottom": 137
        },
        "content": "IN"
    },
    {
        "isClick": false,
        "id": 6,
        "type": "text",
        "location": {
            "right": 633,
            "left": 364,
            "top": 106,
            "bottom": 138
        },
        "content": "BACKGROUND ?"
    },
    {
        "isClick": false,
        "id": 7,
        "type": "text",
        "location": {
            "right": 733,
            "left": 652,
            "top": 107,
            "bottom": 138
        },
        "content": "HOW"
    },
    {
        "isClick": false,
        "id": 8,
        "type": "text",
        "location": {
            "right": 762,
            "left": 753,
            "top": 106,
            "bottom": 138
        },
        "content": "?"
    },
    {
        "isClick": false,
        "id": 9,
        "type": "text",
        "location": {
            "right": 338,
            "left": 245,
            "top": 256,
            "bottom": 285
        },
        "content": "WHY"
    },
    {
        "isClick": false,
        "id": 10,
        "type": "text",
        "location": {
            "right": 469,
            "left": 357,
            "top": 256,
            "bottom": 285
        },
        "content": "MUSIC"
    },
    {
        "isClick": false,
        "id": 11,
        "type": "text",
        "location": {
            "right": 598,
            "left": 487,
            "top": 256,
            "bottom": 285
        },
        "content": "STOPS"
    },
    {
        "isClick": false,
        "id": 12,
        "type": "text",
        "location": {
            "right": 643,
            "left": 616,
            "top": 256,
            "bottom": 284
        },
        "content": "IF"
    },
    {
        "isClick": false,
        "id": 13,
        "type": "text",
        "location": {
            "right": 669,
            "left": 661,
            "top": 256,
            "bottom": 284
        },
        "content": "I"
    },
    {
        "isClick": false,
        "id": 14,
        "type": "text",
        "location": {
            "right": 741,
            "left": 688,
            "top": 255,
            "bottom": 285
        },
        "content": "GO"
    },
    {
        "isClick": false,
        "id": 15,
        "type": "text",
        "location": {
            "right": 831,
            "left": 758,
            "top": 256,
            "bottom": 285
        },
        "content": "OUT"
    },
    {
        "isClick": false,
        "id": 16,
        "type": "text",
        "location": {
            "right": 432,
            "left": 311,
            "top": 292,
            "bottom": 321
        },
        "content": "RELAX"
    },
    {
        "isClick": false,
        "id": 17,
        "type": "text",
        "location": {
            "right": 597,
            "left": 452,
            "top": 290,
            "bottom": 321
        },
        "content": "SESSION"
    },
    {
        "isClick": false,
        "id": 18,
        "type": "text",
        "location": {
            "right": 766,
            "left": 616,
            "top": 289,
            "bottom": 321
        },
        "content": "SCREEN ?"
    },
    {
        "isClick": false,
        "id": 19,
        "type": "text",
        "location": {
            "right": 403,
            "left": 55,
            "top": 392,
            "bottom": 431
        },
        "content": "Because you only can"
    },
    {
        "isClick": false,
        "id": 20,
        "type": "text",
        "location": {
            "right": 900,
            "left": 418,
            "top": 391,
            "bottom": 431
        },
        "content": "listen music if you are at relax"
    },
    {
        "isClick": false,
        "id": 21,
        "type": "text",
        "location": {
            "right": 578,
            "left": 54,
            "top": 427,
            "bottom": 472
        },
        "content": "session screen or in background"
    },
    {
        "isClick": false,
        "id": 22,
        "type": "text",
        "location": {
            "right": 946,
            "left": 593,
            "top": 431,
            "bottom": 473
        },
        "content": "mode when you press"
    },
    {
        "isClick": false,
        "id": 23,
        "type": "text",
        "location": {
            "right": 278,
            "left": 55,
            "top": 474,
            "bottom": 512
        },
        "content": "HOME button ."
    },
    {
        "isClick": false,
        "id": 24,
        "type": "text",
        "location": {
            "right": 414,
            "left": 320,
            "top": 585,
            "bottom": 617
        },
        "content": "WHY"
    },
    {
        "isClick": false,
        "id": 25,
        "type": "text",
        "location": {
            "right": 508,
            "left": 432,
            "top": 585,
            "bottom": 617
        },
        "content": "THIS"
    },
    {
        "isClick": false,
        "id": 26,
        "type": "text",
        "location": {
            "right": 598,
            "left": 527,
            "top": 587,
            "bottom": 617
        },
        "content": "APP"
    },
    {
        "isClick": false,
        "id": 27,
        "type": "text",
        "location": {
            "right": 749,
            "left": 621,
            "top": 585,
            "bottom": 617
        },
        "content": "\" ONLY \""
    },
    {
        "isClick": false,
        "id": 28,
        "type": "text",
        "location": {
            "right": 463,
            "left": 370,
            "top": 624,
            "bottom": 653
        },
        "content": "HAVE"
    },
    {
        "isClick": false,
        "id": 29,
        "type": "text",
        "location": {
            "right": 500,
            "left": 481,
            "top": 625,
            "bottom": 653
        },
        "content": "6"
    },
    {
        "isClick": false,
        "id": 30,
        "type": "text",
        "location": {
            "right": 705,
            "left": 519,
            "top": 624,
            "bottom": 653
        },
        "content": "SESSIONS ?"
    },
    {
        "isClick": false,
        "id": 31,
        "type": "text",
        "location": {
            "right": 426,
            "left": 332,
            "top": 769,
            "bottom": 800
        },
        "content": "WHY"
    },
    {
        "isClick": false,
        "id": 32,
        "type": "text",
        "location": {
            "right": 453,
            "left": 444,
            "top": 772,
            "bottom": 800
        },
        "content": "I"
    },
    {
        "isClick": false,
        "id": 33,
        "type": "text",
        "location": {
            "right": 559,
            "left": 471,
            "top": 769,
            "bottom": 800
        },
        "content": "NEED"
    },
    {
        "isClick": false,
        "id": 34,
        "type": "text",
        "location": {
            "right": 744,
            "left": 578,
            "top": 772,
            "bottom": 800
        },
        "content": "INTERNET"
    },
    {
        "isClick": false,
        "id": 35,
        "type": "text",
        "location": {
            "right": 347,
            "left": 301,
            "top": 808,
            "bottom": 838
        },
        "content": "TO"
    },
    {
        "isClick": false,
        "id": 36,
        "type": "text",
        "location": {
            "right": 454,
            "left": 366,
            "top": 808,
            "bottom": 838
        },
        "content": "PLAY"
    },
    {
        "isClick": false,
        "id": 37,
        "type": "text",
        "location": {
            "right": 572,
            "left": 472,
            "top": 808,
            "bottom": 838
        },
        "content": "SOME"
    },
    {
        "isClick": false,
        "id": 38,
        "type": "text",
        "location": {
            "right": 775,
            "left": 589,
            "top": 808,
            "bottom": 838
        },
        "content": "SESSIONS ?"
    },
    {
        "isClick": false,
        "id": 39,
        "type": "text",
        "location": {
            "right": 576,
            "left": 501,
            "top": 945,
            "bottom": 977
        },
        "content": "TIPS"
    }
]