[
    {
        "content": "TOPICS",
        "location": {
            "bottom": 20,
            "top": 10,
            "left": 341,
            "right": 379
        },
        "id": 0,
        "isClick": false,
        "type": "text"
    },
    {
        "content": "TOPICS",
        "location": {
            "bottom": 22,
            "top": 9,
            "left": 403,
            "right": 442
        },
        "id": 1,
        "isClick": false,
        "type": "text"
    },
    {
        "content": "f",
        "location": {
            "bottom": 53,
            "top": 14,
            "left": 92,
            "right": 126
        },
        "id": 2,
        "isClick": false,
        "type": "text"
    },
    {
        "content": "f",
        "location": {
            "bottom": 51,
            "top": 12,
            "left": 155,
            "right": 189
        },
        "id": 3,
        "isClick": false,
        "type": "text"
    },
    {
        "content": "f",
        "location": {
            "bottom": 50,
            "top": 14,
            "left": 236,
            "right": 249
        },
        "id": 4,
        "isClick": false,
        "type": "text"
    },
    {
        "content": "$",
        "location": {
            "bottom": 49,
            "top": 12,
            "left": 942,
            "right": 966
        },
        "id": 5,
        "isClick": false,
        "type": "text"
    },
    {
        "content": "4:24",
        "location": {
            "bottom": 48,
            "top": 17,
            "left": 987,
            "right": 1057
        },
        "id": 6,
        "isClick": false,
        "type": "text"
    },
    {
        "content": "Chocolate",
        "location": {
            "bottom": 987,
            "top": 721,
            "left": 140,
            "right": 957
        },
        "id": 7,
        "isClick": false,
        "type": "text"
    },
    {
        "content": "\u0421\u043b\u0430\u0434\u043a\u0438\u0435",
        "location": {
            "bottom": 1137,
            "top": 1059,
            "left": 139,
            "right": 392
        },
        "id": 8,
        "isClick": false,
        "type": "text"
    },
    {
        "content": "\u0432\u0441\u0442\u0440\u0435\u0447\u0438",
        "location": {
            "bottom": 1103,
            "top": 1009,
            "left": 410,
            "right": 675
        },
        "id": 9,
        "isClick": false,
        "type": "text"
    },
    {
        "content": "\u0438",
        "location": {
            "bottom": 1209,
            "top": 1167,
            "left": 260,
            "right": 290
        },
        "id": 10,
        "isClick": false,
        "type": "text"
    },
    {
        "content": "\u0432\u043a\u0443\u0441\u043d\u044b\u0435",
        "location": {
            "bottom": 1204,
            "top": 1106,
            "left": 310,
            "right": 558
        },
        "id": 11,
        "isClick": false,
        "type": "text"
    },
    {
        "content": "\u0437\u043d\u0430\u043a\u043e\u043c\u0441\u0442\u0432\u0430",
        "location": {
            "bottom": 1154,
            "top": 1032,
            "left": 570,
            "right": 954
        },
        "id": 12,
        "isClick": false,
        "type": "text"
    },
    {
        "content": "Start",
        "location": {
            "bottom": 1505,
            "top": 1464,
            "left": 415,
            "right": 520
        },
        "id": 13,
        "isClick": false,
        "type": "text"
    },
    {
        "content": "dating",
        "location": {
            "bottom": 1510,
            "top": 1459,
            "left": 533,
            "right": 664
        },
        "id": 14,
        "isClick": false,
        "type": "text"
    },
    {
        "content": "Login",
        "location": {
            "bottom": 1647,
            "top": 1600,
            "left": 483,
            "right": 596
        },
        "id": 15,
        "isClick": false,
        "type": "text"
    },
    {
        "content": "By continuing to use the app you confirm that you agree to our",
        "location": {
            "bottom": 1728,
            "top": 1690,
            "left": 103,
            "right": 967
        },
        "id": 16,
        "isClick": true,
        "type": "text"
    },
    {
        "content": "Terms and Conditions , Privacy Policy .",
        "location": {
            "bottom": 1762,
            "top": 1727,
            "left": 106,
            "right": 624
        },
        "id": 17,
        "isClick": true,
        "type": "text"
    }
]