[
    {
        "content": "TOPICS",
        "location": {
            "bottom": 21,
            "top": 9,
            "left": 340,
            "right": 378
        },
        "id": 0,
        "isClick": false,
        "type": "text"
    },
    {
        "content": "TOPICS",
        "location": {
            "bottom": 22,
            "top": 9,
            "left": 402,
            "right": 442
        },
        "id": 1,
        "isClick": false,
        "type": "text"
    },
    {
        "content": "fif",
        "location": {
            "bottom": 53,
            "top": 14,
            "left": 92,
            "right": 255
        },
        "id": 2,
        "isClick": false,
        "type": "text"
    },
    {
        "content": "OOO",
        "location": {
            "bottom": 55,
            "top": 9,
            "left": 338,
            "right": 505
        },
        "id": 3,
        "isClick": false,
        "type": "text"
    },
    {
        "content": "a",
        "location": {
            "bottom": 51,
            "top": 12,
            "left": 537,
            "right": 561
        },
        "id": 4,
        "isClick": false,
        "type": "text"
    },
    {
        "content": "O",
        "location": {
            "bottom": 45,
            "top": 12,
            "left": 620,
            "right": 643
        },
        "id": 5,
        "isClick": false,
        "type": "text"
    },
    {
        "content": "$",
        "location": {
            "bottom": 49,
            "top": 12,
            "left": 942,
            "right": 965
        },
        "id": 6,
        "isClick": false,
        "type": "text"
    },
    {
        "content": "4:32",
        "location": {
            "bottom": 49,
            "top": 18,
            "left": 987,
            "right": 1057
        },
        "id": 7,
        "isClick": false,
        "type": "text"
    },
    {
        "content": "I",
        "location": {
            "bottom": 114,
            "top": 111,
            "left": 162,
            "right": 167
        },
        "id": 8,
        "isClick": false,
        "type": "text"
    },
    {
        "content": "want",
        "location": {
            "bottom": 148,
            "top": 113,
            "left": 186,
            "right": 297
        },
        "id": 9,
        "isClick": false,
        "type": "text"
    },
    {
        "content": "to",
        "location": {
            "bottom": 148,
            "top": 114,
            "left": 312,
            "right": 355
        },
        "id": 10,
        "isClick": false,
        "type": "text"
    },
    {
        "content": "meet",
        "location": {
            "bottom": 149,
            "top": 113,
            "left": 374,
            "right": 489
        },
        "id": 11,
        "isClick": false,
        "type": "text"
    },
    {
        "content": "DATES",
        "location": {
            "bottom": 274,
            "top": 249,
            "left": 791,
            "right": 880
        },
        "id": 12,
        "isClick": false,
        "type": "text"
    },
    {
        "content": "My",
        "location": {
            "bottom": 322,
            "top": 278,
            "left": 244,
            "right": 302
        },
        "id": 13,
        "isClick": false,
        "type": "text"
    },
    {
        "content": "profile",
        "location": {
            "bottom": 322,
            "top": 273,
            "left": 319,
            "right": 444
        },
        "id": 14,
        "isClick": false,
        "type": "text"
    },
    {
        "content": "MUCURIPE",
        "location": {
            "bottom": 371,
            "top": 346,
            "left": 787,
            "right": 904
        },
        "id": 15,
        "isClick": false,
        "type": "text"
    },
    {
        "content": "PAPICU",
        "location": {
            "bottom": 465,
            "top": 434,
            "left": 792,
            "right": 912
        },
        "id": 16,
        "isClick": false,
        "type": "text"
    },
    {
        "content": "Become",
        "location": {
            "bottom": 501,
            "top": 465,
            "left": 245,
            "right": 411
        },
        "id": 17,
        "isClick": false,
        "type": "text"
    },
    {
        "content": "a",
        "location": {
            "bottom": 501,
            "top": 473,
            "left": 428,
            "right": 447
        },
        "id": 18,
        "isClick": false,
        "type": "text"
    },
    {
        "content": "VIP",
        "location": {
            "bottom": 500,
            "top": 465,
            "left": 464,
            "right": 533
        },
        "id": 19,
        "isClick": false,
        "type": "text"
    },
    {
        "content": "I",
        "location": {
            "bottom": 637,
            "top": 633,
            "left": 246,
            "right": 249
        },
        "id": 20,
        "isClick": false,
        "type": "text"
    },
    {
        "content": "want",
        "location": {
            "bottom": 665,
            "top": 636,
            "left": 268,
            "right": 367
        },
        "id": 21,
        "isClick": false,
        "type": "text"
    },
    {
        "content": "to",
        "location": {
            "bottom": 665,
            "top": 633,
            "left": 382,
            "right": 421
        },
        "id": 22,
        "isClick": false,
        "type": "text"
    },
    {
        "content": "meet",
        "location": {
            "bottom": 666,
            "top": 633,
            "left": 438,
            "right": 539
        },
        "id": 23,
        "isClick": false,
        "type": "text"
    },
    {
        "content": "No",
        "location": {
            "bottom": 783,
            "top": 758,
            "left": 988,
            "right": 1025
        },
        "id": 24,
        "isClick": false,
        "type": "text"
    },
    {
        "content": "I'm",
        "location": {
            "bottom": 838,
            "top": 800,
            "left": 245,
            "right": 300
        },
        "id": 25,
        "isClick": false,
        "type": "text"
    },
    {
        "content": "feeling",
        "location": {
            "bottom": 848,
            "top": 800,
            "left": 315,
            "right": 452
        },
        "id": 26,
        "isClick": false,
        "type": "text"
    },
    {
        "content": "lucky",
        "location": {
            "bottom": 849,
            "top": 800,
            "left": 470,
            "right": 574
        },
        "id": 27,
        "isClick": false,
        "type": "text"
    },
    {
        "content": "Interested",
        "location": {
            "bottom": 1005,
            "top": 969,
            "left": 246,
            "right": 447
        },
        "id": 28,
        "isClick": true,
        "type": "text"
    },
    {
        "content": "in",
        "location": {
            "bottom": 1005,
            "top": 969,
            "left": 468,
            "right": 497
        },
        "id": 29,
        "isClick": true,
        "type": "text"
    },
    {
        "content": "me",
        "location": {
            "bottom": 1007,
            "top": 979,
            "left": 516,
            "right": 577
        },
        "id": 30,
        "isClick": false,
        "type": "text"
    },
    {
        "content": "Yes",
        "location": {
            "bottom": 992,
            "top": 969,
            "left": 976,
            "right": 1024
        },
        "id": 31,
        "isClick": false,
        "type": "text"
    },
    {
        "content": "Correspondence",
        "location": {
            "bottom": 1185,
            "top": 1137,
            "left": 244,
            "right": 583
        },
        "id": 32,
        "isClick": false,
        "type": "text"
    },
    {
        "content": "1",
        "location": {
            "bottom": 1171,
            "top": 1143,
            "left": 731,
            "right": 741
        },
        "id": 33,
        "isClick": false,
        "type": "text"
    },
    {
        "content": "No",
        "location": {
            "bottom": 1205,
            "top": 1180,
            "left": 987,
            "right": 1026
        },
        "id": 34,
        "isClick": false,
        "type": "text"
    },
    {
        "content": "No",
        "location": {
            "bottom": 1415,
            "top": 1391,
            "left": 989,
            "right": 1025
        },
        "id": 35,
        "isClick": false,
        "type": "text"
    },
    {
        "content": "Yes",
        "location": {
            "bottom": 1626,
            "top": 1601,
            "left": 976,
            "right": 1024
        },
        "id": 36,
        "isClick": false,
        "type": "text"
    }
]