[
    {
        "content": "TOPICS",
        "location": {
            "bottom": 22,
            "top": 10,
            "left": 340,
            "right": 378
        },
        "id": 0,
        "isClick": false,
        "type": "text"
    },
    {
        "content": "TOPICS",
        "location": {
            "bottom": 22,
            "top": 9,
            "left": 402,
            "right": 441
        },
        "id": 1,
        "isClick": false,
        "type": "text"
    },
    {
        "content": "A",
        "location": {
            "bottom": 53,
            "top": 14,
            "left": 94,
            "right": 127
        },
        "id": 2,
        "isClick": false,
        "type": "text"
    },
    {
        "content": "A",
        "location": {
            "bottom": 51,
            "top": 14,
            "left": 156,
            "right": 189
        },
        "id": 3,
        "isClick": false,
        "type": "text"
    },
    {
        "content": "A",
        "location": {
            "bottom": 50,
            "top": 14,
            "left": 230,
            "right": 247
        },
        "id": 4,
        "isClick": false,
        "type": "text"
    },
    {
        "content": "OOO",
        "location": {
            "bottom": 55,
            "top": 9,
            "left": 338,
            "right": 505
        },
        "id": 5,
        "isClick": false,
        "type": "text"
    },
    {
        "content": "8",
        "location": {
            "bottom": 51,
            "top": 12,
            "left": 538,
            "right": 561
        },
        "id": 6,
        "isClick": false,
        "type": "text"
    },
    {
        "content": "$",
        "location": {
            "bottom": 48,
            "top": 12,
            "left": 942,
            "right": 965
        },
        "id": 7,
        "isClick": false,
        "type": "text"
    },
    {
        "content": "4:32",
        "location": {
            "bottom": 49,
            "top": 18,
            "left": 987,
            "right": 1057
        },
        "id": 8,
        "isClick": false,
        "type": "text"
    },
    {
        "content": "Interested",
        "location": {
            "bottom": 153,
            "top": 105,
            "left": 162,
            "right": 392
        },
        "id": 9,
        "isClick": false,
        "type": "text"
    },
    {
        "content": "in",
        "location": {
            "bottom": 153,
            "top": 109,
            "left": 413,
            "right": 448
        },
        "id": 10,
        "isClick": false,
        "type": "text"
    },
    {
        "content": "me",
        "location": {
            "bottom": 153,
            "top": 120,
            "left": 468,
            "right": 537
        },
        "id": 11,
        "isClick": false,
        "type": "text"
    },
    {
        "content": "LIKE ME",
        "location": {
            "bottom": 274,
            "top": 249,
            "left": 214,
            "right": 327
        },
        "id": 12,
        "isClick": false,
        "type": "text"
    },
    {
        "content": "MUTUAL",
        "location": {
            "bottom": 274,
            "top": 249,
            "left": 749,
            "right": 870
        },
        "id": 13,
        "isClick": true,
        "type": "text"
    },
    {
        "content": "No - one",
        "location": {
            "bottom": 658,
            "top": 580,
            "left": 80,
            "right": 405
        },
        "id": 14,
        "isClick": false,
        "type": "text"
    },
    {
        "content": "is",
        "location": {
            "bottom": 658,
            "top": 579,
            "left": 442,
            "right": 509
        },
        "id": 15,
        "isClick": false,
        "type": "text"
    },
    {
        "content": "interested",
        "location": {
            "bottom": 658,
            "top": 576,
            "left": 548,
            "right": 999
        },
        "id": 16,
        "isClick": false,
        "type": "text"
    },
    {
        "content": "in",
        "location": {
            "bottom": 781,
            "top": 702,
            "left": 325,
            "right": 397
        },
        "id": 17,
        "isClick": false,
        "type": "text"
    },
    {
        "content": "you",
        "location": {
            "bottom": 803,
            "top": 721,
            "left": 429,
            "right": 589
        },
        "id": 18,
        "isClick": false,
        "type": "text"
    },
    {
        "content": "yet",
        "location": {
            "bottom": 803,
            "top": 709,
            "left": 622,
            "right": 757
        },
        "id": 19,
        "isClick": false,
        "type": "text"
    },
    {
        "content": "Play",
        "location": {
            "bottom": 1061,
            "top": 1014,
            "left": 335,
            "right": 420
        },
        "id": 20,
        "isClick": false,
        "type": "text"
    },
    {
        "content": "or",
        "location": {
            "bottom": 1056,
            "top": 1025,
            "left": 435,
            "right": 476
        },
        "id": 21,
        "isClick": false,
        "type": "text"
    },
    {
        "content": "make",
        "location": {
            "bottom": 1057,
            "top": 1014,
            "left": 491,
            "right": 601
        },
        "id": 22,
        "isClick": false,
        "type": "text"
    },
    {
        "content": "a",
        "location": {
            "bottom": 1057,
            "top": 1025,
            "left": 617,
            "right": 637
        },
        "id": 23,
        "isClick": false,
        "type": "text"
    },
    {
        "content": "date",
        "location": {
            "bottom": 1057,
            "top": 1014,
            "left": 654,
            "right": 744
        },
        "id": 24,
        "isClick": false,
        "type": "text"
    },
    {
        "content": "I'm",
        "location": {
            "bottom": 1501,
            "top": 1458,
            "left": 354,
            "right": 416
        },
        "id": 25,
        "isClick": false,
        "type": "text"
    },
    {
        "content": "feeling",
        "location": {
            "bottom": 1512,
            "top": 1457,
            "left": 432,
            "right": 590
        },
        "id": 26,
        "isClick": false,
        "type": "text"
    },
    {
        "content": "lucky",
        "location": {
            "bottom": 1512,
            "top": 1458,
            "left": 609,
            "right": 728
        },
        "id": 27,
        "isClick": false,
        "type": "text"
    },
    {
        "content": "Make",
        "location": {
            "bottom": 1710,
            "top": 1669,
            "left": 400,
            "right": 523
        },
        "id": 28,
        "isClick": false,
        "type": "text"
    },
    {
        "content": "a",
        "location": {
            "bottom": 1710,
            "top": 1681,
            "left": 541,
            "right": 563
        },
        "id": 29,
        "isClick": false,
        "type": "text"
    },
    {
        "content": "date",
        "location": {
            "bottom": 1710,
            "top": 1669,
            "left": 582,
            "right": 681
        },
        "id": 30,
        "isClick": false,
        "type": "text"
    }
]