[
    {
        "content": "TOPICS",
        "location": {
            "bottom": 21,
            "top": 10,
            "left": 340,
            "right": 380
        },
        "id": 0,
        "isClick": false,
        "type": "text"
    },
    {
        "content": "TOPICS",
        "location": {
            "bottom": 22,
            "top": 9,
            "left": 402,
            "right": 441
        },
        "id": 1,
        "isClick": false,
        "type": "text"
    },
    {
        "content": "FAQ",
        "location": {
            "bottom": 53,
            "top": 10,
            "left": 155,
            "right": 317
        },
        "id": 2,
        "isClick": false,
        "type": "text"
    },
    {
        "content": "\u00a9",
        "location": {
            "bottom": 49,
            "top": 12,
            "left": 772,
            "right": 803
        },
        "id": 3,
        "isClick": false,
        "type": "text"
    },
    {
        "content": "5",
        "location": {
            "bottom": 50,
            "top": 13,
            "left": 943,
            "right": 966
        },
        "id": 4,
        "isClick": false,
        "type": "text"
    },
    {
        "content": "4:33",
        "location": {
            "bottom": 48,
            "top": 18,
            "left": 987,
            "right": 1056
        },
        "id": 5,
        "isClick": false,
        "type": "text"
    },
    {
        "content": "I'm",
        "location": {
            "bottom": 153,
            "top": 105,
            "left": 162,
            "right": 222
        },
        "id": 6,
        "isClick": false,
        "type": "text"
    },
    {
        "content": "feeling",
        "location": {
            "bottom": 162,
            "top": 105,
            "left": 240,
            "right": 396
        },
        "id": 7,
        "isClick": false,
        "type": "text"
    },
    {
        "content": "lucky",
        "location": {
            "bottom": 163,
            "top": 106,
            "left": 417,
            "right": 535
        },
        "id": 8,
        "isClick": false,
        "type": "text"
    },
    {
        "content": "a",
        "location": {
            "bottom": 150,
            "top": 89,
            "left": 979,
            "right": 1042
        },
        "id": 9,
        "isClick": false,
        "type": "text"
    },
    {
        "content": "X",
        "location": {
            "bottom": 1650,
            "top": 1545,
            "left": 315,
            "right": 423
        },
        "id": 10,
        "isClick": false,
        "type": "text"
    }
]