[
    {
        "content": "TOPICS",
        "location": {
            "bottom": 22,
            "top": 10,
            "left": 340,
            "right": 378
        },
        "id": 0,
        "isClick": false,
        "type": "text"
    },
    {
        "content": "TOPICS",
        "location": {
            "bottom": 22,
            "top": 9,
            "left": 402,
            "right": 441
        },
        "id": 1,
        "isClick": false,
        "type": "text"
    },
    {
        "content": "FAQ",
        "location": {
            "bottom": 53,
            "top": 10,
            "left": 155,
            "right": 317
        },
        "id": 2,
        "isClick": false,
        "type": "text"
    },
    {
        "content": "0",
        "location": {
            "bottom": 48,
            "top": 15,
            "left": 473,
            "right": 502
        },
        "id": 3,
        "isClick": false,
        "type": "text"
    },
    {
        "content": "0",
        "location": {
            "bottom": 48,
            "top": 13,
            "left": 538,
            "right": 562
        },
        "id": 4,
        "isClick": false,
        "type": "text"
    },
    {
        "content": "5",
        "location": {
            "bottom": 50,
            "top": 13,
            "left": 942,
            "right": 965
        },
        "id": 5,
        "isClick": false,
        "type": "text"
    },
    {
        "content": "4:33",
        "location": {
            "bottom": 49,
            "top": 18,
            "left": 987,
            "right": 1056
        },
        "id": 6,
        "isClick": false,
        "type": "text"
    },
    {
        "content": "f",
        "location": {
            "bottom": 153,
            "top": 106,
            "left": 51,
            "right": 93
        },
        "id": 7,
        "isClick": false,
        "type": "text"
    },
    {
        "content": "I'm",
        "location": {
            "bottom": 151,
            "top": 105,
            "left": 161,
            "right": 223
        },
        "id": 8,
        "isClick": false,
        "type": "text"
    },
    {
        "content": "feeling",
        "location": {
            "bottom": 163,
            "top": 105,
            "left": 239,
            "right": 397
        },
        "id": 9,
        "isClick": false,
        "type": "text"
    },
    {
        "content": "lucky",
        "location": {
            "bottom": 164,
            "top": 105,
            "left": 417,
            "right": 535
        },
        "id": 10,
        "isClick": false,
        "type": "text"
    },
    {
        "content": "My",
        "location": {
            "bottom": 322,
            "top": 278,
            "left": 244,
            "right": 302
        },
        "id": 11,
        "isClick": true,
        "type": "text"
    },
    {
        "content": "profile",
        "location": {
            "bottom": 322,
            "top": 273,
            "left": 319,
            "right": 444
        },
        "id": 12,
        "isClick": true,
        "type": "text"
    },
    {
        "content": "Become",
        "location": {
            "bottom": 501,
            "top": 465,
            "left": 245,
            "right": 411
        },
        "id": 13,
        "isClick": false,
        "type": "text"
    },
    {
        "content": "a",
        "location": {
            "bottom": 501,
            "top": 473,
            "left": 428,
            "right": 447
        },
        "id": 14,
        "isClick": false,
        "type": "text"
    },
    {
        "content": "VIP",
        "location": {
            "bottom": 500,
            "top": 465,
            "left": 464,
            "right": 533
        },
        "id": 15,
        "isClick": false,
        "type": "text"
    },
    {
        "content": "I",
        "location": {
            "bottom": 667,
            "top": 633,
            "left": 246,
            "right": 249
        },
        "id": 16,
        "isClick": false,
        "type": "text"
    },
    {
        "content": "want",
        "location": {
            "bottom": 668,
            "top": 636,
            "left": 268,
            "right": 367
        },
        "id": 17,
        "isClick": false,
        "type": "text"
    },
    {
        "content": "to",
        "location": {
            "bottom": 668,
            "top": 636,
            "left": 382,
            "right": 421
        },
        "id": 18,
        "isClick": false,
        "type": "text"
    },
    {
        "content": "meet",
        "location": {
            "bottom": 669,
            "top": 634,
            "left": 438,
            "right": 539
        },
        "id": 19,
        "isClick": false,
        "type": "text"
    },
    {
        "content": "I'm",
        "location": {
            "bottom": 841,
            "top": 800,
            "left": 245,
            "right": 300
        },
        "id": 20,
        "isClick": false,
        "type": "text"
    },
    {
        "content": "feeling",
        "location": {
            "bottom": 848,
            "top": 800,
            "left": 315,
            "right": 452
        },
        "id": 21,
        "isClick": false,
        "type": "text"
    },
    {
        "content": "lucky",
        "location": {
            "bottom": 849,
            "top": 800,
            "left": 470,
            "right": 574
        },
        "id": 22,
        "isClick": false,
        "type": "text"
    },
    {
        "content": "Interested",
        "location": {
            "bottom": 1009,
            "top": 969,
            "left": 246,
            "right": 448
        },
        "id": 23,
        "isClick": false,
        "type": "text"
    },
    {
        "content": "in",
        "location": {
            "bottom": 1009,
            "top": 969,
            "left": 468,
            "right": 498
        },
        "id": 24,
        "isClick": false,
        "type": "text"
    },
    {
        "content": "me",
        "location": {
            "bottom": 1007,
            "top": 979,
            "left": 517,
            "right": 578
        },
        "id": 25,
        "isClick": false,
        "type": "text"
    },
    {
        "content": "Correspondence",
        "location": {
            "bottom": 1185,
            "top": 1137,
            "left": 244,
            "right": 583
        },
        "id": 26,
        "isClick": false,
        "type": "text"
    },
    {
        "content": "1",
        "location": {
            "bottom": 1171,
            "top": 1143,
            "left": 731,
            "right": 741
        },
        "id": 27,
        "isClick": false,
        "type": "text"
    }
]