[
    {
        "content": "TOPICS",
        "location": {
            "bottom": 20,
            "top": 10,
            "left": 341,
            "right": 379
        },
        "id": 0,
        "isClick": false,
        "type": "text"
    },
    {
        "content": "TOPICS",
        "location": {
            "bottom": 22,
            "top": 9,
            "left": 403,
            "right": 442
        },
        "id": 1,
        "isClick": false,
        "type": "text"
    },
    {
        "content": "*",
        "location": {
            "bottom": 50,
            "top": 14,
            "left": 25,
            "right": 68
        },
        "id": 2,
        "isClick": false,
        "type": "text"
    },
    {
        "content": "f",
        "location": {
            "bottom": 53,
            "top": 14,
            "left": 92,
            "right": 126
        },
        "id": 3,
        "isClick": false,
        "type": "text"
    },
    {
        "content": "f",
        "location": {
            "bottom": 51,
            "top": 12,
            "left": 155,
            "right": 189
        },
        "id": 4,
        "isClick": false,
        "type": "text"
    },
    {
        "content": "f",
        "location": {
            "bottom": 50,
            "top": 14,
            "left": 238,
            "right": 251
        },
        "id": 5,
        "isClick": false,
        "type": "text"
    },
    {
        "content": "0",
        "location": {
            "bottom": 47,
            "top": 15,
            "left": 481,
            "right": 492
        },
        "id": 6,
        "isClick": false,
        "type": "text"
    },
    {
        "content": "B",
        "location": {
            "bottom": 50,
            "top": 13,
            "left": 943,
            "right": 966
        },
        "id": 7,
        "isClick": false,
        "type": "text"
    },
    {
        "content": "4:29",
        "location": {
            "bottom": 48,
            "top": 18,
            "left": 987,
            "right": 1056
        },
        "id": 8,
        "isClick": false,
        "type": "text"
    },
    {
        "content": "Choose",
        "location": {
            "bottom": 272,
            "top": 193,
            "left": 230,
            "right": 528
        },
        "id": 9,
        "isClick": false,
        "type": "text"
    },
    {
        "content": "a",
        "location": {
            "bottom": 266,
            "top": 215,
            "left": 555,
            "right": 596
        },
        "id": 10,
        "isClick": false,
        "type": "text"
    },
    {
        "content": "photo",
        "location": {
            "bottom": 289,
            "top": 194,
            "left": 626,
            "right": 848
        },
        "id": 11,
        "isClick": false,
        "type": "text"
    },
    {
        "content": "e",
        "location": {
            "bottom": 906,
            "top": 677,
            "left": 554,
            "right": 629
        },
        "id": 12,
        "isClick": false,
        "type": "text"
    },
    {
        "content": "\uc624",
        "location": {
            "bottom": 906,
            "top": 871,
            "left": 606,
            "right": 651
        },
        "id": 13,
        "isClick": false,
        "type": "text"
    },
    {
        "content": "Take",
        "location": {
            "bottom": 1473,
            "top": 1435,
            "left": 407,
            "right": 504
        },
        "id": 14,
        "isClick": false,
        "type": "text"
    },
    {
        "content": "a",
        "location": {
            "bottom": 1472,
            "top": 1442,
            "left": 519,
            "right": 540
        },
        "id": 15,
        "isClick": false,
        "type": "text"
    },
    {
        "content": "selfie",
        "location": {
            "bottom": 1472,
            "top": 1433,
            "left": 557,
            "right": 672
        },
        "id": 16,
        "isClick": false,
        "type": "text"
    },
    {
        "content": "Select",
        "location": {
            "bottom": 1657,
            "top": 1618,
            "left": 346,
            "right": 477
        },
        "id": 17,
        "isClick": false,
        "type": "text"
    },
    {
        "content": "from",
        "location": {
            "bottom": 1657,
            "top": 1618,
            "left": 492,
            "right": 589
        },
        "id": 18,
        "isClick": true,
        "type": "text"
    },
    {
        "content": "album",
        "location": {
            "bottom": 1657,
            "top": 1617,
            "left": 606,
            "right": 733
        },
        "id": 19,
        "isClick": false,
        "type": "text"
    }
]