[
    {
        "content": "TOPICS",
        "location": {
            "bottom": 21,
            "top": 9,
            "left": 340,
            "right": 380
        },
        "id": 0,
        "isClick": false,
        "type": "text"
    },
    {
        "content": "TOPICS",
        "location": {
            "bottom": 22,
            "top": 9,
            "left": 403,
            "right": 442
        },
        "id": 1,
        "isClick": false,
        "type": "text"
    },
    {
        "content": "+",
        "location": {
            "bottom": 30,
            "top": 26,
            "left": 417,
            "right": 433
        },
        "id": 2,
        "isClick": false,
        "type": "text"
    },
    {
        "content": "f",
        "location": {
            "bottom": 54,
            "top": 11,
            "left": 94,
            "right": 126
        },
        "id": 3,
        "isClick": false,
        "type": "text"
    },
    {
        "content": "f",
        "location": {
            "bottom": 53,
            "top": 9,
            "left": 155,
            "right": 188
        },
        "id": 4,
        "isClick": false,
        "type": "text"
    },
    {
        "content": "f",
        "location": {
            "bottom": 51,
            "top": 14,
            "left": 218,
            "right": 251
        },
        "id": 5,
        "isClick": false,
        "type": "text"
    },
    {
        "content": "g",
        "location": {
            "bottom": 52,
            "top": 10,
            "left": 278,
            "right": 317
        },
        "id": 6,
        "isClick": false,
        "type": "text"
    },
    {
        "content": "54:29",
        "location": {
            "bottom": 49,
            "top": 11,
            "left": 942,
            "right": 1056
        },
        "id": 7,
        "isClick": false,
        "type": "text"
    },
    {
        "content": "E",
        "location": {
            "bottom": 152,
            "top": 120,
            "left": 49,
            "right": 94
        },
        "id": 8,
        "isClick": false,
        "type": "text"
    },
    {
        "content": "Recent",
        "location": {
            "bottom": 158,
            "top": 115,
            "left": 161,
            "right": 320
        },
        "id": 9,
        "isClick": false,
        "type": "text"
    },
    {
        "content": "..",
        "location": {
            "bottom": 139,
            "top": 115,
            "left": 1016,
            "right": 1031
        },
        "id": 10,
        "isClick": false,
        "type": "text"
    },
    {
        "content": "6:03 AM",
        "location": {
            "bottom": 644,
            "top": 617,
            "left": 54,
            "right": 166
        },
        "id": 11,
        "isClick": false,
        "type": "text"
    },
    {
        "content": "May",
        "location": {
            "bottom": 650,
            "top": 613,
            "left": 588,
            "right": 646
        },
        "id": 12,
        "isClick": false,
        "type": "text"
    },
    {
        "content": "4",
        "location": {
            "bottom": 646,
            "top": 617,
            "left": 654,
            "right": 671
        },
        "id": 13,
        "isClick": false,
        "type": "text"
    },
    {
        "content": "<",
        "location": {
            "bottom": 727,
            "top": 704,
            "left": 184,
            "right": 191
        },
        "id": 14,
        "isClick": false,
        "type": "text"
    },
    {
        "content": "17/05/02",
        "location": {
            "bottom": 727,
            "top": 704,
            "left": 222,
            "right": 324
        },
        "id": 15,
        "isClick": false,
        "type": "text"
    },
    {
        "content": "23",
        "location": {
            "bottom": 776,
            "top": 757,
            "left": 209,
            "right": 225
        },
        "id": 16,
        "isClick": false,
        "type": "text"
    },
    {
        "content": "24",
        "location": {
            "bottom": 766,
            "top": 752,
            "left": 263,
            "right": 279
        },
        "id": 17,
        "isClick": false,
        "type": "text"
    },
    {
        "content": "3",
        "location": {
            "bottom": 778,
            "top": 760,
            "left": 322,
            "right": 329
        },
        "id": 18,
        "isClick": false,
        "type": "text"
    },
    {
        "content": "22",
        "location": {
            "bottom": 797,
            "top": 777,
            "left": 156,
            "right": 177
        },
        "id": 19,
        "isClick": false,
        "type": "text"
    },
    {
        "content": "V.",
        "location": {
            "bottom": 832,
            "top": 810,
            "left": 113,
            "right": 136
        },
        "id": 20,
        "isClick": false,
        "type": "text"
    },
    {
        "content": "a",
        "location": {
            "bottom": 920,
            "top": 905,
            "left": 62,
            "right": 75
        },
        "id": 21,
        "isClick": false,
        "type": "text"
    },
    {
        "content": ".",
        "location": {
            "bottom": 921,
            "top": 915,
            "left": 464,
            "right": 467
        },
        "id": 22,
        "isClick": false,
        "type": "text"
    },
    {
        "content": ".",
        "location": {
            "bottom": 975,
            "top": 966,
            "left": 470,
            "right": 473
        },
        "id": 23,
        "isClick": false,
        "type": "text"
    },
    {
        "content": "May 2",
        "location": {
            "bottom": 1121,
            "top": 1088,
            "left": 54,
            "right": 135
        },
        "id": 24,
        "isClick": false,
        "type": "text"
    },
    {
        "content": "May 2",
        "location": {
            "bottom": 1123,
            "top": 1089,
            "left": 590,
            "right": 670
        },
        "id": 25,
        "isClick": false,
        "type": "text"
    },
    {
        "content": "BabyTime",
        "location": {
            "bottom": 1155,
            "top": 1141,
            "left": 450,
            "right": 517
        },
        "id": 26,
        "isClick": false,
        "type": "text"
    },
    {
        "content": "May",
        "location": {
            "bottom": 1595,
            "top": 1563,
            "left": 53,
            "right": 111
        },
        "id": 27,
        "isClick": false,
        "type": "text"
    },
    {
        "content": "2",
        "location": {
            "bottom": 1589,
            "top": 1563,
            "left": 120,
            "right": 135
        },
        "id": 28,
        "isClick": false,
        "type": "text"
    },
    {
        "content": "May",
        "location": {
            "bottom": 1597,
            "top": 1562,
            "left": 588,
            "right": 645
        },
        "id": 29,
        "isClick": false,
        "type": "text"
    },
    {
        "content": "2",
        "location": {
            "bottom": 1589,
            "top": 1561,
            "left": 655,
            "right": 670
        },
        "id": 30,
        "isClick": false,
        "type": "text"
    }
]