[
    {
        "location": {
            "left": 60,
            "top": 1635,
            "bottom": 1689,
            "right": 87
        },
        "type": "text",
        "id": 0,
        "isClick": false,
        "content": "<"
    },
    {
        "location": {
            "left": 118,
            "top": 1649,
            "bottom": 1679,
            "right": 209
        },
        "type": "text",
        "id": 1,
        "isClick": false,
        "content": "BACK"
    },
    {
        "location": {
            "left": 862,
            "top": 1649,
            "bottom": 1679,
            "right": 951
        },
        "type": "text",
        "id": 2,
        "isClick": true,
        "content": "NEXT"
    }
]