[
    {
        "location": {
            "left": 162,
            "top": 9,
            "bottom": 57,
            "right": 184
        },
        "type": "text",
        "id": 0,
        "isClick": false,
        "content": "\u0719"
    },
    {
        "location": {
            "left": 226,
            "top": 10,
            "bottom": 54,
            "right": 309
        },
        "type": "text",
        "id": 1,
        "isClick": false,
        "content": "11"
    },
    {
        "location": {
            "left": 352,
            "top": 10,
            "bottom": 54,
            "right": 371
        },
        "type": "text",
        "id": 2,
        "isClick": false,
        "content": "/"
    },
    {
        "location": {
            "left": 404,
            "top": 9,
            "bottom": 55,
            "right": 509
        },
        "type": "text",
        "id": 3,
        "isClick": false,
        "content": "\u601d\u601d"
    },
    {
        "location": {
            "left": 537,
            "top": 32,
            "bottom": 43,
            "right": 552
        },
        "type": "text",
        "id": 4,
        "isClick": false,
        "content": "0 ."
    },
    {
        "location": {
            "left": 778,
            "top": 13,
            "bottom": 48,
            "right": 801
        },
        "type": "text",
        "id": 5,
        "isClick": false,
        "content": "4"
    },
    {
        "location": {
            "left": 988,
            "top": 17,
            "bottom": 48,
            "right": 1056
        },
        "type": "text",
        "id": 6,
        "isClick": false,
        "content": "6:16"
    },
    {
        "location": {
            "left": 375,
            "top": 82,
            "bottom": 120,
            "right": 424
        },
        "type": "text",
        "id": 7,
        "isClick": false,
        "content": "8"
    },
    {
        "location": {
            "left": 107,
            "top": 105,
            "bottom": 144,
            "right": 139
        },
        "type": "text",
        "id": 8,
        "isClick": false,
        "content": "g1"
    },
    {
        "location": {
            "left": 360,
            "top": 165,
            "bottom": 196,
            "right": 470
        },
        "type": "text",
        "id": 9,
        "isClick": false,
        "content": "Search"
    },
    {
        "location": {
            "left": 739,
            "top": 166,
            "bottom": 196,
            "right": 755
        },
        "type": "text",
        "id": 10,
        "isClick": false,
        "content": "5"
    },
    {
        "location": {
            "left": 87,
            "top": 244,
            "bottom": 271,
            "right": 94
        },
        "type": "text",
        "id": 11,
        "isClick": false,
        "content": "|"
    },
    {
        "location": {
            "left": 112,
            "top": 242,
            "bottom": 273,
            "right": 139
        },
        "type": "text",
        "id": 12,
        "isClick": false,
        "content": "15"
    },
    {
        "location": {
            "left": 70,
            "top": 507,
            "bottom": 541,
            "right": 125
        },
        "type": "text",
        "id": 13,
        "isClick": false,
        "content": "22"
    },
    {
        "location": {
            "left": 344,
            "top": 506,
            "bottom": 541,
            "right": 394
        },
        "type": "text",
        "id": 14,
        "isClick": false,
        "content": "41"
    },
    {
        "location": {
            "left": 700,
            "top": 505,
            "bottom": 532,
            "right": 711
        },
        "type": "text",
        "id": 15,
        "isClick": false,
        "content": "1"
    },
    {
        "location": {
            "left": 810,
            "top": 502,
            "bottom": 541,
            "right": 870
        },
        "type": "text",
        "id": 16,
        "isClick": false,
        "content": "26"
    },
    {
        "location": {
            "left": 687,
            "top": 536,
            "bottom": 551,
            "right": 706
        },
        "type": "text",
        "id": 17,
        "isClick": false,
        "content": "16 /"
    },
    {
        "location": {
            "left": 845,
            "top": 585,
            "bottom": 619,
            "right": 889
        },
        "type": "text",
        "id": 18,
        "isClick": false,
        "content": "Ali"
    },
    {
        "location": {
            "left": 905,
            "top": 593,
            "bottom": 623,
            "right": 981
        },
        "type": "text",
        "id": 19,
        "isClick": false,
        "content": "raza"
    },
    {
        "location": {
            "left": 79,
            "top": 585,
            "bottom": 628,
            "right": 193
        },
        "type": "text",
        "id": 20,
        "isClick": false,
        "content": "Nataly"
    },
    {
        "location": {
            "left": 83,
            "top": 651,
            "bottom": 677,
            "right": 190
        },
        "type": "text",
        "id": 21,
        "isClick": false,
        "content": "RU / RUS"
    },
    {
        "location": {
            "left": 337,
            "top": 586,
            "bottom": 629,
            "right": 670
        },
        "type": "text",
        "id": 22,
        "isClick": false,
        "content": "nataschadejonge1"
    },
    {
        "location": {
            "left": 455,
            "top": 649,
            "bottom": 677,
            "right": 559
        },
        "type": "text",
        "id": 23,
        "isClick": false,
        "content": "EN / BEL"
    },
    {
        "location": {
            "left": 885,
            "top": 651,
            "bottom": 677,
            "right": 952
        },
        "type": "text",
        "id": 24,
        "isClick": false,
        "content": "EN / --"
    },
    {
        "location": {
            "left": 806,
            "top": 722,
            "bottom": 755,
            "right": 848
        },
        "type": "text",
        "id": 25,
        "isClick": false,
        "content": "2"
    },
    {
        "location": {
            "left": 72,
            "top": 991,
            "bottom": 1026,
            "right": 125
        },
        "type": "text",
        "id": 26,
        "isClick": false,
        "content": "28"
    },
    {
        "location": {
            "left": 318,
            "top": 990,
            "bottom": 1016,
            "right": 329
        },
        "type": "text",
        "id": 27,
        "isClick": false,
        "content": "1"
    },
    {
        "location": {
            "left": 432,
            "top": 990,
            "bottom": 1025,
            "right": 484
        },
        "type": "text",
        "id": 28,
        "isClick": false,
        "content": "54"
    },
    {
        "location": {
            "left": 675,
            "top": 990,
            "bottom": 1017,
            "right": 687
        },
        "type": "text",
        "id": 29,
        "isClick": false,
        "content": "1"
    },
    {
        "location": {
            "left": 735,
            "top": 961,
            "bottom": 1041,
            "right": 802
        },
        "type": "text",
        "id": 30,
        "isClick": false,
        "content": "DE"
    },
    {
        "location": {
            "left": 857,
            "top": 1071,
            "bottom": 1102,
            "right": 928
        },
        "type": "text",
        "id": 31,
        "isClick": true,
        "content": "aziz"
    },
    {
        "location": {
            "left": 46,
            "top": 1070,
            "bottom": 1112,
            "right": 311
        },
        "type": "text",
        "id": 32,
        "isClick": false,
        "content": "sabiescupaula"
    },
    {
        "location": {
            "left": 122,
            "top": 1135,
            "bottom": 1161,
            "right": 233
        },
        "type": "text",
        "id": 33,
        "isClick": false,
        "content": "RO / ROU"
    },
    {
        "location": {
            "left": 398,
            "top": 1068,
            "bottom": 1112,
            "right": 672
        },
        "type": "text",
        "id": 34,
        "isClick": false,
        "content": "sparedlife2012"
    },
    {
        "location": {
            "left": 482,
            "top": 1135,
            "bottom": 1162,
            "right": 591
        },
        "type": "text",
        "id": 35,
        "isClick": false,
        "content": "EN / USA"
    },
    {
        "location": {
            "left": 863,
            "top": 1135,
            "bottom": 1162,
            "right": 926
        },
        "type": "text",
        "id": 36,
        "isClick": true,
        "content": "FR / --"
    },
    {
        "location": {
            "left": 71,
            "top": 1472,
            "bottom": 1511,
            "right": 129
        },
        "type": "text",
        "id": 37,
        "isClick": false,
        "content": "37"
    },
    {
        "location": {
            "left": 667,
            "top": 1440,
            "bottom": 1525,
            "right": 1020
        },
        "type": "text",
        "id": 38,
        "isClick": false,
        "content": "\u05d7\u05e8\u05d1\u05ea"
    },
    {
        "location": {
            "left": 508,
            "top": 1447,
            "bottom": 1521,
            "right": 572
        },
        "type": "text",
        "id": 39,
        "isClick": false,
        "content": ":"
    },
    {
        "location": {
            "left": 34,
            "top": 1555,
            "bottom": 1587,
            "right": 163
        },
        "type": "text",
        "id": 40,
        "isClick": false,
        "content": "severin"
    },
    {
        "location": {
            "left": 178,
            "top": 1553,
            "bottom": 1587,
            "right": 315
        },
        "type": "text",
        "id": 41,
        "isClick": false,
        "content": "enfants"
    },
    {
        "location": {
            "left": 332,
            "top": 1554,
            "bottom": 1587,
            "right": 403
        },
        "type": "text",
        "id": 42,
        "isClick": false,
        "content": "beni"
    },
    {
        "location": {
            "left": 528,
            "top": 1554,
            "bottom": 1589,
            "right": 709
        },
        "type": "text",
        "id": 43,
        "isClick": false,
        "content": "16327727"
    },
    {
        "location": {
            "left": 955,
            "top": 1554,
            "bottom": 1582,
            "right": 992
        },
        "type": "text",
        "id": 44,
        "isClick": false,
        "content": "ali"
    },
    {
        "location": {
            "left": 172,
            "top": 1618,
            "bottom": 1644,
            "right": 266
        },
        "type": "text",
        "id": 45,
        "isClick": false,
        "content": "FR / CIV"
    },
    {
        "location": {
            "left": 585,
            "top": 1619,
            "bottom": 1645,
            "right": 652
        },
        "type": "text",
        "id": 46,
        "isClick": false,
        "content": "EN / --"
    },
    {
        "location": {
            "left": 942,
            "top": 1619,
            "bottom": 1644,
            "right": 1009
        },
        "type": "text",
        "id": 47,
        "isClick": false,
        "content": "EN / --"
    },
    {
        "location": {
            "left": 483,
            "top": 1683,
            "bottom": 1724,
            "right": 499
        },
        "type": "text",
        "id": 48,
        "isClick": false,
        "content": "2"
    },
    {
        "location": {
            "left": 537,
            "top": 1683,
            "bottom": 1737,
            "right": 651
        },
        "type": "text",
        "id": 49,
        "isClick": false,
        "content": "live.me"
    },
    {
        "location": {
            "left": 517,
            "top": 1750,
            "bottom": 1774,
            "right": 561
        },
        "type": "text",
        "id": 50,
        "isClick": false,
        "content": "Find"
    },
    {
        "location": {
            "left": 8,
            "top": 1759,
            "bottom": 1791,
            "right": 63
        },
        "type": "text",
        "id": 51,
        "isClick": false,
        "content": "XID"
    }
]