[
    {
        "location": {
            "left": 474,
            "top": 32,
            "bottom": 43,
            "right": 489
        },
        "type": "text",
        "id": 0,
        "isClick": false,
        "content": "0 ."
    },
    {
        "location": {
            "left": 778,
            "top": 13,
            "bottom": 49,
            "right": 805
        },
        "type": "text",
        "id": 1,
        "isClick": false,
        "content": "4"
    },
    {
        "location": {
            "left": 987,
            "top": 17,
            "bottom": 47,
            "right": 1055
        },
        "type": "text",
        "id": 2,
        "isClick": false,
        "content": "6:17"
    },
    {
        "location": {
            "left": 110,
            "top": 112,
            "bottom": 120,
            "right": 135
        },
        "type": "text",
        "id": 3,
        "isClick": false,
        "content": "g"
    },
    {
        "location": {
            "left": 314,
            "top": 164,
            "bottom": 195,
            "right": 409
        },
        "type": "text",
        "id": 4,
        "isClick": false,
        "content": "hakan"
    },
    {
        "location": {
            "left": 572,
            "top": 166,
            "bottom": 193,
            "right": 589
        },
        "type": "text",
        "id": 5,
        "isClick": false,
        "content": "7"
    },
    {
        "location": {
            "left": 793,
            "top": 167,
            "bottom": 192,
            "right": 803
        },
        "type": "text",
        "id": 6,
        "isClick": true,
        "content": "1"
    },
    {
        "location": {
            "left": 982,
            "top": 261,
            "bottom": 307,
            "right": 1030
        },
        "type": "text",
        "id": 7,
        "isClick": false,
        "content": "CK"
    },
    {
        "location": {
            "left": 55,
            "top": 1705,
            "bottom": 1740,
            "right": 86
        },
        "type": "text",
        "id": 8,
        "isClick": false,
        "content": "hi"
    },
    {
        "location": {
            "left": 974,
            "top": 1692,
            "bottom": 1753,
            "right": 1038
        },
        "type": "text",
        "id": 9,
        "isClick": false,
        "content": "A"
    }
]