[
    {
        "location": {
            "left": 472,
            "top": 32,
            "bottom": 42,
            "right": 493
        },
        "type": "text",
        "id": 0,
        "isClick": false,
        "content": "C."
    },
    {
        "location": {
            "left": 778,
            "top": 13,
            "bottom": 49,
            "right": 805
        },
        "type": "text",
        "id": 1,
        "isClick": false,
        "content": "4"
    },
    {
        "location": {
            "left": 988,
            "top": 17,
            "bottom": 49,
            "right": 1056
        },
        "type": "text",
        "id": 2,
        "isClick": false,
        "content": "6:18"
    },
    {
        "location": {
            "left": 110,
            "top": 112,
            "bottom": 120,
            "right": 135
        },
        "type": "text",
        "id": 3,
        "isClick": false,
        "content": "g"
    },
    {
        "location": {
            "left": 255,
            "top": 165,
            "bottom": 199,
            "right": 466
        },
        "type": "text",
        "id": 4,
        "isClick": false,
        "content": "princessaha .."
    },
    {
        "location": {
            "left": 571,
            "top": 165,
            "bottom": 194,
            "right": 588
        },
        "type": "text",
        "id": 5,
        "isClick": false,
        "content": "8"
    },
    {
        "location": {
            "left": 793,
            "top": 167,
            "bottom": 192,
            "right": 803
        },
        "type": "text",
        "id": 6,
        "isClick": false,
        "content": "1"
    },
    {
        "location": {
            "left": 55,
            "top": 1705,
            "bottom": 1740,
            "right": 86
        },
        "type": "text",
        "id": 7,
        "isClick": false,
        "content": "hi"
    },
    {
        "location": {
            "left": 974,
            "top": 1692,
            "bottom": 1753,
            "right": 1038
        },
        "type": "text",
        "id": 8,
        "isClick": true,
        "content": "A"
    }
]