[
    {
        "location": {
            "left": 658,
            "top": 11,
            "bottom": 25,
            "right": 692
        },
        "type": "text",
        "id": 0,
        "isClick": false,
        "content": "FAK"
    },
    {
        "location": {
            "left": 778,
            "top": 13,
            "bottom": 50,
            "right": 805
        },
        "type": "text",
        "id": 1,
        "isClick": false,
        "content": "4"
    },
    {
        "location": {
            "left": 942,
            "top": 12,
            "bottom": 48,
            "right": 966
        },
        "type": "text",
        "id": 2,
        "isClick": false,
        "content": "5"
    },
    {
        "location": {
            "left": 989,
            "top": 17,
            "bottom": 49,
            "right": 1056
        },
        "type": "text",
        "id": 3,
        "isClick": false,
        "content": "6:18"
    },
    {
        "location": {
            "left": 995,
            "top": 96,
            "bottom": 178,
            "right": 1025
        },
        "type": "text",
        "id": 4,
        "isClick": false,
        "content": "OO"
    },
    {
        "location": {
            "left": 231,
            "top": 151,
            "bottom": 184,
            "right": 281
        },
        "type": "text",
        "id": 5,
        "isClick": false,
        "content": "26"
    },
    {
        "location": {
            "left": 1027,
            "top": 412,
            "bottom": 442,
            "right": 1055
        },
        "type": "text",
        "id": 6,
        "isClick": false,
        "content": "hi"
    },
    {
        "location": {
            "left": 920,
            "top": 475,
            "bottom": 503,
            "right": 956
        },
        "type": "text",
        "id": 7,
        "isClick": false,
        "content": "ay"
    },
    {
        "location": {
            "left": 968,
            "top": 468,
            "bottom": 497,
            "right": 1055
        },
        "type": "text",
        "id": 8,
        "isClick": false,
        "content": "18:18"
    },
    {
        "location": {
            "left": 207,
            "top": 1024,
            "bottom": 1086,
            "right": 637
        },
        "type": "text",
        "id": 9,
        "isClick": false,
        "content": "princessahabibi3"
    },
    {
        "location": {
            "left": 652,
            "top": 1017,
            "bottom": 1085,
            "right": 716
        },
        "type": "text",
        "id": 10,
        "isClick": false,
        "content": "/"
    },
    {
        "location": {
            "left": 186,
            "top": 1658,
            "bottom": 1688,
            "right": 375
        },
        "type": "text",
        "id": 11,
        "isClick": false,
        "content": "id : 2694892"
    },
    {
        "location": {
            "left": 759,
            "top": 1675,
            "bottom": 1705,
            "right": 805
        },
        "type": "text",
        "id": 12,
        "isClick": true,
        "content": "OK"
    },
    {
        "location": {
            "left": 68,
            "top": 1712,
            "bottom": 1741,
            "right": 76
        },
        "type": "text",
        "id": 13,
        "isClick": false,
        "content": "M"
    },
    {
        "location": {
            "left": 74,
            "top": 1717,
            "bottom": 1743,
            "right": 95
        },
        "type": "text",
        "id": 14,
        "isClick": false,
        "content": "M"
    },
    {
        "location": {
            "left": 118,
            "top": 1713,
            "bottom": 1743,
            "right": 152
        },
        "type": "text",
        "id": 15,
        "isClick": false,
        "content": "te"
    }
]