[
    {
        "location": {
            "left": 347,
            "top": 10,
            "bottom": 64,
            "right": 364
        },
        "type": "text",
        "id": 0,
        "isClick": false,
        "content": "\u0719"
    },
    {
        "location": {
            "left": 287,
            "top": 10,
            "bottom": 54,
            "right": 298
        },
        "type": "text",
        "id": 1,
        "isClick": false,
        "content": "\u0719"
    },
    {
        "location": {
            "left": 224,
            "top": 10,
            "bottom": 55,
            "right": 234
        },
        "type": "text",
        "id": 2,
        "isClick": false,
        "content": "\u0719"
    },
    {
        "location": {
            "left": 162,
            "top": 9,
            "bottom": 57,
            "right": 184
        },
        "type": "text",
        "id": 3,
        "isClick": false,
        "content": "\u0719"
    },
    {
        "location": {
            "left": 472,
            "top": 32,
            "bottom": 42,
            "right": 493
        },
        "type": "text",
        "id": 4,
        "isClick": false,
        "content": "C."
    },
    {
        "location": {
            "left": 988,
            "top": 17,
            "bottom": 48,
            "right": 1056
        },
        "type": "text",
        "id": 5,
        "isClick": false,
        "content": "6:13"
    },
    {
        "location": {
            "left": 107,
            "top": 105,
            "bottom": 145,
            "right": 139
        },
        "type": "text",
        "id": 6,
        "isClick": false,
        "content": "g1"
    },
    {
        "location": {
            "left": 573,
            "top": 165,
            "bottom": 194,
            "right": 589
        },
        "type": "text",
        "id": 7,
        "isClick": false,
        "content": "3"
    },
    {
        "location": {
            "left": 96,
            "top": 452,
            "bottom": 488,
            "right": 178
        },
        "type": "text",
        "id": 8,
        "isClick": true,
        "content": "Chat"
    },
    {
        "location": {
            "left": 402,
            "top": 1676,
            "bottom": 1715,
            "right": 563
        },
        "type": "text",
        "id": 9,
        "isClick": false,
        "content": "Hot girls"
    },
    {
        "location": {
            "left": 352,
            "top": 1715,
            "bottom": 1758,
            "right": 407
        },
        "type": "text",
        "id": 10,
        "isClick": false,
        "content": "are"
    },
    {
        "location": {
            "left": 423,
            "top": 1715,
            "bottom": 1758,
            "right": 610
        },
        "type": "text",
        "id": 11,
        "isClick": false,
        "content": "Live nearby"
    },
    {
        "location": {
            "left": 8,
            "top": 1760,
            "bottom": 1792,
            "right": 59
        },
        "type": "text",
        "id": 12,
        "isClick": false,
        "content": "XID"
    },
    {
        "location": {
            "left": 672,
            "top": 1750,
            "bottom": 1778,
            "right": 809
        },
        "type": "text",
        "id": 13,
        "isClick": false,
        "content": "Watch Now"
    }
]