[
    {
        "location": {
            "left": 345,
            "top": 9,
            "bottom": 57,
            "right": 361
        },
        "type": "text",
        "id": 0,
        "isClick": false,
        "content": "\u0719"
    },
    {
        "location": {
            "left": 287,
            "top": 9,
            "bottom": 54,
            "right": 303
        },
        "type": "text",
        "id": 1,
        "isClick": false,
        "content": "\u0719"
    },
    {
        "location": {
            "left": 225,
            "top": 10,
            "bottom": 55,
            "right": 247
        },
        "type": "text",
        "id": 2,
        "isClick": false,
        "content": "\u0719"
    },
    {
        "location": {
            "left": 162,
            "top": 10,
            "bottom": 57,
            "right": 184
        },
        "type": "text",
        "id": 3,
        "isClick": false,
        "content": "\u0719"
    },
    {
        "location": {
            "left": 472,
            "top": 32,
            "bottom": 42,
            "right": 492
        },
        "type": "text",
        "id": 4,
        "isClick": false,
        "content": "C."
    },
    {
        "location": {
            "left": 776,
            "top": 13,
            "bottom": 48,
            "right": 801
        },
        "type": "text",
        "id": 5,
        "isClick": false,
        "content": "4"
    },
    {
        "location": {
            "left": 988,
            "top": 17,
            "bottom": 48,
            "right": 1057
        },
        "type": "text",
        "id": 6,
        "isClick": false,
        "content": "6:14"
    },
    {
        "location": {
            "left": 110,
            "top": 112,
            "bottom": 120,
            "right": 135
        },
        "type": "text",
        "id": 7,
        "isClick": false,
        "content": "g"
    },
    {
        "location": {
            "left": 367,
            "top": 165,
            "bottom": 199,
            "right": 467
        },
        "type": "text",
        "id": 8,
        "isClick": false,
        "content": "Nataly"
    },
    {
        "location": {
            "left": 737,
            "top": 166,
            "bottom": 193,
            "right": 756
        },
        "type": "text",
        "id": 9,
        "isClick": false,
        "content": "4"
    },
    {
        "location": {
            "left": 56,
            "top": 1707,
            "bottom": 1743,
            "right": 102
        },
        "type": "text",
        "id": 10,
        "isClick": false,
        "content": "IM"
    },
    {
        "location": {
            "left": 119,
            "top": 1710,
            "bottom": 1744,
            "right": 196
        },
        "type": "text",
        "id": 11,
        "isClick": false,
        "content": "text"
    },
    {
        "location": {
            "left": 974,
            "top": 1692,
            "bottom": 1754,
            "right": 1038
        },
        "type": "text",
        "id": 12,
        "isClick": false,
        "content": "A"
    }
]