[
    {
        "location": {
            "left": 351,
            "top": 10,
            "bottom": 54,
            "right": 370
        },
        "type": "text",
        "id": 0,
        "isClick": false,
        "content": "\u0719"
    },
    {
        "location": {
            "left": 288,
            "top": 10,
            "bottom": 54,
            "right": 309
        },
        "type": "text",
        "id": 1,
        "isClick": false,
        "content": "\u0719"
    },
    {
        "location": {
            "left": 225,
            "top": 10,
            "bottom": 55,
            "right": 246
        },
        "type": "text",
        "id": 2,
        "isClick": false,
        "content": "\u0719"
    },
    {
        "location": {
            "left": 472,
            "top": 32,
            "bottom": 42,
            "right": 493
        },
        "type": "text",
        "id": 3,
        "isClick": false,
        "content": "C."
    },
    {
        "location": {
            "left": 537,
            "top": 32,
            "bottom": 43,
            "right": 552
        },
        "type": "text",
        "id": 4,
        "isClick": false,
        "content": "0 ."
    },
    {
        "location": {
            "left": 781,
            "top": 13,
            "bottom": 48,
            "right": 801
        },
        "type": "text",
        "id": 5,
        "isClick": false,
        "content": "4"
    },
    {
        "location": {
            "left": 988,
            "top": 17,
            "bottom": 48,
            "right": 1057
        },
        "type": "text",
        "id": 6,
        "isClick": false,
        "content": "6:14"
    },
    {
        "location": {
            "left": 110,
            "top": 112,
            "bottom": 120,
            "right": 135
        },
        "type": "text",
        "id": 7,
        "isClick": false,
        "content": "g"
    },
    {
        "location": {
            "left": 366,
            "top": 165,
            "bottom": 202,
            "right": 467
        },
        "type": "text",
        "id": 8,
        "isClick": false,
        "content": "Nataly"
    },
    {
        "location": {
            "left": 737,
            "top": 166,
            "bottom": 193,
            "right": 756
        },
        "type": "text",
        "id": 9,
        "isClick": false,
        "content": "4"
    },
    {
        "location": {
            "left": 1028,
            "top": 411,
            "bottom": 444,
            "right": 1055
        },
        "type": "text",
        "id": 10,
        "isClick": false,
        "content": "hi"
    },
    {
        "location": {
            "left": 666,
            "top": 467,
            "bottom": 497,
            "right": 812
        },
        "type": "text",
        "id": 11,
        "isClick": false,
        "content": "Delivered"
    },
    {
        "location": {
            "left": 838,
            "top": 467,
            "bottom": 497,
            "right": 870
        },
        "type": "text",
        "id": 12,
        "isClick": false,
        "content": "21"
    },
    {
        "location": {
            "left": 890,
            "top": 465,
            "bottom": 505,
            "right": 1057
        },
        "type": "text",
        "id": 13,
        "isClick": false,
        "content": "May 18:14"
    },
    {
        "location": {
            "left": 55,
            "top": 1707,
            "bottom": 1741,
            "right": 103
        },
        "type": "text",
        "id": 14,
        "isClick": false,
        "content": "IM"
    },
    {
        "location": {
            "left": 117,
            "top": 1710,
            "bottom": 1744,
            "right": 197
        },
        "type": "text",
        "id": 15,
        "isClick": false,
        "content": "text"
    },
    {
        "location": {
            "left": 974,
            "top": 1692,
            "bottom": 1753,
            "right": 1038
        },
        "type": "text",
        "id": 16,
        "isClick": false,
        "content": "A"
    }
]