[
    {
        "location": {
            "left": 107,
            "top": 112,
            "bottom": 120,
            "right": 134
        },
        "type": "text",
        "id": 0,
        "isClick": false,
        "content": "B"
    },
    {
        "location": {
            "left": 997,
            "top": 96,
            "bottom": 170,
            "right": 1026
        },
        "type": "text",
        "id": 1,
        "isClick": false,
        "content": "OCO"
    },
    {
        "location": {
            "left": 348,
            "top": 162,
            "bottom": 201,
            "right": 483
        },
        "type": "text",
        "id": 2,
        "isClick": false,
        "content": "\u0641\u0648\u0632\u064a \u0628\u0633\u0627\u0645"
    },
    {
        "location": {
            "left": 738,
            "top": 166,
            "bottom": 192,
            "right": 754
        },
        "type": "text",
        "id": 3,
        "isClick": false,
        "content": "5"
    },
    {
        "location": {
            "left": 200,
            "top": 449,
            "bottom": 511,
            "right": 297
        },
        "type": "text",
        "id": 4,
        "isClick": false,
        "content": "Tip :"
    },
    {
        "location": {
            "left": 320,
            "top": 449,
            "bottom": 503,
            "right": 433
        },
        "type": "text",
        "id": 5,
        "isClick": false,
        "content": "This"
    },
    {
        "location": {
            "left": 458,
            "top": 450,
            "bottom": 505,
            "right": 629
        },
        "type": "text",
        "id": 6,
        "isClick": false,
        "content": "button"
    },
    {
        "location": {
            "left": 648,
            "top": 455,
            "bottom": 505,
            "right": 787
        },
        "type": "text",
        "id": 7,
        "isClick": false,
        "content": "turns"
    },
    {
        "location": {
            "left": 810,
            "top": 463,
            "bottom": 501,
            "right": 873
        },
        "type": "text",
        "id": 8,
        "isClick": false,
        "content": "on"
    },
    {
        "location": {
            "left": 894,
            "top": 463,
            "bottom": 513,
            "right": 1013
        },
        "type": "text",
        "id": 9,
        "isClick": false,
        "content": "your"
    },
    {
        "location": {
            "left": 201,
            "top": 523,
            "bottom": 577,
            "right": 313
        },
        "type": "text",
        "id": 10,
        "isClick": false,
        "content": "web"
    },
    {
        "location": {
            "left": 333,
            "top": 537,
            "bottom": 577,
            "right": 537
        },
        "type": "text",
        "id": 11,
        "isClick": false,
        "content": "camera"
    },
    {
        "location": {
            "left": 435,
            "top": 809,
            "bottom": 844,
            "right": 642
        },
        "type": "text",
        "id": 12,
        "isClick": true,
        "content": "OK , THANKS"
    },
    {
        "location": {
            "left": 214,
            "top": 1834,
            "bottom": 1882,
            "right": 258
        },
        "type": "text",
        "id": 13,
        "isClick": false,
        "content": "A"
    }
]