[
    {
        "location": {
            "left": 162,
            "top": 9,
            "bottom": 57,
            "right": 309
        },
        "type": "text",
        "id": 0,
        "isClick": false,
        "content": "111"
    },
    {
        "location": {
            "left": 776,
            "top": 13,
            "bottom": 52,
            "right": 799
        },
        "type": "text",
        "id": 1,
        "isClick": false,
        "content": "*"
    },
    {
        "location": {
            "left": 468,
            "top": 30,
            "bottom": 43,
            "right": 505
        },
        "type": "text",
        "id": 2,
        "isClick": false,
        "content": "\u0627\u0644\u062c\u0648\u0639"
    },
    {
        "location": {
            "left": 537,
            "top": 32,
            "bottom": 43,
            "right": 552
        },
        "type": "text",
        "id": 3,
        "isClick": false,
        "content": "0 ."
    },
    {
        "location": {
            "left": 987,
            "top": 17,
            "bottom": 48,
            "right": 1055
        },
        "type": "text",
        "id": 4,
        "isClick": false,
        "content": "6:15"
    },
    {
        "location": {
            "left": 110,
            "top": 109,
            "bottom": 117,
            "right": 135
        },
        "type": "text",
        "id": 5,
        "isClick": false,
        "content": "a"
    },
    {
        "location": {
            "left": 420,
            "top": 162,
            "bottom": 199,
            "right": 483
        },
        "type": "text",
        "id": 6,
        "isClick": false,
        "content": "\u0641\u0648\u0632\u064a"
    },
    {
        "location": {
            "left": 350,
            "top": 161,
            "bottom": 199,
            "right": 405
        },
        "type": "text",
        "id": 7,
        "isClick": false,
        "content": "\u0628\u0633\u0627\u0645"
    },
    {
        "location": {
            "left": 738,
            "top": 166,
            "bottom": 192,
            "right": 754
        },
        "type": "text",
        "id": 8,
        "isClick": false,
        "content": "5"
    },
    {
        "location": {
            "left": 56,
            "top": 1705,
            "bottom": 1741,
            "right": 151
        },
        "type": "text",
        "id": 9,
        "isClick": false,
        "content": "hello"
    },
    {
        "location": {
            "left": 973,
            "top": 1689,
            "bottom": 1758,
            "right": 1037
        },
        "type": "text",
        "id": 10,
        "isClick": true,
        "content": ">"
    }
]