[
    {
        "location": {
            "left": 594,
            "top": 12,
            "bottom": 24,
            "right": 624
        },
        "type": "text",
        "id": 0,
        "isClick": false,
        "content": "FAK"
    },
    {
        "location": {
            "left": 92,
            "top": 14,
            "bottom": 53,
            "right": 125
        },
        "type": "text",
        "id": 1,
        "isClick": false,
        "content": "f"
    },
    {
        "location": {
            "left": 155,
            "top": 12,
            "bottom": 51,
            "right": 188
        },
        "type": "text",
        "id": 2,
        "isClick": false,
        "content": "f"
    },
    {
        "location": {
            "left": 218,
            "top": 14,
            "bottom": 50,
            "right": 251
        },
        "type": "text",
        "id": 3,
        "isClick": false,
        "content": "f"
    },
    {
        "location": {
            "left": 281,
            "top": 9,
            "bottom": 51,
            "right": 314
        },
        "type": "text",
        "id": 4,
        "isClick": false,
        "content": "f"
    },
    {
        "location": {
            "left": 344,
            "top": 14,
            "bottom": 51,
            "right": 377
        },
        "type": "text",
        "id": 5,
        "isClick": false,
        "content": "f"
    },
    {
        "location": {
            "left": 486,
            "top": 14,
            "bottom": 51,
            "right": 499
        },
        "type": "text",
        "id": 6,
        "isClick": false,
        "content": "f"
    },
    {
        "location": {
            "left": 536,
            "top": 15,
            "bottom": 49,
            "right": 564
        },
        "type": "text",
        "id": 7,
        "isClick": false,
        "content": "O"
    },
    {
        "location": {
            "left": 943,
            "top": 12,
            "bottom": 50,
            "right": 966
        },
        "type": "text",
        "id": 8,
        "isClick": false,
        "content": "\u00a7"
    },
    {
        "location": {
            "left": 988,
            "top": 18,
            "bottom": 48,
            "right": 1056
        },
        "type": "text",
        "id": 9,
        "isClick": false,
        "content": "9:46"
    },
    {
        "location": {
            "left": 122,
            "top": 102,
            "bottom": 137,
            "right": 204
        },
        "type": "text",
        "id": 10,
        "isClick": false,
        "content": "Code"
    },
    {
        "location": {
            "left": 215,
            "top": 106,
            "bottom": 128,
            "right": 243
        },
        "type": "text",
        "id": 11,
        "isClick": false,
        "content": "- >"
    },
    {
        "location": {
            "left": 256,
            "top": 102,
            "bottom": 139,
            "right": 364
        },
        "type": "text",
        "id": 12,
        "isClick": false,
        "content": "Region"
    },
    {
        "location": {
            "left": 609,
            "top": 99,
            "bottom": 139,
            "right": 739
        },
        "type": "text",
        "id": 13,
        "isClick": false,
        "content": "Region -"
    },
    {
        "location": {
            "left": 741,
            "top": 102,
            "bottom": 136,
            "right": 851
        },
        "type": "text",
        "id": 14,
        "isClick": false,
        "content": "> Code"
    },
    {
        "location": {
            "left": 275,
            "top": 713,
            "bottom": 761,
            "right": 414
        },
        "type": "text",
        "id": 15,
        "isClick": false,
        "content": "Enter"
    },
    {
        "location": {
            "left": 436,
            "top": 706,
            "bottom": 772,
            "right": 650
        },
        "type": "text",
        "id": 16,
        "isClick": false,
        "content": "regional"
    },
    {
        "location": {
            "left": 674,
            "top": 706,
            "bottom": 761,
            "right": 806
        },
        "type": "text",
        "id": 17,
        "isClick": false,
        "content": "code"
    },
    {
        "location": {
            "left": 190,
            "top": 1058,
            "bottom": 1102,
            "right": 222
        },
        "type": "text",
        "id": 18,
        "isClick": false,
        "content": "7"
    },
    {
        "location": {
            "left": 524,
            "top": 1057,
            "bottom": 1100,
            "right": 554
        },
        "type": "text",
        "id": 19,
        "isClick": false,
        "content": "8"
    },
    {
        "location": {
            "left": 854,
            "top": 1057,
            "bottom": 1101,
            "right": 884
        },
        "type": "text",
        "id": 20,
        "isClick": false,
        "content": "9"
    },
    {
        "location": {
            "left": 191,
            "top": 1248,
            "bottom": 1294,
            "right": 223
        },
        "type": "text",
        "id": 21,
        "isClick": false,
        "content": "4"
    },
    {
        "location": {
            "left": 524,
            "top": 1248,
            "bottom": 1293,
            "right": 555
        },
        "type": "text",
        "id": 22,
        "isClick": false,
        "content": "5"
    },
    {
        "location": {
            "left": 856,
            "top": 1248,
            "bottom": 1293,
            "right": 887
        },
        "type": "text",
        "id": 23,
        "isClick": false,
        "content": "6"
    },
    {
        "location": {
            "left": 192,
            "top": 1438,
            "bottom": 1483,
            "right": 213
        },
        "type": "text",
        "id": 24,
        "isClick": false,
        "content": "1"
    },
    {
        "location": {
            "left": 523,
            "top": 1437,
            "bottom": 1484,
            "right": 554
        },
        "type": "text",
        "id": 25,
        "isClick": false,
        "content": "2"
    },
    {
        "location": {
            "left": 854,
            "top": 1437,
            "bottom": 1485,
            "right": 885
        },
        "type": "text",
        "id": 26,
        "isClick": true,
        "content": "3"
    },
    {
        "location": {
            "left": 190,
            "top": 1629,
            "bottom": 1677,
            "right": 225
        },
        "type": "text",
        "id": 27,
        "isClick": false,
        "content": "\u0421"
    },
    {
        "location": {
            "left": 523,
            "top": 1627,
            "bottom": 1676,
            "right": 552
        },
        "type": "text",
        "id": 28,
        "isClick": false,
        "content": "0"
    }
]