[
    {
        "location": {
            "left": 594,
            "top": 12,
            "bottom": 24,
            "right": 625
        },
        "type": "text",
        "id": 0,
        "isClick": false,
        "content": "FAKT"
    },
    {
        "location": {
            "left": 92,
            "top": 14,
            "bottom": 53,
            "right": 125
        },
        "type": "text",
        "id": 1,
        "isClick": false,
        "content": "f"
    },
    {
        "location": {
            "left": 155,
            "top": 14,
            "bottom": 51,
            "right": 188
        },
        "type": "text",
        "id": 2,
        "isClick": false,
        "content": "f"
    },
    {
        "location": {
            "left": 218,
            "top": 14,
            "bottom": 51,
            "right": 251
        },
        "type": "text",
        "id": 3,
        "isClick": false,
        "content": "f"
    },
    {
        "location": {
            "left": 281,
            "top": 14,
            "bottom": 51,
            "right": 314
        },
        "type": "text",
        "id": 4,
        "isClick": false,
        "content": "f"
    },
    {
        "location": {
            "left": 344,
            "top": 14,
            "bottom": 52,
            "right": 377
        },
        "type": "text",
        "id": 5,
        "isClick": false,
        "content": "f"
    },
    {
        "location": {
            "left": 470,
            "top": 14,
            "bottom": 51,
            "right": 503
        },
        "type": "text",
        "id": 6,
        "isClick": false,
        "content": "f"
    },
    {
        "location": {
            "left": 546,
            "top": 15,
            "bottom": 49,
            "right": 558
        },
        "type": "text",
        "id": 7,
        "isClick": false,
        "content": "O"
    },
    {
        "location": {
            "left": 943,
            "top": 12,
            "bottom": 49,
            "right": 966
        },
        "type": "text",
        "id": 8,
        "isClick": false,
        "content": "&"
    },
    {
        "location": {
            "left": 988,
            "top": 17,
            "bottom": 49,
            "right": 1056
        },
        "type": "text",
        "id": 9,
        "isClick": false,
        "content": "9:46"
    },
    {
        "location": {
            "left": 122,
            "top": 101,
            "bottom": 136,
            "right": 204
        },
        "type": "text",
        "id": 10,
        "isClick": false,
        "content": "Code"
    },
    {
        "location": {
            "left": 215,
            "top": 107,
            "bottom": 129,
            "right": 243
        },
        "type": "text",
        "id": 11,
        "isClick": false,
        "content": "- >"
    },
    {
        "location": {
            "left": 256,
            "top": 102,
            "bottom": 140,
            "right": 364
        },
        "type": "text",
        "id": 12,
        "isClick": false,
        "content": "Region"
    },
    {
        "location": {
            "left": 609,
            "top": 99,
            "bottom": 139,
            "right": 717
        },
        "type": "text",
        "id": 13,
        "isClick": false,
        "content": "Region"
    },
    {
        "location": {
            "left": 729,
            "top": 109,
            "bottom": 128,
            "right": 757
        },
        "type": "text",
        "id": 14,
        "isClick": false,
        "content": "- >"
    },
    {
        "location": {
            "left": 769,
            "top": 101,
            "bottom": 134,
            "right": 851
        },
        "type": "text",
        "id": 15,
        "isClick": false,
        "content": "Code"
    },
    {
        "location": {
            "left": 46,
            "top": 246,
            "bottom": 297,
            "right": 186
        },
        "type": "text",
        "id": 16,
        "isClick": false,
        "content": "Enter"
    },
    {
        "location": {
            "left": 207,
            "top": 246,
            "bottom": 308,
            "right": 374
        },
        "type": "text",
        "id": 17,
        "isClick": false,
        "content": "region"
    },
    {
        "location": {
            "left": 396,
            "top": 257,
            "bottom": 296,
            "right": 449
        },
        "type": "text",
        "id": 18,
        "isClick": false,
        "content": "or"
    },
    {
        "location": {
            "left": 469,
            "top": 246,
            "bottom": 310,
            "right": 576
        },
        "type": "text",
        "id": 19,
        "isClick": true,
        "content": "city :"
    },
    {
        "location": {
            "left": 815,
            "top": 353,
            "bottom": 389,
            "right": 925
        },
        "type": "text",
        "id": 20,
        "isClick": false,
        "content": "Search"
    },
    {
        "location": {
            "left": 214,
            "top": 1834,
            "bottom": 1882,
            "right": 258
        },
        "type": "text",
        "id": 21,
        "isClick": false,
        "content": "A"
    }
]