[
    {
        "location": {
            "left": 594,
            "top": 12,
            "bottom": 24,
            "right": 626
        },
        "type": "text",
        "id": 0,
        "isClick": false,
        "content": "FAK"
    },
    {
        "location": {
            "left": 35,
            "top": 14,
            "bottom": 50,
            "right": 49
        },
        "type": "text",
        "id": 1,
        "isClick": false,
        "content": "*"
    },
    {
        "location": {
            "left": 92,
            "top": 10,
            "bottom": 54,
            "right": 568
        },
        "type": "text",
        "id": 2,
        "isClick": false,
        "content": "ffffffO"
    },
    {
        "location": {
            "left": 941,
            "top": 12,
            "bottom": 48,
            "right": 966
        },
        "type": "text",
        "id": 3,
        "isClick": false,
        "content": "$"
    },
    {
        "location": {
            "left": 987,
            "top": 17,
            "bottom": 48,
            "right": 1056
        },
        "type": "text",
        "id": 4,
        "isClick": false,
        "content": "9:48"
    },
    {
        "location": {
            "left": 45,
            "top": 102,
            "bottom": 158,
            "right": 103
        },
        "type": "text",
        "id": 5,
        "isClick": false,
        "content": "ZZ"
    },
    {
        "location": {
            "left": 131,
            "top": 106,
            "bottom": 158,
            "right": 304
        },
        "type": "text",
        "id": 6,
        "isClick": false,
        "content": "Regional"
    },
    {
        "location": {
            "left": 323,
            "top": 108,
            "bottom": 147,
            "right": 451
        },
        "type": "text",
        "id": 7,
        "isClick": false,
        "content": "Codes"
    },
    {
        "location": {
            "left": 468,
            "top": 105,
            "bottom": 146,
            "right": 508
        },
        "type": "text",
        "id": 8,
        "isClick": false,
        "content": "of"
    },
    {
        "location": {
            "left": 525,
            "top": 106,
            "bottom": 148,
            "right": 658
        },
        "type": "text",
        "id": 9,
        "isClick": false,
        "content": "Russia"
    },
    {
        "location": {
            "left": 65,
            "top": 217,
            "bottom": 249,
            "right": 408
        },
        "type": "text",
        "id": 10,
        "isClick": false,
        "content": "COMMON SETTINGS"
    },
    {
        "location": {
            "left": 64,
            "top": 314,
            "bottom": 354,
            "right": 247
        },
        "type": "text",
        "id": 11,
        "isClick": false,
        "content": "Vibration"
    },
    {
        "location": {
            "left": 63,
            "top": 376,
            "bottom": 413,
            "right": 289
        },
        "type": "text",
        "id": 12,
        "isClick": false,
        "content": "Vibrate during"
    },
    {
        "location": {
            "left": 303,
            "top": 376,
            "bottom": 415,
            "right": 453
        },
        "type": "text",
        "id": 13,
        "isClick": false,
        "content": "key press"
    },
    {
        "location": {
            "left": 64,
            "top": 481,
            "bottom": 533,
            "right": 199
        },
        "type": "text",
        "id": 14,
        "isClick": false,
        "content": "Splash"
    },
    {
        "location": {
            "left": 218,
            "top": 495,
            "bottom": 529,
            "right": 351
        },
        "type": "text",
        "id": 15,
        "isClick": false,
        "content": "screen"
    },
    {
        "location": {
            "left": 65,
            "top": 545,
            "bottom": 583,
            "right": 554
        },
        "type": "text",
        "id": 16,
        "isClick": false,
        "content": "Show splash screen at startup"
    },
    {
        "location": {
            "left": 66,
            "top": 641,
            "bottom": 673,
            "right": 305
        },
        "type": "text",
        "id": 17,
        "isClick": false,
        "content": "INFORMATION"
    },
    {
        "location": {
            "left": 63,
            "top": 737,
            "bottom": 777,
            "right": 217
        },
        "type": "text",
        "id": 18,
        "isClick": false,
        "content": "Version"
    },
    {
        "location": {
            "left": 65,
            "top": 801,
            "bottom": 830,
            "right": 111
        },
        "type": "text",
        "id": 19,
        "isClick": false,
        "content": "2.0"
    },
    {
        "location": {
            "left": 64,
            "top": 905,
            "bottom": 949,
            "right": 187
        },
        "type": "text",
        "id": 20,
        "isClick": false,
        "content": "About"
    },
    {
        "location": {
            "left": 200,
            "top": 909,
            "bottom": 952,
            "right": 266
        },
        "type": "text",
        "id": 21,
        "isClick": false,
        "content": "the"
    },
    {
        "location": {
            "left": 281,
            "top": 920,
            "bottom": 956,
            "right": 355
        },
        "type": "text",
        "id": 22,
        "isClick": false,
        "content": "app"
    },
    {
        "location": {
            "left": 65,
            "top": 969,
            "bottom": 1008,
            "right": 412
        },
        "type": "text",
        "id": 23,
        "isClick": true,
        "content": "Show app description"
    },
    {
        "location": {
            "left": 67,
            "top": 1065,
            "bottom": 1109,
            "right": 235
        },
        "type": "text",
        "id": 24,
        "isClick": false,
        "content": "Rate the"
    },
    {
        "location": {
            "left": 251,
            "top": 1065,
            "bottom": 1115,
            "right": 335
        },
        "type": "text",
        "id": 25,
        "isClick": false,
        "content": "app !"
    },
    {
        "location": {
            "left": 66,
            "top": 1129,
            "bottom": 1167,
            "right": 172
        },
        "type": "text",
        "id": 26,
        "isClick": false,
        "content": "Do you"
    },
    {
        "location": {
            "left": 187,
            "top": 1128,
            "bottom": 1167,
            "right": 386
        },
        "type": "text",
        "id": 27,
        "isClick": false,
        "content": "like the app ?"
    },
    {
        "location": {
            "left": 401,
            "top": 1128,
            "bottom": 1166,
            "right": 924
        },
        "type": "text",
        "id": 28,
        "isClick": false,
        "content": "Please help it become a five star"
    },
    {
        "location": {
            "left": 65,
            "top": 1166,
            "bottom": 1209,
            "right": 250
        },
        "type": "text",
        "id": 29,
        "isClick": false,
        "content": "application !"
    },
    {
        "location": {
            "left": 65,
            "top": 1257,
            "bottom": 1297,
            "right": 268
        },
        "type": "text",
        "id": 30,
        "isClick": false,
        "content": "Facebook"
    },
    {
        "location": {
            "left": 280,
            "top": 1265,
            "bottom": 1305,
            "right": 399
        },
        "type": "text",
        "id": 31,
        "isClick": false,
        "content": "group"
    },
    {
        "location": {
            "left": 64,
            "top": 1314,
            "bottom": 1353,
            "right": 129
        },
        "type": "text",
        "id": 32,
        "isClick": false,
        "content": "Join"
    },
    {
        "location": {
            "left": 144,
            "top": 1313,
            "bottom": 1353,
            "right": 507
        },
        "type": "text",
        "id": 33,
        "isClick": false,
        "content": "our Facebook group to"
    },
    {
        "location": {
            "left": 522,
            "top": 1321,
            "bottom": 1353,
            "right": 569
        },
        "type": "text",
        "id": 34,
        "isClick": false,
        "content": "get"
    },
    {
        "location": {
            "left": 584,
            "top": 1321,
            "bottom": 1353,
            "right": 663
        },
        "type": "text",
        "id": 35,
        "isClick": false,
        "content": "more"
    },
    {
        "location": {
            "left": 678,
            "top": 1313,
            "bottom": 1353,
            "right": 861
        },
        "type": "text",
        "id": 36,
        "isClick": false,
        "content": "information"
    },
    {
        "location": {
            "left": 876,
            "top": 1313,
            "bottom": 1353,
            "right": 965
        },
        "type": "text",
        "id": 37,
        "isClick": false,
        "content": "about"
    },
    {
        "location": {
            "left": 65,
            "top": 1361,
            "bottom": 1395,
            "right": 246
        },
        "type": "text",
        "id": 38,
        "isClick": false,
        "content": "registration"
    },
    {
        "location": {
            "left": 261,
            "top": 1360,
            "bottom": 1393,
            "right": 354
        },
        "type": "text",
        "id": 39,
        "isClick": false,
        "content": "plates"
    },
    {
        "location": {
            "left": 214,
            "top": 1833,
            "bottom": 1880,
            "right": 258
        },
        "type": "text",
        "id": 40,
        "isClick": false,
        "content": "V"
    }
]