[
    {
        "isClick": false,
        "id": 0,
        "content": "Row",
        "type": "text",
        "location": {
            "right": 413,
            "top": 1512,
            "left": 293,
            "bottom": 1576
        }
    },
    {
        "isClick": false,
        "id": 1,
        "content": ",",
        "type": "text",
        "location": {
            "right": 459,
            "top": 1529,
            "left": 440,
            "bottom": 1580
        }
    },
    {
        "isClick": false,
        "id": 2,
        "content": "row",
        "type": "text",
        "location": {
            "right": 596,
            "top": 1526,
            "left": 489,
            "bottom": 1576
        }
    },
    {
        "isClick": false,
        "id": 3,
        "content": ",",
        "type": "text",
        "location": {
            "right": 639,
            "top": 1531,
            "left": 623,
            "bottom": 1583
        }
    },
    {
        "isClick": false,
        "id": 4,
        "content": "row",
        "type": "text",
        "location": {
            "right": 803,
            "top": 1525,
            "left": 669,
            "bottom": 1573
        }
    },
    {
        "isClick": false,
        "id": 5,
        "content": "your",
        "type": "text",
        "location": {
            "right": 534,
            "top": 1624,
            "left": 372,
            "bottom": 1687
        }
    },
    {
        "isClick": false,
        "id": 6,
        "content": "boat",
        "type": "text",
        "location": {
            "right": 726,
            "top": 1606,
            "left": 559,
            "bottom": 1672
        }
    }
]