[
    {
        "content": "FAK",
        "location": {
            "bottom": 25,
            "top": 11,
            "left": 216,
            "right": 253
        },
        "id": 0,
        "isClick": false,
        "type": "text"
    },
    {
        "content": "AO WA",
        "location": {
            "bottom": 57,
            "top": 11,
            "left": 92,
            "right": 312
        },
        "id": 1,
        "isClick": false,
        "type": "text"
    },
    {
        "content": "12:45",
        "location": {
            "bottom": 48,
            "top": 17,
            "left": 956,
            "right": 1055
        },
        "id": 2,
        "isClick": false,
        "type": "text"
    },
    {
        "content": "Shopping",
        "location": {
            "bottom": 227,
            "top": 174,
            "left": 33,
            "right": 232
        },
        "id": 3,
        "isClick": false,
        "type": "text"
    },
    {
        "content": "List",
        "location": {
            "bottom": 222,
            "top": 184,
            "left": 251,
            "right": 322
        },
        "id": 4,
        "isClick": false,
        "type": "text"
    },
    {
        "content": "name",
        "location": {
            "bottom": 225,
            "top": 192,
            "left": 341,
            "right": 454
        },
        "id": 5,
        "isClick": false,
        "type": "text"
    },
    {
        "content": "Grocery",
        "location": {
            "bottom": 392,
            "top": 300,
            "left": 25,
            "right": 253
        },
        "id": 6,
        "isClick": false,
        "type": "text"
    },
    {
        "content": "23.04.2017",
        "location": {
            "bottom": 358,
            "top": 337,
            "left": 929,
            "right": 1046
        },
        "id": 7,
        "isClick": false,
        "type": "text"
    },
    {
        "content": "( O ...",
        "location": {
            "bottom": 415,
            "top": 394,
            "left": 11,
            "right": 42
        },
        "id": 8,
        "isClick": false,
        "type": "text"
    },
    {
        "content": "DX",
        "location": {
            "bottom": 1696,
            "top": 1663,
            "left": 873,
            "right": 951
        },
        "id": 9,
        "isClick": false,
        "type": "text"
    },
    {
        "content": "I Are",
        "location": {
            "bottom": 1742,
            "top": 1670,
            "left": 218,
            "right": 368
        },
        "id": 10,
        "isClick": false,
        "type": "text"
    },
    {
        "content": "you",
        "location": {
            "bottom": 1742,
            "top": 1694,
            "left": 384,
            "right": 465
        },
        "id": 11,
        "isClick": false,
        "type": "text"
    },
    {
        "content": "buying",
        "location": {
            "bottom": 1742,
            "top": 1678,
            "left": 483,
            "right": 633
        },
        "id": 12,
        "isClick": false,
        "type": "text"
    },
    {
        "content": "a",
        "location": {
            "bottom": 1731,
            "top": 1693,
            "left": 650,
            "right": 674
        },
        "id": 13,
        "isClick": false,
        "type": "text"
    },
    {
        "content": "new",
        "location": {
            "bottom": 1742,
            "top": 1693,
            "left": 690,
            "right": 785
        },
        "id": 14,
        "isClick": false,
        "type": "text"
    },
    {
        "content": "home :",
        "location": {
            "bottom": 1731,
            "top": 1670,
            "left": 800,
            "right": 951
        },
        "id": 15,
        "isClick": false,
        "type": "text"
    },
    {
        "content": "Low rate , low fee , no stress home",
        "location": {
            "bottom": 1781,
            "top": 1740,
            "left": 286,
            "right": 653
        },
        "id": 16,
        "isClick": false,
        "type": "text"
    },
    {
        "content": "loans",
        "location": {
            "bottom": 1777,
            "top": 1748,
            "left": 660,
            "right": 720
        },
        "id": 17,
        "isClick": false,
        "type": "text"
    },
    {
        "content": "W MARINE BANK",
        "location": {
            "bottom": 1782,
            "top": 1738,
            "left": 744,
            "right": 947
        },
        "id": 18,
        "isClick": false,
        "type": "text"
    }
]