[
    {
        "content": "FAK",
        "location": {
            "bottom": 25,
            "top": 11,
            "left": 216,
            "right": 253
        },
        "id": 0,
        "isClick": false,
        "type": "text"
    },
    {
        "content": "fo",
        "location": {
            "bottom": 50,
            "top": 14,
            "left": 95,
            "right": 190
        },
        "id": 1,
        "isClick": false,
        "type": "text"
    },
    {
        "content": "A",
        "location": {
            "bottom": 49,
            "top": 12,
            "left": 291,
            "right": 302
        },
        "id": 2,
        "isClick": false,
        "type": "text"
    },
    {
        "content": "12:47",
        "location": {
            "bottom": 49,
            "top": 17,
            "left": 956,
            "right": 1055
        },
        "id": 3,
        "isClick": false,
        "type": "text"
    },
    {
        "content": "OG",
        "location": {
            "bottom": 142,
            "top": 67,
            "left": 134,
            "right": 271
        },
        "id": 4,
        "isClick": false,
        "type": "text"
    },
    {
        "content": "mo",
        "location": {
            "bottom": 146,
            "top": 67,
            "left": 763,
            "right": 890
        },
        "id": 5,
        "isClick": false,
        "type": "text"
    },
    {
        "content": "Input",
        "location": {
            "bottom": 222,
            "top": 185,
            "left": 37,
            "right": 126
        },
        "id": 6,
        "isClick": false,
        "type": "text"
    },
    {
        "content": "an",
        "location": {
            "bottom": 218,
            "top": 193,
            "left": 141,
            "right": 180
        },
        "id": 7,
        "isClick": false,
        "type": "text"
    },
    {
        "content": "item",
        "location": {
            "bottom": 219,
            "top": 185,
            "left": 197,
            "right": 274
        },
        "id": 8,
        "isClick": false,
        "type": "text"
    },
    {
        "content": "description",
        "location": {
            "bottom": 222,
            "top": 184,
            "left": 291,
            "right": 494
        },
        "id": 9,
        "isClick": false,
        "type": "text"
    },
    {
        "content": "( 0 /",
        "location": {
            "bottom": 279,
            "top": 256,
            "left": 9,
            "right": 34
        },
        "id": 10,
        "isClick": false,
        "type": "text"
    },
    {
        "content": "...",
        "location": {
            "bottom": 280,
            "top": 264,
            "left": 37,
            "right": 50
        },
        "id": 11,
        "isClick": false,
        "type": "text"
    },
    {
        "content": "Grocery",
        "location": {
            "bottom": 327,
            "top": 265,
            "left": 460,
            "right": 611
        },
        "id": 12,
        "isClick": false,
        "type": "text"
    },
    {
        "content": "condtioner",
        "location": {
            "bottom": 437,
            "top": 376,
            "left": 24,
            "right": 339
        },
        "id": 13,
        "isClick": false,
        "type": "text"
    },
    {
        "content": "shampoo",
        "location": {
            "bottom": 595,
            "top": 505,
            "left": 21,
            "right": 283
        },
        "id": 14,
        "isClick": false,
        "type": "text"
    },
    {
        "content": "catsup",
        "location": {
            "bottom": 730,
            "top": 648,
            "left": 22,
            "right": 219
        },
        "id": 15,
        "isClick": false,
        "type": "text"
    },
    {
        "content": "oil",
        "location": {
            "bottom": 833,
            "top": 770,
            "left": 23,
            "right": 101
        },
        "id": 16,
        "isClick": false,
        "type": "text"
    },
    {
        "content": "I",
        "location": {
            "bottom": 418,
            "top": 396,
            "left": 966,
            "right": 1030
        },
        "id": 17,
        "isClick": false,
        "type": "text"
    },
    {
        "content": "AIL",
        "location": {
            "bottom": 571,
            "top": 516,
            "left": 966,
            "right": 1030
        },
        "id": 18,
        "isClick": false,
        "type": "text"
    },
    {
        "content": "All",
        "location": {
            "bottom": 703,
            "top": 648,
            "left": 966,
            "right": 1030
        },
        "id": 19,
        "isClick": false,
        "type": "text"
    },
    {
        "content": "All",
        "location": {
            "bottom": 835,
            "top": 780,
            "left": 966,
            "right": 1030
        },
        "id": 20,
        "isClick": false,
        "type": "text"
    },
    {
        "content": "AIIL",
        "location": {
            "bottom": 967,
            "top": 912,
            "left": 966,
            "right": 1030
        },
        "id": 21,
        "isClick": false,
        "type": "text"
    },
    {
        "content": "bread",
        "location": {
            "bottom": 964,
            "top": 897,
            "left": 24,
            "right": 194
        },
        "id": 22,
        "isClick": false,
        "type": "text"
    },
    {
        "content": "4",
        "location": {
            "bottom": 1171,
            "top": 1148,
            "left": 404,
            "right": 420
        },
        "id": 23,
        "isClick": false,
        "type": "text"
    },
    {
        "content": "5",
        "location": {
            "bottom": 1170,
            "top": 1148,
            "left": 512,
            "right": 526
        },
        "id": 24,
        "isClick": false,
        "type": "text"
    },
    {
        "content": "6",
        "location": {
            "bottom": 1172,
            "top": 1147,
            "left": 620,
            "right": 634
        },
        "id": 25,
        "isClick": false,
        "type": "text"
    },
    {
        "content": "7",
        "location": {
            "bottom": 1170,
            "top": 1148,
            "left": 727,
            "right": 742
        },
        "id": 26,
        "isClick": false,
        "type": "text"
    },
    {
        "content": "8",
        "location": {
            "bottom": 1173,
            "top": 1147,
            "left": 835,
            "right": 852
        },
        "id": 27,
        "isClick": false,
        "type": "text"
    },
    {
        "content": "2",
        "location": {
            "bottom": 1172,
            "top": 1145,
            "left": 188,
            "right": 203
        },
        "id": 28,
        "isClick": false,
        "type": "text"
    },
    {
        "content": "3",
        "location": {
            "bottom": 1172,
            "top": 1148,
            "left": 296,
            "right": 311
        },
        "id": 29,
        "isClick": false,
        "type": "text"
    },
    {
        "content": "We",
        "location": {
            "bottom": 1230,
            "top": 1192,
            "left": 139,
            "right": 285
        },
        "id": 30,
        "isClick": false,
        "type": "text"
    },
    {
        "content": "q",
        "location": {
            "bottom": 1242,
            "top": 1192,
            "left": 37,
            "right": 69
        },
        "id": 31,
        "isClick": false,
        "type": "text"
    },
    {
        "content": "r",
        "location": {
            "bottom": 1229,
            "top": 1192,
            "left": 372,
            "right": 389
        },
        "id": 32,
        "isClick": false,
        "type": "text"
    },
    {
        "content": "t",
        "location": {
            "bottom": 1228,
            "top": 1184,
            "left": 475,
            "right": 493
        },
        "id": 33,
        "isClick": false,
        "type": "text"
    },
    {
        "content": "9",
        "location": {
            "bottom": 1172,
            "top": 1146,
            "left": 944,
            "right": 958
        },
        "id": 34,
        "isClick": false,
        "type": "text"
    },
    {
        "content": "O",
        "location": {
            "bottom": 1229,
            "top": 1192,
            "left": 902,
            "right": 934
        },
        "id": 35,
        "isClick": false,
        "type": "text"
    },
    {
        "content": "y",
        "location": {
            "bottom": 1243,
            "top": 1192,
            "left": 580,
            "right": 609
        },
        "id": 36,
        "isClick": false,
        "type": "text"
    },
    {
        "content": "u",
        "location": {
            "bottom": 1229,
            "top": 1192,
            "left": 688,
            "right": 716
        },
        "id": 37,
        "isClick": false,
        "type": "text"
    },
    {
        "content": "\u0440",
        "location": {
            "bottom": 1242,
            "top": 1192,
            "left": 1011,
            "right": 1040
        },
        "id": 38,
        "isClick": false,
        "type": "text"
    },
    {
        "content": "a",
        "location": {
            "bottom": 1401,
            "top": 1356,
            "left": 93,
            "right": 121
        },
        "id": 39,
        "isClick": false,
        "type": "text"
    },
    {
        "content": "s",
        "location": {
            "bottom": 1399,
            "top": 1354,
            "left": 201,
            "right": 229
        },
        "id": 40,
        "isClick": false,
        "type": "text"
    },
    {
        "content": "d",
        "location": {
            "bottom": 1401,
            "top": 1340,
            "left": 308,
            "right": 338
        },
        "id": 41,
        "isClick": false,
        "type": "text"
    },
    {
        "content": "f",
        "location": {
            "bottom": 1401,
            "top": 1339,
            "left": 423,
            "right": 444
        },
        "id": 42,
        "isClick": false,
        "type": "text"
    },
    {
        "content": "g",
        "location": {
            "bottom": 1410,
            "top": 1353,
            "left": 524,
            "right": 554
        },
        "id": 43,
        "isClick": false,
        "type": "text"
    },
    {
        "content": "h",
        "location": {
            "bottom": 1400,
            "top": 1342,
            "left": 635,
            "right": 662
        },
        "id": 44,
        "isClick": false,
        "type": "text"
    },
    {
        "content": "j",
        "location": {
            "bottom": 1410,
            "top": 1345,
            "left": 746,
            "right": 759
        },
        "id": 45,
        "isClick": false,
        "type": "text"
    },
    {
        "content": "k",
        "location": {
            "bottom": 1399,
            "top": 1340,
            "left": 852,
            "right": 880
        },
        "id": 46,
        "isClick": false,
        "type": "text"
    },
    {
        "content": "|",
        "location": {
            "bottom": 1401,
            "top": 1342,
            "left": 972,
            "right": 977
        },
        "id": 47,
        "isClick": false,
        "type": "text"
    },
    {
        "content": "z",
        "location": {
            "bottom": 1561,
            "top": 1521,
            "left": 201,
            "right": 228
        },
        "id": 48,
        "isClick": false,
        "type": "text"
    },
    {
        "content": "X",
        "location": {
            "bottom": 1561,
            "top": 1521,
            "left": 309,
            "right": 336
        },
        "id": 49,
        "isClick": false,
        "type": "text"
    },
    {
        "content": "c",
        "location": {
            "bottom": 1561,
            "top": 1522,
            "left": 417,
            "right": 446
        },
        "id": 50,
        "isClick": false,
        "type": "text"
    },
    {
        "content": "V",
        "location": {
            "bottom": 1561,
            "top": 1521,
            "left": 525,
            "right": 554
        },
        "id": 51,
        "isClick": false,
        "type": "text"
    },
    {
        "content": "b",
        "location": {
            "bottom": 1561,
            "top": 1507,
            "left": 633,
            "right": 662
        },
        "id": 52,
        "isClick": false,
        "type": "text"
    },
    {
        "content": "n",
        "location": {
            "bottom": 1561,
            "top": 1521,
            "left": 741,
            "right": 768
        },
        "id": 53,
        "isClick": false,
        "type": "text"
    },
    {
        "content": "m",
        "location": {
            "bottom": 1561,
            "top": 1521,
            "left": 839,
            "right": 888
        },
        "id": 54,
        "isClick": false,
        "type": "text"
    },
    {
        "content": "\u0445",
        "location": {
            "bottom": 1549,
            "top": 1521,
            "left": 997,
            "right": 1021
        },
        "id": 55,
        "isClick": false,
        "type": "text"
    },
    {
        "content": "? 123",
        "location": {
            "bottom": 1712,
            "top": 1681,
            "left": 37,
            "right": 122
        },
        "id": 56,
        "isClick": false,
        "type": "text"
    },
    {
        "content": "V",
        "location": {
            "bottom": 1880,
            "top": 1834,
            "left": 211,
            "right": 260
        },
        "id": 57,
        "isClick": true,
        "type": "text"
    }
]