[
    {
        "location": {
            "left": 29,
            "top": 14,
            "bottom": 48,
            "right": 128
        },
        "type": "text",
        "id": 0,
        "isClick": false,
        "content": "ff"
    },
    {
        "location": {
            "left": 167,
            "top": 16,
            "bottom": 48,
            "right": 177
        },
        "type": "text",
        "id": 1,
        "isClick": false,
        "content": "0"
    },
    {
        "location": {
            "left": 989,
            "top": 18,
            "bottom": 49,
            "right": 1056
        },
        "type": "text",
        "id": 2,
        "isClick": false,
        "content": "1:26"
    },
    {
        "location": {
            "left": 155,
            "top": 152,
            "bottom": 279,
            "right": 155
        },
        "type": "text",
        "id": 3,
        "isClick": false,
        "content": "aan"
    },
    {
        "location": {
            "left": 184,
            "top": 164,
            "bottom": 254,
            "right": 339
        },
        "type": "text",
        "id": 4,
        "isClick": false,
        "content": "hai"
    },
    {
        "location": {
            "left": 368,
            "top": 167,
            "bottom": 255,
            "right": 443
        },
        "type": "text",
        "id": 5,
        "isClick": false,
        "content": "is"
    },
    {
        "location": {
            "left": 464,
            "top": 164,
            "bottom": 277,
            "right": 799
        },
        "type": "text",
        "id": 6,
        "isClick": false,
        "content": "jahaan"
    },
    {
        "location": {
            "left": 841,
            "top": 163,
            "bottom": 253,
            "right": 960
        },
        "type": "text",
        "id": 7,
        "isClick": false,
        "content": "ki ."
    },
    {
        "location": {
            "left": 179,
            "top": 300,
            "bottom": 401,
            "right": 179
        },
        "type": "text",
        "id": 8,
        "isClick": false,
        "content": "inat"
    },
    {
        "location": {
            "left": 208,
            "top": 306,
            "bottom": 398,
            "right": 359
        },
        "type": "text",
        "id": 9,
        "isClick": false,
        "content": "hai"
    },
    {
        "location": {
            "left": 392,
            "top": 336,
            "bottom": 398,
            "right": 805
        },
        "type": "text",
        "id": 10,
        "isClick": false,
        "content": "assmaan"
    },
    {
        "location": {
            "left": 834,
            "top": 306,
            "bottom": 400,
            "right": 969
        },
        "type": "text",
        "id": 11,
        "isClick": false,
        "content": "ki .."
    },
    {
        "location": {
            "left": -8,
            "top": 431,
            "bottom": 560,
            "right": 118
        },
        "type": "text",
        "id": 12,
        "isClick": false,
        "content": "hq"
    },
    {
        "location": {
            "left": 147,
            "top": 459,
            "bottom": 538,
            "right": 343
        },
        "type": "text",
        "id": 13,
        "isClick": false,
        "content": "tum"
    },
    {
        "location": {
            "left": 371,
            "top": 448,
            "bottom": 541,
            "right": 531
        },
        "type": "text",
        "id": 14,
        "isClick": false,
        "content": "bhi"
    },
    {
        "location": {
            "left": 559,
            "top": 448,
            "bottom": 538,
            "right": 675
        },
        "type": "text",
        "id": 15,
        "isClick": false,
        "content": "ek"
    },
    {
        "location": {
            "left": 699,
            "top": 449,
            "bottom": 541,
            "right": 919
        },
        "type": "text",
        "id": 16,
        "isClick": false,
        "content": "baar"
    },
    {
        "location": {
            "left": 947,
            "top": 474,
            "bottom": 562,
            "right": 1087
        },
        "type": "text",
        "id": 17,
        "isClick": false,
        "content": "yai"
    },
    {
        "location": {
            "left": -6,
            "top": 586,
            "bottom": 709,
            "right": 169
        },
        "type": "text",
        "id": 18,
        "isClick": false,
        "content": "shq"
    },
    {
        "location": {
            "left": 197,
            "top": 588,
            "bottom": 684,
            "right": 499
        },
        "type": "text",
        "id": 19,
        "isClick": false,
        "content": "ibadat"
    },
    {
        "location": {
            "left": 525,
            "top": 589,
            "bottom": 684,
            "right": 679
        },
        "type": "text",
        "id": 20,
        "isClick": false,
        "content": "hai"
    },
    {
        "location": {
            "left": 709,
            "top": 590,
            "bottom": 681,
            "right": 1019
        },
        "type": "text",
        "id": 21,
        "isClick": false,
        "content": "khuda"
    },
    {
        "location": {
            "left": 1047,
            "top": 591,
            "bottom": 681,
            "right": 1083
        },
        "type": "text",
        "id": 22,
        "isClick": false,
        "content": "1"
    },
    {
        "location": {
            "left": 72,
            "top": 1457,
            "bottom": 1487,
            "right": 160
        },
        "type": "text",
        "id": 23,
        "isClick": false,
        "content": "Email"
    },
    {
        "location": {
            "left": 277,
            "top": 1456,
            "bottom": 1493,
            "right": 380
        },
        "type": "text",
        "id": 24,
        "isClick": false,
        "content": "Gallery"
    },
    {
        "location": {
            "left": 322,
            "top": 1614,
            "bottom": 1723,
            "right": 369
        },
        "type": "text",
        "id": 25,
        "isClick": false,
        "content": "5"
    }
]