[
    {
        "location": {
            "left": 217,
            "top": 10,
            "bottom": 25,
            "right": 255
        },
        "type": "text",
        "id": 0,
        "isClick": false,
        "content": "FAKT"
    },
    {
        "location": {
            "left": 29,
            "top": 14,
            "bottom": 50,
            "right": 63
        },
        "type": "text",
        "id": 1,
        "isClick": false,
        "content": "f"
    },
    {
        "location": {
            "left": 102,
            "top": 15,
            "bottom": 49,
            "right": 113
        },
        "type": "text",
        "id": 2,
        "isClick": false,
        "content": "0"
    },
    {
        "location": {
            "left": 158,
            "top": 12,
            "bottom": 49,
            "right": 183
        },
        "type": "text",
        "id": 3,
        "isClick": false,
        "content": "6"
    },
    {
        "location": {
            "left": 778,
            "top": 14,
            "bottom": 49,
            "right": 803
        },
        "type": "text",
        "id": 4,
        "isClick": false,
        "content": "4"
    },
    {
        "location": {
            "left": 943,
            "top": 13,
            "bottom": 52,
            "right": 966
        },
        "type": "text",
        "id": 5,
        "isClick": false,
        "content": "3"
    },
    {
        "location": {
            "left": 987,
            "top": 17,
            "bottom": 48,
            "right": 1056
        },
        "type": "text",
        "id": 6,
        "isClick": false,
        "content": "4:28"
    },
    {
        "location": {
            "left": 49,
            "top": 118,
            "bottom": 152,
            "right": 96
        },
        "type": "text",
        "id": 7,
        "isClick": true,
        "content": "="
    },
    {
        "location": {
            "left": 159,
            "top": 116,
            "bottom": 157,
            "right": 281
        },
        "type": "text",
        "id": 8,
        "isClick": false,
        "content": "Orion"
    },
    {
        "location": {
            "left": 297,
            "top": 115,
            "bottom": 154,
            "right": 361
        },
        "type": "text",
        "id": 9,
        "isClick": false,
        "content": "TV"
    },
    {
        "location": {
            "left": 1007,
            "top": 112,
            "bottom": 151,
            "right": 1022
        },
        "type": "text",
        "id": 10,
        "isClick": false,
        "content": "Q"
    },
    {
        "location": {
            "left": 32,
            "top": 270,
            "bottom": 300,
            "right": 295
        },
        "type": "text",
        "id": 11,
        "isClick": false,
        "content": "ALL CHANNELS"
    },
    {
        "location": {
            "left": 43,
            "top": 441,
            "bottom": 473,
            "right": 145
        },
        "type": "text",
        "id": 12,
        "isClick": false,
        "content": "PTC1"
    },
    {
        "location": {
            "left": 202,
            "top": 393,
            "bottom": 429,
            "right": 273
        },
        "type": "text",
        "id": 13,
        "isClick": false,
        "content": "RTS"
    },
    {
        "location": {
            "left": 290,
            "top": 394,
            "bottom": 429,
            "right": 303
        },
        "type": "text",
        "id": 14,
        "isClick": false,
        "content": "1"
    },
    {
        "location": {
            "left": 200,
            "top": 450,
            "bottom": 489,
            "right": 464
        },
        "type": "text",
        "id": 15,
        "isClick": false,
        "content": "Tako stoje stvari"
    },
    {
        "location": {
            "left": 201,
            "top": 593,
            "bottom": 631,
            "right": 306
        },
        "type": "text",
        "id": 16,
        "isClick": false,
        "content": "RTS 2"
    },
    {
        "location": {
            "left": 44,
            "top": 641,
            "bottom": 673,
            "right": 157
        },
        "type": "text",
        "id": 17,
        "isClick": false,
        "content": "PTC2"
    },
    {
        "location": {
            "left": 200,
            "top": 651,
            "bottom": 689,
            "right": 309
        },
        "type": "text",
        "id": 18,
        "isClick": false,
        "content": "Zemlja"
    },
    {
        "location": {
            "left": 323,
            "top": 652,
            "bottom": 684,
            "right": 415
        },
        "type": "text",
        "id": 19,
        "isClick": false,
        "content": "hrane"
    },
    {
        "location": {
            "left": 202,
            "top": 793,
            "bottom": 829,
            "right": 284
        },
        "type": "text",
        "id": 20,
        "isClick": false,
        "content": "Prva"
    },
    {
        "location": {
            "left": 80,
            "top": 841,
            "bottom": 873,
            "right": 164
        },
        "type": "text",
        "id": 21,
        "isClick": false,
        "content": "PRVA"
    },
    {
        "location": {
            "left": 201,
            "top": 849,
            "bottom": 889,
            "right": 418
        },
        "type": "text",
        "id": 22,
        "isClick": false,
        "content": "Parampar\u010dad"
    },
    {
        "location": {
            "left": 60,
            "top": 1034,
            "bottom": 1060,
            "right": 120
        },
        "type": "text",
        "id": 23,
        "isClick": false,
        "content": "692"
    },
    {
        "location": {
            "left": 201,
            "top": 992,
            "bottom": 1025,
            "right": 270
        },
        "type": "text",
        "id": 24,
        "isClick": false,
        "content": "B92"
    },
    {
        "location": {
            "left": 202,
            "top": 1049,
            "bottom": 1081,
            "right": 366
        },
        "type": "text",
        "id": 25,
        "isClick": false,
        "content": "Crtani film"
    },
    {
        "location": {
            "left": 201,
            "top": 1192,
            "bottom": 1239,
            "right": 317
        },
        "type": "text",
        "id": 26,
        "isClick": false,
        "content": "Happy"
    },
    {
        "location": {
            "left": 38,
            "top": 1236,
            "bottom": 1273,
            "right": 126
        },
        "type": "text",
        "id": 27,
        "isClick": false,
        "content": "happy"
    },
    {
        "location": {
            "left": 133,
            "top": 1233,
            "bottom": 1275,
            "right": 160
        },
        "type": "text",
        "id": 28,
        "isClick": false,
        "content": ":)"
    },
    {
        "location": {
            "left": 200,
            "top": 1233,
            "bottom": 1281,
            "right": 302
        },
        "type": "text",
        "id": 29,
        "isClick": false,
        "content": "Parovi"
    },
    {
        "location": {
            "left": 201,
            "top": 1385,
            "bottom": 1428,
            "right": 430
        },
        "type": "text",
        "id": 30,
        "isClick": false,
        "content": "Nickelodeon"
    },
    {
        "location": {
            "left": 201,
            "top": 1449,
            "bottom": 1481,
            "right": 387
        },
        "type": "text",
        "id": 31,
        "isClick": false,
        "content": "Sun\u0111er Bob"
    },
    {
        "location": {
            "left": 36,
            "top": 1444,
            "bottom": 1465,
            "right": 159
        },
        "type": "text",
        "id": 32,
        "isClick": false,
        "content": "nioncelodeon"
    },
    {
        "location": {
            "left": 202,
            "top": 1587,
            "bottom": 1628,
            "right": 349
        },
        "type": "text",
        "id": 33,
        "isClick": false,
        "content": "FilmBox"
    },
    {
        "location": {
            "left": 364,
            "top": 1589,
            "bottom": 1628,
            "right": 535
        },
        "type": "text",
        "id": 34,
        "isClick": false,
        "content": "Arthouse"
    },
    {
        "location": {
            "left": 202,
            "top": 1649,
            "bottom": 1680,
            "right": 342
        },
        "type": "text",
        "id": 35,
        "isClick": false,
        "content": "CIVILIAN"
    },
    {
        "location": {
            "left": 75,
            "top": 1641,
            "bottom": 1659,
            "right": 155
        },
        "type": "text",
        "id": 36,
        "isClick": false,
        "content": "FILM BOX"
    },
    {
        "location": {
            "left": 36,
            "top": 1657,
            "bottom": 1670,
            "right": 111
        },
        "type": "text",
        "id": 37,
        "isClick": false,
        "content": "ARTHOUSE"
    }
]