[
    {
        "location": {
            "left": 216,
            "top": 10,
            "bottom": 24,
            "right": 254
        },
        "type": "text",
        "id": 0,
        "isClick": false,
        "content": "FAK"
    },
    {
        "location": {
            "left": 29,
            "top": 14,
            "bottom": 51,
            "right": 63
        },
        "type": "text",
        "id": 1,
        "isClick": false,
        "content": "f"
    },
    {
        "location": {
            "left": 94,
            "top": 15,
            "bottom": 49,
            "right": 123
        },
        "type": "text",
        "id": 2,
        "isClick": false,
        "content": "0"
    },
    {
        "location": {
            "left": 158,
            "top": 12,
            "bottom": 51,
            "right": 183
        },
        "type": "text",
        "id": 3,
        "isClick": false,
        "content": "A"
    },
    {
        "location": {
            "left": 778,
            "top": 14,
            "bottom": 49,
            "right": 803
        },
        "type": "text",
        "id": 4,
        "isClick": false,
        "content": "4"
    },
    {
        "location": {
            "left": 987,
            "top": 17,
            "bottom": 48,
            "right": 1056
        },
        "type": "text",
        "id": 5,
        "isClick": false,
        "content": "4:28"
    },
    {
        "location": {
            "left": 122,
            "top": 147,
            "bottom": 178,
            "right": 156
        },
        "type": "text",
        "id": 6,
        "isClick": false,
        "content": "tv"
    },
    {
        "location": {
            "left": 68,
            "top": 204,
            "bottom": 240,
            "right": 195
        },
        "type": "text",
        "id": 7,
        "isClick": false,
        "content": "ORION"
    },
    {
        "location": {
            "left": 127,
            "top": 238,
            "bottom": 250,
            "right": 171
        },
        "type": "text",
        "id": 8,
        "isClick": false,
        "content": "telekom"
    },
    {
        "location": {
            "left": 44,
            "top": 337,
            "bottom": 367,
            "right": 220
        },
        "type": "text",
        "id": 9,
        "isClick": false,
        "content": "Demo User"
    },
    {
        "location": {
            "left": 44,
            "top": 399,
            "bottom": 429,
            "right": 133
        },
        "type": "text",
        "id": 10,
        "isClick": false,
        "content": "demo"
    },
    {
        "location": {
            "left": 189,
            "top": 552,
            "bottom": 581,
            "right": 234
        },
        "type": "text",
        "id": 11,
        "isClick": false,
        "content": "TV"
    },
    {
        "location": {
            "left": 190,
            "top": 721,
            "bottom": 760,
            "right": 323
        },
        "type": "text",
        "id": 12,
        "isClick": true,
        "content": "Settings"
    },
    {
        "location": {
            "left": 49,
            "top": 836,
            "bottom": 884,
            "right": 96
        },
        "type": "text",
        "id": 13,
        "isClick": false,
        "content": "U"
    },
    {
        "location": {
            "left": 189,
            "top": 848,
            "bottom": 885,
            "right": 259
        },
        "type": "text",
        "id": 14,
        "isClick": false,
        "content": "Sign"
    },
    {
        "location": {
            "left": 271,
            "top": 850,
            "bottom": 881,
            "right": 323
        },
        "type": "text",
        "id": 15,
        "isClick": false,
        "content": "out"
    }
]