[
    {
        "location": {
            "left": 217,
            "top": 9,
            "bottom": 25,
            "right": 254
        },
        "type": "text",
        "id": 0,
        "isClick": false,
        "content": "FAK"
    },
    {
        "location": {
            "left": 29,
            "top": 14,
            "bottom": 50,
            "right": 63
        },
        "type": "text",
        "id": 1,
        "isClick": false,
        "content": "f"
    },
    {
        "location": {
            "left": 104,
            "top": 15,
            "bottom": 49,
            "right": 115
        },
        "type": "text",
        "id": 2,
        "isClick": false,
        "content": "0"
    },
    {
        "location": {
            "left": 158,
            "top": 12,
            "bottom": 48,
            "right": 183
        },
        "type": "text",
        "id": 3,
        "isClick": false,
        "content": "6"
    },
    {
        "location": {
            "left": 781,
            "top": 14,
            "bottom": 49,
            "right": 803
        },
        "type": "text",
        "id": 4,
        "isClick": false,
        "content": "4"
    },
    {
        "location": {
            "left": 943,
            "top": 13,
            "bottom": 51,
            "right": 966
        },
        "type": "text",
        "id": 5,
        "isClick": false,
        "content": "E"
    },
    {
        "location": {
            "left": 987,
            "top": 17,
            "bottom": 48,
            "right": 1056
        },
        "type": "text",
        "id": 6,
        "isClick": false,
        "content": "4:29"
    },
    {
        "location": {
            "left": 53,
            "top": 115,
            "bottom": 152,
            "right": 92
        },
        "type": "text",
        "id": 7,
        "isClick": false,
        "content": "+"
    },
    {
        "location": {
            "left": 160,
            "top": 118,
            "bottom": 167,
            "right": 349
        },
        "type": "text",
        "id": 8,
        "isClick": false,
        "content": "Settings"
    },
    {
        "location": {
            "left": 41,
            "top": 250,
            "bottom": 299,
            "right": 222
        },
        "type": "text",
        "id": 9,
        "isClick": true,
        "content": "Playback"
    },
    {
        "location": {
            "left": 237,
            "top": 252,
            "bottom": 299,
            "right": 397
        },
        "type": "text",
        "id": 10,
        "isClick": true,
        "content": "settings"
    },
    {
        "location": {
            "left": 38,
            "top": 419,
            "bottom": 457,
            "right": 157
        },
        "type": "text",
        "id": 11,
        "isClick": false,
        "content": "About"
    }
]