[
    {
        "location": {
            "left": 44,
            "top": 57,
            "bottom": 94,
            "right": 313
        },
        "type": "text",
        "id": 0,
        "isClick": false,
        "content": "FoodTwitter"
    },
    {
        "location": {
            "left": 435,
            "top": 89,
            "bottom": 125,
            "right": 562
        },
        "type": "text",
        "id": 1,
        "isClick": false,
        "content": "By Title"
    },
    {
        "location": {
            "left": 679,
            "top": 92,
            "bottom": 122,
            "right": 871
        },
        "type": "text",
        "id": 2,
        "isClick": false,
        "content": "Search tern"
    },
    {
        "location": {
            "left": 962,
            "top": 84,
            "bottom": 119,
            "right": 973
        },
        "type": "text",
        "id": 3,
        "isClick": false,
        "content": "Q"
    },
    {
        "location": {
            "left": 40,
            "top": 266,
            "bottom": 311,
            "right": 125
        },
        "type": "text",
        "id": 4,
        "isClick": true,
        "content": "Iv"
    },
    {
        "location": {
            "left": 927,
            "top": 453,
            "bottom": 494,
            "right": 966
        },
        "type": "text",
        "id": 5,
        "isClick": false,
        "content": "2"
    },
    {
        "location": {
            "left": 891,
            "top": 513,
            "bottom": 552,
            "right": 958
        },
        "type": "text",
        "id": 6,
        "isClick": false,
        "content": "Sign"
    },
    {
        "location": {
            "left": 973,
            "top": 513,
            "bottom": 551,
            "right": 1000
        },
        "type": "text",
        "id": 7,
        "isClick": false,
        "content": "In"
    },
    {
        "location": {
            "left": 72,
            "top": 516,
            "bottom": 552,
            "right": 199
        },
        "type": "text",
        "id": 8,
        "isClick": false,
        "content": "Recipes"
    },
    {
        "location": {
            "left": 342,
            "top": 516,
            "bottom": 552,
            "right": 470
        },
        "type": "text",
        "id": 9,
        "isClick": false,
        "content": "Kitchen"
    },
    {
        "location": {
            "left": 619,
            "top": 514,
            "bottom": 549,
            "right": 732
        },
        "type": "text",
        "id": 10,
        "isClick": false,
        "content": "Search"
    },
    {
        "location": {
            "left": 70,
            "top": 689,
            "bottom": 753,
            "right": 363
        },
        "type": "text",
        "id": 11,
        "isClick": false,
        "content": "Premium"
    },
    {
        "location": {
            "left": 67,
            "top": 777,
            "bottom": 836,
            "right": 172
        },
        "type": "text",
        "id": 12,
        "isClick": false,
        "content": "Cat"
    },
    {
        "location": {
            "left": 201,
            "top": 772,
            "bottom": 836,
            "right": 358
        },
        "type": "text",
        "id": 13,
        "isClick": false,
        "content": "Food"
    },
    {
        "location": {
            "left": 457,
            "top": 736,
            "bottom": 790,
            "right": 492
        },
        "type": "text",
        "id": 14,
        "isClick": false,
        "content": ">"
    },
    {
        "location": {
            "left": 567,
            "top": 672,
            "bottom": 721,
            "right": 681
        },
        "type": "text",
        "id": 15,
        "isClick": false,
        "content": "Enjoy"
    },
    {
        "location": {
            "left": 695,
            "top": 671,
            "bottom": 713,
            "right": 831
        },
        "type": "text",
        "id": 16,
        "isClick": false,
        "content": "Yahoo"
    },
    {
        "location": {
            "left": 847,
            "top": 663,
            "bottom": 719,
            "right": 1025
        },
        "type": "text",
        "id": 17,
        "isClick": false,
        "content": "Search"
    },
    {
        "location": {
            "left": 593,
            "top": 727,
            "bottom": 766,
            "right": 618
        },
        "type": "text",
        "id": 18,
        "isClick": false,
        "content": "&"
    },
    {
        "location": {
            "left": 639,
            "top": 726,
            "bottom": 766,
            "right": 724
        },
        "type": "text",
        "id": 19,
        "isClick": false,
        "content": "Find"
    },
    {
        "location": {
            "left": 743,
            "top": 724,
            "bottom": 766,
            "right": 852
        },
        "type": "text",
        "id": 20,
        "isClick": false,
        "content": "What"
    },
    {
        "location": {
            "left": 869,
            "top": 728,
            "bottom": 765,
            "right": 968
        },
        "type": "text",
        "id": 21,
        "isClick": false,
        "content": "Your"
    },
    {
        "location": {
            "left": 655,
            "top": 779,
            "bottom": 835,
            "right": 821
        },
        "type": "text",
        "id": 22,
        "isClick": false,
        "content": "Looking"
    },
    {
        "location": {
            "left": 840,
            "top": 783,
            "bottom": 822,
            "right": 909
        },
        "type": "text",
        "id": 23,
        "isClick": false,
        "content": "For"
    },
    {
        "location": {
            "left": 656,
            "top": 824,
            "bottom": 867,
            "right": 897
        },
        "type": "text",
        "id": 24,
        "isClick": false,
        "content": "search.yahoo.com"
    },
    {
        "location": {
            "left": 54,
            "top": 928,
            "bottom": 969,
            "right": 197
        },
        "type": "text",
        "id": 25,
        "isClick": false,
        "content": "Search"
    },
    {
        "location": {
            "left": 216,
            "top": 928,
            "bottom": 969,
            "right": 381
        },
        "type": "text",
        "id": 26,
        "isClick": false,
        "content": "Results :"
    },
    {
        "location": {
            "left": 396,
            "top": 928,
            "bottom": 977,
            "right": 611
        },
        "type": "text",
        "id": 27,
        "isClick": false,
        "content": "deep fried"
    },
    {
        "location": {
            "left": 628,
            "top": 928,
            "bottom": 977,
            "right": 913
        },
        "type": "text",
        "id": 28,
        "isClick": false,
        "content": "buffalo wings"
    },
    {
        "location": {
            "left": 583,
            "top": 1441,
            "bottom": 1480,
            "right": 705
        },
        "type": "text",
        "id": 29,
        "isClick": false,
        "content": "Buffalo"
    },
    {
        "location": {
            "left": 713,
            "top": 1441,
            "bottom": 1482,
            "right": 821
        },
        "type": "text",
        "id": 30,
        "isClick": false,
        "content": "Wings"
    },
    {
        "location": {
            "left": 96,
            "top": 1441,
            "bottom": 1480,
            "right": 179
        },
        "type": "text",
        "id": 31,
        "isClick": false,
        "content": "Fried"
    },
    {
        "location": {
            "left": 194,
            "top": 1441,
            "bottom": 1482,
            "right": 431
        },
        "type": "text",
        "id": 32,
        "isClick": false,
        "content": "Buffalo Wings"
    },
    {
        "location": {
            "left": 91,
            "top": 1488,
            "bottom": 1519,
            "right": 153
        },
        "type": "text",
        "id": 33,
        "isClick": false,
        "content": "W ..."
    },
    {
        "location": {
            "left": 749,
            "top": 1545,
            "bottom": 1578,
            "right": 846
        },
        "type": "text",
        "id": 34,
        "isClick": false,
        "content": "5 by 19"
    },
    {
        "location": {
            "left": 115,
            "top": 1590,
            "bottom": 1625,
            "right": 245
        },
        "type": "text",
        "id": 35,
        "isClick": false,
        "content": "*****"
    },
    {
        "location": {
            "left": 261,
            "top": 1585,
            "bottom": 1622,
            "right": 359
        },
        "type": "text",
        "id": 36,
        "isClick": false,
        "content": "5 by 16"
    },
    {
        "location": {
            "left": 214,
            "top": 1833,
            "bottom": 1880,
            "right": 258
        },
        "type": "text",
        "id": 37,
        "isClick": false,
        "content": "V"
    }
]