[
    {
        "content": "If",
        "location": {
            "bottom": 49,
            "top": 15,
            "left": 93,
            "right": 126
        },
        "id": 0,
        "isClick": false,
        "type": "text"
    },
    {
        "content": "f",
        "location": {
            "bottom": 49,
            "top": 15,
            "left": 156,
            "right": 189
        },
        "id": 1,
        "isClick": false,
        "type": "text"
    },
    {
        "content": "WA",
        "location": {
            "bottom": 51,
            "top": 10,
            "left": 726,
            "right": 753
        },
        "id": 2,
        "isClick": false,
        "type": "text"
    },
    {
        "content": "5:24",
        "location": {
            "bottom": 48,
            "top": 17,
            "left": 980,
            "right": 1057
        },
        "id": 3,
        "isClick": false,
        "type": "text"
    },
    {
        "content": "W",
        "location": {
            "bottom": 38,
            "top": 33,
            "left": 353,
            "right": 370
        },
        "id": 4,
        "isClick": false,
        "type": "text"
    },
    {
        "content": "BabyLife",
        "location": {
            "bottom": 176,
            "top": 114,
            "left": 192,
            "right": 441
        },
        "id": 5,
        "isClick": false,
        "type": "text"
    },
    {
        "content": "\u0426\u0435\u043b\u0438",
        "location": {
            "bottom": 281,
            "top": 225,
            "left": 316,
            "right": 461
        },
        "id": 6,
        "isClick": false,
        "type": "text"
    },
    {
        "content": "\u043f\u0440\u0438\u043a\u043e\u0440\u043c\u0430",
        "location": {
            "bottom": 289,
            "top": 233,
            "left": 478,
            "right": 767
        },
        "id": 7,
        "isClick": false,
        "type": "text"
    },
    {
        "content": "\u043e\u0431\u043e\u0433\u0430\u0449\u0435\u043d\u0438\u0435",
        "location": {
            "bottom": 399,
            "top": 350,
            "left": 128,
            "right": 411
        },
        "id": 8,
        "isClick": false,
        "type": "text"
    },
    {
        "content": "\u0440\u0430\u0446\u0438\u043e\u043d\u0430",
        "location": {
            "bottom": 401,
            "top": 361,
            "left": 428,
            "right": 629
        },
        "id": 9,
        "isClick": false,
        "type": "text"
    },
    {
        "content": "\u043f\u0438\u0442\u0430\u0442\u0435\u043b\u044c\u043d\u044b\u043c\u0438",
        "location": {
            "bottom": 393,
            "top": 361,
            "left": 646,
            "right": 995
        },
        "id": 10,
        "isClick": false,
        "type": "text"
    },
    {
        "content": "\u0432\u0435\u0449\u0435\u0441\u0442\u0432\u0430\u043c\u0438 ;",
        "location": {
            "bottom": 458,
            "top": 424,
            "left": 128,
            "right": 427
        },
        "id": 11,
        "isClick": false,
        "type": "text"
    },
    {
        "content": "\u2022",
        "location": {
            "bottom": 506,
            "top": 488,
            "left": 77,
            "right": 92
        },
        "id": 12,
        "isClick": false,
        "type": "text"
    },
    {
        "content": "\u043f\u0440\u0438\u0443\u0447\u0435\u043d\u0438\u0435",
        "location": {
            "bottom": 523,
            "top": 481,
            "left": 129,
            "right": 382
        },
        "id": 13,
        "isClick": false,
        "type": "text"
    },
    {
        "content": "\u0440\u0435\u0431\u0435\u043d\u043a\u0430",
        "location": {
            "bottom": 521,
            "top": 468,
            "left": 399,
            "right": 588
        },
        "id": 14,
        "isClick": false,
        "type": "text"
    },
    {
        "content": "\u043a",
        "location": {
            "bottom": 513,
            "top": 481,
            "left": 603,
            "right": 626
        },
        "id": 15,
        "isClick": false,
        "type": "text"
    },
    {
        "content": "\u0442\u0432\u0435\u0440\u0434\u043e\u0439",
        "location": {
            "bottom": 520,
            "top": 473,
            "left": 643,
            "right": 828
        },
        "id": 16,
        "isClick": false,
        "type": "text"
    },
    {
        "content": "\u043f\u0438\u0449\u0435 ;",
        "location": {
            "bottom": 519,
            "top": 481,
            "left": 849,
            "right": 984
        },
        "id": 17,
        "isClick": false,
        "type": "text"
    },
    {
        "content": "\u2022",
        "location": {
            "bottom": 569,
            "top": 546,
            "left": 79,
            "right": 94
        },
        "id": 18,
        "isClick": false,
        "type": "text"
    },
    {
        "content": "\u043f\u043e\u0441\u0442\u0435\u043f\u0435\u043d\u043d\u043e\u0435",
        "location": {
            "bottom": 577,
            "top": 545,
            "left": 129,
            "right": 425
        },
        "id": 19,
        "isClick": false,
        "type": "text"
    },
    {
        "content": "\u0432\u044b\u0442\u0435\u0441\u043d\u0435\u043d\u0438\u0435",
        "location": {
            "bottom": 577,
            "top": 545,
            "left": 443,
            "right": 722
        },
        "id": 20,
        "isClick": false,
        "type": "text"
    },
    {
        "content": "\u0433\u0440\u0443\u0434\u043d\u044b\u0445",
        "location": {
            "bottom": 585,
            "top": 545,
            "left": 741,
            "right": 937
        },
        "id": 21,
        "isClick": false,
        "type": "text"
    },
    {
        "content": "\u043a\u043e\u0440\u043c\u043b\u0435\u043d\u0438\u0439",
        "location": {
            "bottom": 645,
            "top": 593,
            "left": 127,
            "right": 385
        },
        "id": 22,
        "isClick": false,
        "type": "text"
    },
    {
        "content": ";",
        "location": {
            "bottom": 641,
            "top": 595,
            "left": 381,
            "right": 395
        },
        "id": 23,
        "isClick": false,
        "type": "text"
    },
    {
        "content": "\u2022",
        "location": {
            "bottom": 688,
            "top": 666,
            "left": 78,
            "right": 94
        },
        "id": 24,
        "isClick": false,
        "type": "text"
    },
    {
        "content": "\u0431\u0435\u0437\u0431\u043e\u043b\u0435\u0437\u043d\u0435\u043d\u043d\u043e\u0435",
        "location": {
            "bottom": 697,
            "top": 646,
            "left": 127,
            "right": 502
        },
        "id": 25,
        "isClick": false,
        "type": "text"
    },
    {
        "content": "\u043f\u0440\u0435\u043a\u0440\u0430\u0449\u0435\u043d\u0438\u0435",
        "location": {
            "bottom": 705,
            "top": 665,
            "left": 519,
            "right": 838
        },
        "id": 26,
        "isClick": false,
        "type": "text"
    },
    {
        "content": "\u043a\u043e\u0440\u043c\u043b\u0435\u043d\u0438\u044f",
        "location": {
            "bottom": 768,
            "top": 721,
            "left": 127,
            "right": 381
        },
        "id": 27,
        "isClick": false,
        "type": "text"
    },
    {
        "content": "\u0440\u0435\u0431\u0435\u043d\u043a\u0430",
        "location": {
            "bottom": 766,
            "top": 712,
            "left": 399,
            "right": 587
        },
        "id": 28,
        "isClick": false,
        "type": "text"
    },
    {
        "content": "\u0433\u0440\u0443\u0434\u044c\u044e ;",
        "location": {
            "bottom": 765,
            "top": 721,
            "left": 604,
            "right": 779
        },
        "id": 29,
        "isClick": false,
        "type": "text"
    },
    {
        "content": "\u2022",
        "location": {
            "bottom": 809,
            "top": 789,
            "left": 79,
            "right": 94
        },
        "id": 30,
        "isClick": false,
        "type": "text"
    },
    {
        "content": "\u043e\u0431\u0443\u0447\u0435\u043d\u0438\u0435",
        "location": {
            "bottom": 827,
            "top": 764,
            "left": 128,
            "right": 347
        },
        "id": 31,
        "isClick": false,
        "type": "text"
    },
    {
        "content": "\u0440\u0435\u0431\u0435\u043d\u043a\u0430",
        "location": {
            "bottom": 827,
            "top": 764,
            "left": 364,
            "right": 553
        },
        "id": 32,
        "isClick": false,
        "type": "text"
    },
    {
        "content": "\u0435\u0434\u0435",
        "location": {
            "bottom": 825,
            "top": 764,
            "left": 569,
            "right": 641
        },
        "id": 33,
        "isClick": false,
        "type": "text"
    },
    {
        "content": "\u0438\u0437 \u043b\u043e\u0436\u0435\u0447\u043a\u0438 ;",
        "location": {
            "bottom": 821,
            "top": 764,
            "left": 659,
            "right": 934
        },
        "id": 34,
        "isClick": false,
        "type": "text"
    },
    {
        "content": "\u043e\u0431\u0443\u0447\u0435\u043d\u0438\u0435",
        "location": {
            "bottom": 885,
            "top": 826,
            "left": 128,
            "right": 347
        },
        "id": 35,
        "isClick": false,
        "type": "text"
    },
    {
        "content": "\u043f\u0438\u0442\u044c\u044f",
        "location": {
            "bottom": 874,
            "top": 826,
            "left": 366,
            "right": 499
        },
        "id": 36,
        "isClick": false,
        "type": "text"
    },
    {
        "content": "\u0438\u0437",
        "location": {
            "bottom": 874,
            "top": 841,
            "left": 516,
            "right": 567
        },
        "id": 37,
        "isClick": false,
        "type": "text"
    },
    {
        "content": "\u0447\u0430\u0448\u043a\u0438 .",
        "location": {
            "bottom": 875,
            "top": 841,
            "left": 584,
            "right": 747
        },
        "id": 38,
        "isClick": false,
        "type": "text"
    }
]