[
    {
        "content": "5:24",
        "location": {
            "bottom": 49,
            "top": 17,
            "left": 978,
            "right": 1057
        },
        "id": 0,
        "isClick": false,
        "type": "text"
    },
    {
        "content": "W",
        "location": {
            "bottom": 38,
            "top": 33,
            "left": 353,
            "right": 371
        },
        "id": 1,
        "isClick": false,
        "type": "text"
    },
    {
        "content": "BabyLife",
        "location": {
            "bottom": 177,
            "top": 113,
            "left": 191,
            "right": 443
        },
        "id": 2,
        "isClick": false,
        "type": "text"
    },
    {
        "content": "\u041a\u0430\u0442\u0435\u0433\u043e\u0440\u0438\u0438",
        "location": {
            "bottom": 177,
            "top": 116,
            "left": 495,
            "right": 815
        },
        "id": 3,
        "isClick": false,
        "type": "text"
    },
    {
        "content": "\u0412\u0432\u043e\u0434\u0438\u043c",
        "location": {
            "bottom": 286,
            "top": 241,
            "left": 68,
            "right": 280
        },
        "id": 4,
        "isClick": false,
        "type": "text"
    },
    {
        "content": "\u043f\u0440\u0438\u043a\u043e\u0440\u043c",
        "location": {
            "bottom": 289,
            "top": 243,
            "left": 300,
            "right": 540
        },
        "id": 5,
        "isClick": false,
        "type": "text"
    },
    {
        "content": "\u0412\u0432\u043e\u0434\u0438\u043c",
        "location": {
            "bottom": 343,
            "top": 302,
            "left": 74,
            "right": 236
        },
        "id": 6,
        "isClick": false,
        "type": "text"
    },
    {
        "content": "\u043f\u0440\u0438\u043a\u043e\u0440\u043c",
        "location": {
            "bottom": 344,
            "top": 305,
            "left": 248,
            "right": 437
        },
        "id": 7,
        "isClick": false,
        "type": "text"
    },
    {
        "content": "\u0412\u043e\u0441\u0441\u0442\u0430\u043d\u043e\u0432\u0438\u0442\u0435\u043b\u044c\u043d\u0430\u044f",
        "location": {
            "bottom": 476,
            "top": 434,
            "left": 76,
            "right": 613
        },
        "id": 8,
        "isClick": false,
        "type": "text"
    },
    {
        "content": "\u0433\u0438\u043c\u043d\u0430\u0441\u0442\u0438\u043a\u0430",
        "location": {
            "bottom": 542,
            "top": 505,
            "left": 75,
            "right": 401
        },
        "id": 9,
        "isClick": false,
        "type": "text"
    },
    {
        "content": "\u043f\u043e\u0441\u043b\u0435",
        "location": {
            "bottom": 542,
            "top": 505,
            "left": 419,
            "right": 571
        },
        "id": 10,
        "isClick": false,
        "type": "text"
    },
    {
        "content": "\u0440\u043e\u0434\u043e\u0432",
        "location": {
            "bottom": 551,
            "top": 505,
            "left": 589,
            "right": 745
        },
        "id": 11,
        "isClick": false,
        "type": "text"
    },
    {
        "content": "PRO .",
        "location": {
            "bottom": 529,
            "top": 497,
            "left": 920,
            "right": 1002
        },
        "id": 12,
        "isClick": false,
        "type": "text"
    },
    {
        "content": "\u0412\u043e\u0441\u0441\u0442\u0430\u043d\u043e\u0432\u0438\u0442\u0435\u043b\u044c\u043d\u0430\u044f \u0433\u0438\u043c\u043d\u0430\u0441\u0442\u0438\u043a\u0430",
        "location": {
            "bottom": 601,
            "top": 563,
            "left": 75,
            "right": 761
        },
        "id": 13,
        "isClick": false,
        "type": "text"
    },
    {
        "content": "\u043f\u043e\u0441\u043b\u0435",
        "location": {
            "bottom": 601,
            "top": 569,
            "left": 776,
            "right": 894
        },
        "id": 14,
        "isClick": false,
        "type": "text"
    },
    {
        "content": "\u0440\u043e\u0434\u043e\u0432",
        "location": {
            "bottom": 655,
            "top": 620,
            "left": 74,
            "right": 193
        },
        "id": 15,
        "isClick": false,
        "type": "text"
    },
    {
        "content": "\u0414\u0435\u0442\u0441\u043a\u043e\u0435",
        "location": {
            "bottom": 799,
            "top": 746,
            "left": 73,
            "right": 285
        },
        "id": 16,
        "isClick": false,
        "type": "text"
    },
    {
        "content": "\u043c\u0435\u043d\u044e",
        "location": {
            "bottom": 792,
            "top": 753,
            "left": 303,
            "right": 455
        },
        "id": 17,
        "isClick": false,
        "type": "text"
    },
    {
        "content": "\u0414\u0435\u0442\u0441\u043a\u043e\u0435",
        "location": {
            "bottom": 853,
            "top": 811,
            "left": 74,
            "right": 237
        },
        "id": 18,
        "isClick": false,
        "type": "text"
    },
    {
        "content": "\u043c\u0435\u043d\u044e",
        "location": {
            "bottom": 849,
            "top": 817,
            "left": 252,
            "right": 369
        },
        "id": 19,
        "isClick": false,
        "type": "text"
    },
    {
        "content": "\u0415\u0436\u0435\u0434\u043d\u0435\u0432\u043d\u0430\u044f",
        "location": {
            "bottom": 997,
            "top": 945,
            "left": 76,
            "right": 411
        },
        "id": 20,
        "isClick": false,
        "type": "text"
    },
    {
        "content": "\u0433\u0438\u0433\u0438\u0435\u043d\u0430",
        "location": {
            "bottom": 987,
            "top": 953,
            "left": 426,
            "right": 645
        },
        "id": 21,
        "isClick": false,
        "type": "text"
    },
    {
        "content": "\u0440\u0435\u0431\u0435\u043d\u043a\u0430",
        "location": {
            "bottom": 999,
            "top": 942,
            "left": 664,
            "right": 883
        },
        "id": 22,
        "isClick": false,
        "type": "text"
    },
    {
        "content": "\u0415\u0436\u0435\u0434\u043d\u0435\u0432\u043d\u0430\u044f \u0433\u0438\u0433\u0438\u0435\u043d\u0430",
        "location": {
            "bottom": 1053,
            "top": 1009,
            "left": 75,
            "right": 517
        },
        "id": 23,
        "isClick": false,
        "type": "text"
    },
    {
        "content": "\u0440\u0435\u0431\u0435\u043d\u043a\u0430",
        "location": {
            "bottom": 1054,
            "top": 1009,
            "left": 532,
            "right": 702
        },
        "id": 24,
        "isClick": false,
        "type": "text"
    },
    {
        "content": "\u0417\u0430\u043a\u0430\u043b\u0438\u0432\u0430\u043d\u0438\u0435",
        "location": {
            "bottom": 1185,
            "top": 1143,
            "left": 76,
            "right": 435
        },
        "id": 25,
        "isClick": false,
        "type": "text"
    },
    {
        "content": "\u0417\u0430\u043a\u0430\u043b\u0438\u0432\u0430\u043d\u0438\u0435",
        "location": {
            "bottom": 1245,
            "top": 1209,
            "left": 75,
            "right": 355
        },
        "id": 26,
        "isClick": false,
        "type": "text"
    },
    {
        "content": "\u041c\u0430\u0441\u0441\u0430\u0436",
        "location": {
            "bottom": 1384,
            "top": 1342,
            "left": 75,
            "right": 285
        },
        "id": 27,
        "isClick": false,
        "type": "text"
    },
    {
        "content": "\u0438",
        "location": {
            "bottom": 1383,
            "top": 1352,
            "left": 301,
            "right": 335
        },
        "id": 28,
        "isClick": false,
        "type": "text"
    },
    {
        "content": "\u0433\u0438\u043c\u043d\u0430\u0441\u0442\u0438\u043a\u0430",
        "location": {
            "bottom": 1385,
            "top": 1351,
            "left": 353,
            "right": 679
        },
        "id": 29,
        "isClick": false,
        "type": "text"
    },
    {
        "content": "\u041c\u0430\u0441\u0441\u0430\u0436",
        "location": {
            "bottom": 1441,
            "top": 1409,
            "left": 75,
            "right": 240
        },
        "id": 30,
        "isClick": false,
        "type": "text"
    },
    {
        "content": "\u0438",
        "location": {
            "bottom": 1441,
            "top": 1416,
            "left": 252,
            "right": 279
        },
        "id": 31,
        "isClick": false,
        "type": "text"
    },
    {
        "content": "\u0433\u0438\u043c\u043d\u0430\u0441\u0442\u0438\u043a\u0430",
        "location": {
            "bottom": 1441,
            "top": 1416,
            "left": 293,
            "right": 547
        },
        "id": 32,
        "isClick": false,
        "type": "text"
    },
    {
        "content": "\u041e\u0441\u043e\u0431\u0435\u043d\u043d\u043e\u0441\u0442\u0438",
        "location": {
            "bottom": 1585,
            "top": 1538,
            "left": 76,
            "right": 429
        },
        "id": 33,
        "isClick": false,
        "type": "text"
    },
    {
        "content": "\u043f\u0438\u0442\u0430\u043d\u0438\u044f",
        "location": {
            "bottom": 1585,
            "top": 1545,
            "left": 445,
            "right": 682
        },
        "id": 34,
        "isClick": false,
        "type": "text"
    },
    {
        "content": "\u043a\u043e\u0440\u043c\u044f\u0449\u0438\u0445",
        "location": {
            "bottom": 1659,
            "top": 1609,
            "left": 73,
            "right": 361
        },
        "id": 35,
        "isClick": false,
        "type": "text"
    },
    {
        "content": "\u043c\u0430\u043c",
        "location": {
            "bottom": 1649,
            "top": 1611,
            "left": 377,
            "right": 491
        },
        "id": 36,
        "isClick": false,
        "type": "text"
    },
    {
        "content": "\u041e\u0441\u043e\u0431\u0435\u043d\u043d\u043e\u0441\u0442\u0438",
        "location": {
            "bottom": 1705,
            "top": 1669,
            "left": 75,
            "right": 351
        },
        "id": 37,
        "isClick": false,
        "type": "text"
    },
    {
        "content": "\u043f\u0438\u0442\u0430\u043d\u0438\u044f",
        "location": {
            "bottom": 1705,
            "top": 1673,
            "left": 365,
            "right": 549
        },
        "id": 38,
        "isClick": false,
        "type": "text"
    },
    {
        "content": "\u043a\u043e\u0440\u043c\u044f\u0449\u0438\u0445",
        "location": {
            "bottom": 1714,
            "top": 1673,
            "left": 561,
            "right": 784
        },
        "id": 39,
        "isClick": false,
        "type": "text"
    },
    {
        "content": "\u043c\u0430\u043c",
        "location": {
            "bottom": 1705,
            "top": 1674,
            "left": 797,
            "right": 884
        },
        "id": 40,
        "isClick": false,
        "type": "text"
    }
]