[
    {
        "content": "$",
        "location": {
            "bottom": 47,
            "top": 11,
            "left": 350,
            "right": 370
        },
        "id": 0,
        "isClick": false,
        "type": "text"
    },
    {
        "content": "$",
        "location": {
            "bottom": 48,
            "top": 11,
            "left": 414,
            "right": 436
        },
        "id": 1,
        "isClick": false,
        "type": "text"
    },
    {
        "content": "$",
        "location": {
            "bottom": 51,
            "top": 11,
            "left": 664,
            "right": 688
        },
        "id": 2,
        "isClick": false,
        "type": "text"
    },
    {
        "content": "$",
        "location": {
            "bottom": 48,
            "top": 10,
            "left": 728,
            "right": 752
        },
        "id": 3,
        "isClick": false,
        "type": "text"
    },
    {
        "content": "5:25",
        "location": {
            "bottom": 49,
            "top": 17,
            "left": 980,
            "right": 1057
        },
        "id": 4,
        "isClick": false,
        "type": "text"
    },
    {
        "content": "\u0427\u0430\u0442",
        "location": {
            "bottom": 162,
            "top": 117,
            "left": 237,
            "right": 348
        },
        "id": 5,
        "isClick": false,
        "type": "text"
    },
    {
        "content": "\ubc94",
        "location": {
            "bottom": 313,
            "top": 213,
            "left": 439,
            "right": 469
        },
        "id": 6,
        "isClick": false,
        "type": "text"
    },
    {
        "content": "Cto",
        "location": {
            "bottom": 548,
            "top": 465,
            "left": 382,
            "right": 471
        },
        "id": 7,
        "isClick": false,
        "type": "text"
    },
    {
        "content": "10",
        "location": {
            "bottom": 1185,
            "top": 1073,
            "left": 53,
            "right": 163
        },
        "id": 8,
        "isClick": false,
        "type": "text"
    },
    {
        "content": "G",
        "location": {
            "bottom": 1327,
            "top": 1256,
            "left": 398,
            "right": 480
        },
        "id": 9,
        "isClick": false,
        "type": "text"
    },
    {
        "content": "\uc774",
        "location": {
            "bottom": 1421,
            "top": 1327,
            "left": 955,
            "right": 1048
        },
        "id": 10,
        "isClick": false,
        "type": "text"
    },
    {
        "content": "DE",
        "location": {
            "bottom": 1777,
            "top": 1667,
            "left": 12,
            "right": 119
        },
        "id": 11,
        "isClick": false,
        "type": "text"
    },
    {
        "content": "ED",
        "location": {
            "bottom": 1774,
            "top": 1667,
            "left": 803,
            "right": 906
        },
        "id": 12,
        "isClick": false,
        "type": "text"
    }
]