[
    {
        "content": "$",
        "location": {
            "bottom": 46,
            "top": 11,
            "left": 350,
            "right": 372
        },
        "id": 0,
        "isClick": false,
        "type": "text"
    },
    {
        "content": "$",
        "location": {
            "bottom": 45,
            "top": 10,
            "left": 668,
            "right": 688
        },
        "id": 1,
        "isClick": false,
        "type": "text"
    },
    {
        "content": "$",
        "location": {
            "bottom": 45,
            "top": 10,
            "left": 730,
            "right": 750
        },
        "id": 2,
        "isClick": false,
        "type": "text"
    },
    {
        "content": "5:27",
        "location": {
            "bottom": 50,
            "top": 17,
            "left": 978,
            "right": 1056
        },
        "id": 3,
        "isClick": false,
        "type": "text"
    },
    {
        "content": "BabyLife",
        "location": {
            "bottom": 196,
            "top": 115,
            "left": 360,
            "right": 723
        },
        "id": 4,
        "isClick": false,
        "type": "text"
    },
    {
        "content": "\u043c\u0430\u043c\u0438\u043d",
        "location": {
            "bottom": 220,
            "top": 199,
            "left": 406,
            "right": 524
        },
        "id": 5,
        "isClick": false,
        "type": "text"
    },
    {
        "content": "\u0434\u043d\u0435\u0432\u043d\u0438\u043a",
        "location": {
            "bottom": 225,
            "top": 194,
            "left": 540,
            "right": 692
        },
        "id": 6,
        "isClick": false,
        "type": "text"
    },
    {
        "content": "C \u0441",
        "location": {
            "bottom": 333,
            "top": 304,
            "left": 198,
            "right": 213
        },
        "id": 7,
        "isClick": false,
        "type": "text"
    },
    {
        "content": "\u0410",
        "location": {
            "bottom": 391,
            "top": 355,
            "left": 154,
            "right": 175
        },
        "id": 8,
        "isClick": false,
        "type": "text"
    },
    {
        "content": ")",
        "location": {
            "bottom": 390,
            "top": 361,
            "left": 190,
            "right": 196
        },
        "id": 9,
        "isClick": false,
        "type": "text"
    },
    {
        "content": "\u0412",
        "location": {
            "bottom": 390,
            "top": 360,
            "left": 231,
            "right": 252
        },
        "id": 10,
        "isClick": false,
        "type": "text"
    },
    {
        "content": "\u041a\u0410\u0422\u0415\u0413\u041e\u0420\u0418\u0418",
        "location": {
            "bottom": 542,
            "top": 513,
            "left": 98,
            "right": 314
        },
        "id": 11,
        "isClick": false,
        "type": "text"
    },
    {
        "content": "\u041f\u041e",
        "location": {
            "bottom": 541,
            "top": 513,
            "left": 415,
            "right": 465
        },
        "id": 12,
        "isClick": false,
        "type": "text"
    },
    {
        "content": "\u041c\u0415\u0421\u042f\u0426\u0410\u041c",
        "location": {
            "bottom": 548,
            "top": 513,
            "left": 479,
            "right": 663
        },
        "id": 13,
        "isClick": false,
        "type": "text"
    },
    {
        "content": "\u0418\u0417\u0411\u0420\u0410\u041d\u041d\u041e\u0415",
        "location": {
            "bottom": 543,
            "top": 513,
            "left": 762,
            "right": 983
        },
        "id": 14,
        "isClick": false,
        "type": "text"
    },
    {
        "content": "Baby",
        "location": {
            "bottom": 703,
            "top": 649,
            "left": 461,
            "right": 613
        },
        "id": 15,
        "isClick": false,
        "type": "text"
    },
    {
        "content": "Life",
        "location": {
            "bottom": 742,
            "top": 695,
            "left": 485,
            "right": 592
        },
        "id": 16,
        "isClick": false,
        "type": "text"
    },
    {
        "content": "PRO",
        "location": {
            "bottom": 800,
            "top": 742,
            "left": 481,
            "right": 614
        },
        "id": 17,
        "isClick": false,
        "type": "text"
    },
    {
        "content": "\u0414\u041d\u0415\u0412\u041d\u0418\u041a",
        "location": {
            "bottom": 923,
            "top": 892,
            "left": 115,
            "right": 294
        },
        "id": 18,
        "isClick": false,
        "type": "text"
    },
    {
        "content": "\u0412\u0415\u0420\u0421\u0418\u042f PRO",
        "location": {
            "bottom": 921,
            "top": 890,
            "left": 429,
            "right": 647
        },
        "id": 19,
        "isClick": false,
        "type": "text"
    },
    {
        "content": "\u041f\u041e\u0418\u0421\u041a",
        "location": {
            "bottom": 921,
            "top": 891,
            "left": 809,
            "right": 937
        },
        "id": 20,
        "isClick": false,
        "type": "text"
    },
    {
        "content": "\u041f\u043e\u0434\u0435\u043b\u0438\u0442\u044c\u0441\u044f",
        "location": {
            "bottom": 1097,
            "top": 1059,
            "left": 45,
            "right": 272
        },
        "id": 21,
        "isClick": false,
        "type": "text"
    },
    {
        "content": "f",
        "location": {
            "bottom": 1286,
            "top": 1201,
            "left": 178,
            "right": 204
        },
        "id": 22,
        "isClick": false,
        "type": "text"
    },
    {
        "content": "\u0436",
        "location": {
            "bottom": 1278,
            "top": 1191,
            "left": 884,
            "right": 938
        },
        "id": 23,
        "isClick": false,
        "type": "text"
    },
    {
        "content": "Facebook",
        "location": {
            "bottom": 1370,
            "top": 1341,
            "left": 100,
            "right": 233
        },
        "id": 24,
        "isClick": false,
        "type": "text"
    },
    {
        "content": "Android",
        "location": {
            "bottom": 1369,
            "top": 1339,
            "left": 565,
            "right": 672
        },
        "id": 25,
        "isClick": false,
        "type": "text"
    },
    {
        "content": "Beam",
        "location": {
            "bottom": 1369,
            "top": 1341,
            "left": 687,
            "right": 761
        },
        "id": 26,
        "isClick": false,
        "type": "text"
    },
    {
        "content": "Bluetooth",
        "location": {
            "bottom": 1368,
            "top": 1339,
            "left": 847,
            "right": 977
        },
        "id": 27,
        "isClick": false,
        "type": "text"
    },
    {
        "content": "Fake GPS -",
        "location": {
            "bottom": 1371,
            "top": 1340,
            "left": 342,
            "right": 490
        },
        "id": 28,
        "isClick": false,
        "type": "text"
    },
    {
        "content": "Search location",
        "location": {
            "bottom": 1416,
            "top": 1377,
            "left": 307,
            "right": 523
        },
        "id": 29,
        "isClick": false,
        "type": "text"
    },
    {
        "content": "Messaging",
        "location": {
            "bottom": 1707,
            "top": 1672,
            "left": 90,
            "right": 239
        },
        "id": 30,
        "isClick": false,
        "type": "text"
    }
]