[
    {
        "id": 0,
        "location": {
            "right": 805,
            "left": 773,
            "top": 633,
            "bottom": 771
        },
        "content": "Smooth",
        "isClick": true,
        "type": "text"
    },
    {
        "id": 1,
        "location": {
            "right": 802,
            "left": 772,
            "top": 941,
            "bottom": 1043
        },
        "content": "Moon",
        "isClick": false,
        "type": "text"
    },
    {
        "id": 2,
        "location": {
            "right": 802,
            "left": 772,
            "top": 1232,
            "bottom": 1327
        },
        "content": "Grass",
        "isClick": false,
        "type": "text"
    },
    {
        "id": 3,
        "location": {
            "right": 801,
            "left": 772,
            "top": 1533,
            "bottom": 1611
        },
        "content": "Lava",
        "isClick": false,
        "type": "text"
    },
    {
        "id": 4,
        "location": {
            "right": 515,
            "left": 475,
            "top": 642,
            "bottom": 751
        },
        "content": "Crispy",
        "isClick": false,
        "type": "text"
    },
    {
        "id": 5,
        "location": {
            "right": 512,
            "left": 482,
            "top": 932,
            "bottom": 1047
        },
        "content": "Desert",
        "isClick": false,
        "type": "text"
    },
    {
        "id": 6,
        "location": {
            "right": 513,
            "left": 483,
            "top": 1192,
            "bottom": 1265
        },
        "content": "Dead",
        "isClick": false,
        "type": "text"
    },
    {
        "id": 7,
        "location": {
            "right": 512,
            "left": 485,
            "top": 1278,
            "bottom": 1326
        },
        "content": "Sea",
        "isClick": false,
        "type": "text"
    },
    {
        "id": 8,
        "location": {
            "right": 514,
            "left": 485,
            "top": 1339,
            "bottom": 1404
        },
        "content": "Mud",
        "isClick": false,
        "type": "text"
    },
    {
        "id": 9,
        "location": {
            "right": 514,
            "left": 475,
            "top": 1511,
            "bottom": 1634
        },
        "content": "Stoney",
        "isClick": false,
        "type": "text"
    },
    {
        "id": 10,
        "location": {
            "right": 340,
            "left": 274,
            "top": 32,
            "bottom": 207
        },
        "content": "Hello",
        "isClick": false,
        "type": "text"
    },
    {
        "id": 11,
        "location": {
            "right": 335,
            "left": 278,
            "top": 216,
            "bottom": 231
        },
        "content": "!",
        "isClick": false,
        "type": "text"
    },
    {
        "id": 12,
        "location": {
            "right": 226,
            "left": 187,
            "top": 631,
            "bottom": 764
        },
        "content": "Regular",
        "isClick": false,
        "type": "text"
    },
    {
        "id": 13,
        "location": {
            "right": 224,
            "left": 194,
            "top": 938,
            "bottom": 1042
        },
        "content": "White",
        "isClick": false,
        "type": "text"
    },
    {
        "id": 14,
        "location": {
            "right": 226,
            "left": 195,
            "top": 1210,
            "bottom": 1350
        },
        "content": "Cracked",
        "isClick": false,
        "type": "text"
    },
    {
        "id": 15,
        "location": {
            "right": 224,
            "left": 194,
            "top": 1534,
            "bottom": 1615
        },
        "content": "Mars",
        "isClick": false,
        "type": "text"
    },
    {
        "id": 16,
        "location": {
            "right": 191,
            "left": 123,
            "top": 29,
            "bottom": 264
        },
        "content": "Choose",
        "isClick": false,
        "type": "text"
    },
    {
        "id": 17,
        "location": {
            "right": 104,
            "left": 43,
            "top": 28,
            "bottom": 199
        },
        "content": "Your",
        "isClick": false,
        "type": "text"
    },
    {
        "id": 18,
        "location": {
            "right": 109,
            "left": 42,
            "top": 237,
            "bottom": 413
        },
        "content": "Sand",
        "isClick": false,
        "type": "text"
    },
    {
        "id": 19,
        "location": {
            "right": 108,
            "left": 47,
            "top": 428,
            "bottom": 453
        },
        "content": "..",
        "isClick": false,
        "type": "text"
    }
]