[
    {
        "location": {
            "left": 280,
            "top": 10,
            "bottom": 25,
            "right": 318
        },
        "type": "text",
        "id": 0,
        "isClick": false,
        "content": "FAK"
    },
    {
        "location": {
            "left": 978,
            "top": 17,
            "bottom": 50,
            "right": 1056
        },
        "type": "text",
        "id": 1,
        "isClick": false,
        "content": "6:09"
    },
    {
        "location": {
            "left": 281,
            "top": 193,
            "bottom": 265,
            "right": 486
        },
        "type": "text",
        "id": 2,
        "isClick": false,
        "content": "Allow"
    },
    {
        "location": {
            "left": 513,
            "top": 202,
            "bottom": 279,
            "right": 798
        },
        "type": "text",
        "id": 3,
        "isClick": false,
        "content": "storage"
    },
    {
        "location": {
            "left": 332,
            "top": 296,
            "bottom": 375,
            "right": 747
        },
        "type": "text",
        "id": 4,
        "isClick": false,
        "content": "permission"
    },
    {
        "location": {
            "left": 459,
            "top": 856,
            "bottom": 911,
            "right": 620
        },
        "type": "text",
        "id": 5,
        "isClick": false,
        "content": "Regram"
    },
    {
        "location": {
            "left": 65,
            "top": 1281,
            "bottom": 1321,
            "right": 248
        },
        "type": "text",
        "id": 6,
        "isClick": false,
        "content": "REGRAM"
    },
    {
        "location": {
            "left": 267,
            "top": 1281,
            "bottom": 1329,
            "right": 553
        },
        "type": "text",
        "id": 7,
        "isClick": false,
        "content": "automatically"
    },
    {
        "location": {
            "left": 568,
            "top": 1289,
            "bottom": 1321,
            "right": 663
        },
        "type": "text",
        "id": 8,
        "isClick": false,
        "content": "save"
    },
    {
        "location": {
            "left": 678,
            "top": 1281,
            "bottom": 1321,
            "right": 743
        },
        "type": "text",
        "id": 9,
        "isClick": false,
        "content": "the"
    },
    {
        "location": {
            "left": 760,
            "top": 1281,
            "bottom": 1321,
            "right": 1016
        },
        "type": "text",
        "id": 10,
        "isClick": false,
        "content": "downloaded"
    },
    {
        "location": {
            "left": 90,
            "top": 1337,
            "bottom": 1386,
            "right": 231
        },
        "type": "text",
        "id": 11,
        "isClick": false,
        "content": "photos"
    },
    {
        "location": {
            "left": 250,
            "top": 1338,
            "bottom": 1377,
            "right": 323
        },
        "type": "text",
        "id": 12,
        "isClick": false,
        "content": "and"
    },
    {
        "location": {
            "left": 340,
            "top": 1337,
            "bottom": 1377,
            "right": 475
        },
        "type": "text",
        "id": 13,
        "isClick": false,
        "content": "videos"
    },
    {
        "location": {
            "left": 492,
            "top": 1340,
            "bottom": 1377,
            "right": 531
        },
        "type": "text",
        "id": 14,
        "isClick": false,
        "content": "to"
    },
    {
        "location": {
            "left": 548,
            "top": 1345,
            "bottom": 1387,
            "right": 637
        },
        "type": "text",
        "id": 15,
        "isClick": false,
        "content": "your"
    },
    {
        "location": {
            "left": 654,
            "top": 1338,
            "bottom": 1387,
            "right": 797
        },
        "type": "text",
        "id": 16,
        "isClick": false,
        "content": "gallery ,"
    },
    {
        "location": {
            "left": 814,
            "top": 1340,
            "bottom": 1377,
            "right": 863
        },
        "type": "text",
        "id": 17,
        "isClick": false,
        "content": "To"
    },
    {
        "location": {
            "left": 882,
            "top": 1337,
            "bottom": 1377,
            "right": 991
        },
        "type": "text",
        "id": 18,
        "isClick": false,
        "content": "show"
    },
    {
        "location": {
            "left": 97,
            "top": 1401,
            "bottom": 1441,
            "right": 169
        },
        "type": "text",
        "id": 19,
        "isClick": false,
        "content": "you"
    },
    {
        "location": {
            "left": 185,
            "top": 1393,
            "bottom": 1433,
            "right": 302
        },
        "type": "text",
        "id": 20,
        "isClick": false,
        "content": "those"
    },
    {
        "location": {
            "left": 322,
            "top": 1393,
            "bottom": 1440,
            "right": 703
        },
        "type": "text",
        "id": 21,
        "isClick": false,
        "content": "photos , videos and"
    },
    {
        "location": {
            "left": 721,
            "top": 1385,
            "bottom": 1433,
            "right": 977
        },
        "type": "text",
        "id": 22,
        "isClick": false,
        "content": "downloaded"
    },
    {
        "location": {
            "left": 77,
            "top": 1446,
            "bottom": 1489,
            "right": 162
        },
        "type": "text",
        "id": 23,
        "isClick": false,
        "content": "files"
    },
    {
        "location": {
            "left": 181,
            "top": 1444,
            "bottom": 1489,
            "right": 364
        },
        "type": "text",
        "id": 24,
        "isClick": false,
        "content": "REGRAM"
    },
    {
        "location": {
            "left": 383,
            "top": 1449,
            "bottom": 1489,
            "right": 448
        },
        "type": "text",
        "id": 25,
        "isClick": false,
        "content": "will"
    },
    {
        "location": {
            "left": 468,
            "top": 1451,
            "bottom": 1489,
            "right": 565
        },
        "type": "text",
        "id": 26,
        "isClick": false,
        "content": "need"
    },
    {
        "location": {
            "left": 582,
            "top": 1457,
            "bottom": 1498,
            "right": 672
        },
        "type": "text",
        "id": 27,
        "isClick": false,
        "content": "your"
    },
    {
        "location": {
            "left": 689,
            "top": 1449,
            "bottom": 1500,
            "right": 946
        },
        "type": "text",
        "id": 28,
        "isClick": false,
        "content": "permissions"
    },
    {
        "location": {
            "left": 962,
            "top": 1456,
            "bottom": 1489,
            "right": 1001
        },
        "type": "text",
        "id": 29,
        "isClick": false,
        "content": "to"
    },
    {
        "location": {
            "left": 309,
            "top": 1507,
            "bottom": 1546,
            "right": 419
        },
        "type": "text",
        "id": 30,
        "isClick": false,
        "content": "allow"
    },
    {
        "location": {
            "left": 435,
            "top": 1514,
            "bottom": 1546,
            "right": 583
        },
        "type": "text",
        "id": 31,
        "isClick": false,
        "content": "access"
    },
    {
        "location": {
            "left": 601,
            "top": 1512,
            "bottom": 1554,
            "right": 757
        },
        "type": "text",
        "id": 32,
        "isClick": false,
        "content": "storage"
    },
    {
        "location": {
            "left": 762,
            "top": 1537,
            "bottom": 1545,
            "right": 766
        },
        "type": "text",
        "id": 33,
        "isClick": false,
        "content": "."
    },
    {
        "location": {
            "left": 107,
            "top": 1696,
            "bottom": 1727,
            "right": 194
        },
        "type": "text",
        "id": 34,
        "isClick": true,
        "content": "SKIP"
    }
]