[
    {
        "id": 0,
        "location": {
            "bottom": 39,
            "right": 169,
            "top": 9,
            "left": 12
        },
        "type": "text",
        "isClick": false,
        "content": "Mattress"
    },
    {
        "id": 1,
        "location": {
            "bottom": 39,
            "right": 259,
            "top": 8,
            "left": 184
        },
        "type": "text",
        "isClick": false,
        "content": "Sale"
    },
    {
        "id": 2,
        "location": {
            "bottom": 39,
            "right": 345,
            "top": 9,
            "left": 274
        },
        "type": "text",
        "isClick": false,
        "content": "50 %"
    },
    {
        "id": 3,
        "location": {
            "bottom": 87,
            "right": 169,
            "top": 56,
            "left": 10
        },
        "type": "text",
        "isClick": false,
        "content": "off Retail"
    },
    {
        "id": 4,
        "location": {
            "bottom": 123,
            "right": 312,
            "top": 97,
            "left": 9
        },
        "type": "text",
        "isClick": false,
        "content": "Queen Sets Start at 150.00"
    },
    {
        "id": 5,
        "location": {
            "bottom": 122,
            "right": 353,
            "top": 104,
            "left": 323
        },
        "type": "text",
        "isClick": false,
        "content": "up ."
    },
    {
        "id": 6,
        "location": {
            "bottom": 83,
            "right": 467,
            "top": 50,
            "left": 442
        },
        "type": "text",
        "isClick": false,
        "content": ">"
    },
    {
        "id": 7,
        "location": {
            "bottom": 47,
            "right": 1029,
            "top": 18,
            "left": 525
        },
        "type": "text",
        "isClick": false,
        "content": "$ 40 Down Take Home Today - No Credit"
    },
    {
        "id": 8,
        "location": {
            "bottom": 83,
            "right": 1005,
            "top": 50,
            "left": 531
        },
        "type": "text",
        "isClick": false,
        "content": "Check - While Supplies Last - Call Now"
    },
    {
        "id": 9,
        "location": {
            "bottom": 78,
            "right": 1023,
            "top": 55,
            "left": 1021
        },
        "type": "text",
        "isClick": false,
        "content": "!"
    },
    {
        "id": 10,
        "location": {
            "bottom": 109,
            "right": 941,
            "top": 85,
            "left": 612
        },
        "type": "text",
        "isClick": false,
        "content": "mattressbyappointment.com"
    },
    {
        "id": 11,
        "location": {
            "bottom": 1033,
            "right": 147,
            "top": 984,
            "left": 37
        },
        "type": "text",
        "isClick": false,
        "content": "Type"
    },
    {
        "id": 12,
        "location": {
            "bottom": 1034,
            "right": 263,
            "top": 993,
            "left": 163
        },
        "type": "text",
        "isClick": false,
        "content": "your"
    },
    {
        "id": 13,
        "location": {
            "bottom": 1033,
            "right": 489,
            "top": 993,
            "left": 280
        },
        "type": "text",
        "isClick": false,
        "content": "message"
    },
    {
        "id": 14,
        "location": {
            "bottom": 1032,
            "right": 1005,
            "top": 983,
            "left": 997
        },
        "type": "text",
        "isClick": false,
        "content": ">"
    },
    {
        "id": 15,
        "location": {
            "bottom": 1159,
            "right": 385,
            "top": 1124,
            "left": 192
        },
        "type": "text",
        "isClick": true,
        "content": "Welcome"
    },
    {
        "id": 16,
        "location": {
            "bottom": 1159,
            "right": 439,
            "top": 1128,
            "left": 400
        },
        "type": "text",
        "isClick": false,
        "content": "to"
    },
    {
        "id": 17,
        "location": {
            "bottom": 1159,
            "right": 557,
            "top": 1125,
            "left": 456
        },
        "type": "text",
        "isClick": false,
        "content": "\u00ab Live"
    },
    {
        "id": 18,
        "location": {
            "bottom": 1159,
            "right": 667,
            "top": 1124,
            "left": 574
        },
        "type": "text",
        "isClick": false,
        "content": "Chat"
    },
    {
        "id": 19,
        "location": {
            "bottom": 1159,
            "right": 885,
            "top": 1124,
            "left": 686
        },
        "type": "text",
        "isClick": false,
        "content": "Roulette \u00bb !"
    },
    {
        "id": 20,
        "location": {
            "bottom": 1645,
            "right": 869,
            "top": 1594,
            "left": 753
        },
        "type": "text",
        "isClick": false,
        "content": "stop"
    },
    {
        "id": 21,
        "location": {
            "bottom": 1832,
            "right": 871,
            "top": 1794,
            "left": 751
        },
        "type": "text",
        "isClick": false,
        "content": "start"
    }
]