[
    {
        "id": 0,
        "location": {
            "bottom": 50,
            "right": 69,
            "top": 13,
            "left": 26
        },
        "type": "text",
        "isClick": false,
        "content": "*"
    },
    {
        "id": 1,
        "location": {
            "bottom": 51,
            "right": 127,
            "top": 14,
            "left": 94
        },
        "type": "text",
        "isClick": false,
        "content": "f"
    },
    {
        "id": 2,
        "location": {
            "bottom": 51,
            "right": 189,
            "top": 14,
            "left": 156
        },
        "type": "text",
        "isClick": false,
        "content": "f"
    },
    {
        "id": 3,
        "location": {
            "bottom": 50,
            "right": 253,
            "top": 14,
            "left": 220
        },
        "type": "text",
        "isClick": false,
        "content": "f"
    },
    {
        "id": 4,
        "location": {
            "bottom": 50,
            "right": 315,
            "top": 14,
            "left": 282
        },
        "type": "text",
        "isClick": false,
        "content": "f"
    },
    {
        "id": 5,
        "location": {
            "bottom": 48,
            "right": 381,
            "top": 17,
            "left": 342
        },
        "type": "text",
        "isClick": false,
        "content": "42"
    },
    {
        "id": 6,
        "location": {
            "bottom": 49,
            "right": 445,
            "top": 17,
            "left": 406
        },
        "type": "text",
        "isClick": false,
        "content": "43"
    },
    {
        "id": 7,
        "location": {
            "bottom": 49,
            "right": 507,
            "top": 17,
            "left": 470
        },
        "type": "text",
        "isClick": false,
        "content": "46"
    },
    {
        "id": 8,
        "location": {
            "bottom": 51,
            "right": 823,
            "top": 10,
            "left": 596
        },
        "type": "text",
        "isClick": false,
        "content": "46 30"
    },
    {
        "id": 9,
        "location": {
            "bottom": 51,
            "right": 1052,
            "top": 11,
            "left": 944
        },
        "type": "text",
        "isClick": false,
        "content": "3:41"
    },
    {
        "id": 10,
        "location": {
            "bottom": 87,
            "right": 56,
            "top": 63,
            "left": 10
        },
        "type": "text",
        "isClick": false,
        "content": "off"
    },
    {
        "id": 11,
        "location": {
            "bottom": 87,
            "right": 167,
            "top": 61,
            "left": 72
        },
        "type": "text",
        "isClick": false,
        "content": "Retail"
    },
    {
        "id": 12,
        "location": {
            "bottom": 81,
            "right": 1000,
            "top": 63,
            "left": 531
        },
        "type": "text",
        "isClick": false,
        "content": "UNECK - wnie Supplies Lasi - Call NOW"
    },
    {
        "id": 13,
        "location": {
            "bottom": 78,
            "right": 1023,
            "top": 63,
            "left": 1021
        },
        "type": "text",
        "isClick": false,
        "content": "!"
    },
    {
        "id": 14,
        "location": {
            "bottom": 123,
            "right": 312,
            "top": 97,
            "left": 9
        },
        "type": "text",
        "isClick": false,
        "content": "Queen Sets Start at 150.00"
    },
    {
        "id": 15,
        "location": {
            "bottom": 123,
            "right": 353,
            "top": 104,
            "left": 323
        },
        "type": "text",
        "isClick": false,
        "content": "up ."
    },
    {
        "id": 16,
        "location": {
            "bottom": 109,
            "right": 941,
            "top": 82,
            "left": 612
        },
        "type": "text",
        "isClick": false,
        "content": "mattressbyappointment.com"
    },
    {
        "id": 17,
        "location": {
            "bottom": 1032,
            "right": 147,
            "top": 984,
            "left": 37
        },
        "type": "text",
        "isClick": false,
        "content": "Type"
    },
    {
        "id": 18,
        "location": {
            "bottom": 1033,
            "right": 263,
            "top": 993,
            "left": 163
        },
        "type": "text",
        "isClick": false,
        "content": "your"
    },
    {
        "id": 19,
        "location": {
            "bottom": 1033,
            "right": 489,
            "top": 993,
            "left": 280
        },
        "type": "text",
        "isClick": false,
        "content": "message"
    },
    {
        "id": 20,
        "location": {
            "bottom": 1031,
            "right": 1042,
            "top": 977,
            "left": 978
        },
        "type": "text",
        "isClick": false,
        "content": "V"
    },
    {
        "id": 21,
        "location": {
            "bottom": 1160,
            "right": 385,
            "top": 1125,
            "left": 193
        },
        "type": "text",
        "isClick": false,
        "content": "Welcome"
    },
    {
        "id": 22,
        "location": {
            "bottom": 1160,
            "right": 439,
            "top": 1128,
            "left": 400
        },
        "type": "text",
        "isClick": false,
        "content": "to"
    },
    {
        "id": 23,
        "location": {
            "bottom": 1160,
            "right": 558,
            "top": 1125,
            "left": 456
        },
        "type": "text",
        "isClick": false,
        "content": "\u00ab Live"
    },
    {
        "id": 24,
        "location": {
            "bottom": 1160,
            "right": 667,
            "top": 1125,
            "left": 575
        },
        "type": "text",
        "isClick": false,
        "content": "Chat"
    },
    {
        "id": 25,
        "location": {
            "bottom": 1160,
            "right": 886,
            "top": 1125,
            "left": 686
        },
        "type": "text",
        "isClick": false,
        "content": "Roulette \u00bb !"
    },
    {
        "id": 26,
        "location": {
            "bottom": 1647,
            "right": 867,
            "top": 1594,
            "left": 752
        },
        "type": "text",
        "isClick": false,
        "content": "stop"
    }
]