[
    {
        "location": {
            "left": 94,
            "top": 14,
            "bottom": 52,
            "right": 189
        },
        "type": "text",
        "id": 0,
        "isClick": false,
        "content": "ff"
    },
    {
        "location": {
            "left": 222,
            "top": 10,
            "bottom": 55,
            "right": 313
        },
        "type": "text",
        "id": 1,
        "isClick": false,
        "content": "\u6613\u6613"
    },
    {
        "location": {
            "left": 348,
            "top": 10,
            "bottom": 55,
            "right": 439
        },
        "type": "text",
        "id": 2,
        "isClick": false,
        "content": "\u6613\u6613"
    },
    {
        "location": {
            "left": 474,
            "top": 13,
            "bottom": 55,
            "right": 565
        },
        "type": "text",
        "id": 3,
        "isClick": false,
        "content": "\u6613\u6613"
    },
    {
        "location": {
            "left": 600,
            "top": 11,
            "bottom": 53,
            "right": 691
        },
        "type": "text",
        "id": 4,
        "isClick": false,
        "content": "\u6613\u6613"
    },
    {
        "location": {
            "left": 921,
            "top": 12,
            "bottom": 48,
            "right": 944
        },
        "type": "text",
        "id": 5,
        "isClick": false,
        "content": "$"
    },
    {
        "location": {
            "left": 968,
            "top": 17,
            "bottom": 48,
            "right": 1057
        },
        "type": "text",
        "id": 6,
        "isClick": false,
        "content": "12:42"
    },
    {
        "location": {
            "left": 357,
            "top": 791,
            "bottom": 831,
            "right": 472
        },
        "type": "text",
        "id": 7,
        "isClick": false,
        "content": "Allow"
    },
    {
        "location": {
            "left": 488,
            "top": 793,
            "bottom": 830,
            "right": 577
        },
        "type": "text",
        "id": 8,
        "isClick": false,
        "content": "PVN"
    },
    {
        "location": {
            "left": 593,
            "top": 793,
            "bottom": 831,
            "right": 715
        },
        "type": "text",
        "id": 9,
        "isClick": false,
        "content": "Arena"
    },
    {
        "location": {
            "left": 731,
            "top": 801,
            "bottom": 839,
            "right": 820
        },
        "type": "text",
        "id": 10,
        "isClick": false,
        "content": "map"
    },
    {
        "location": {
            "left": 356,
            "top": 847,
            "bottom": 886,
            "right": 415
        },
        "type": "text",
        "id": 11,
        "isClick": false,
        "content": "for"
    },
    {
        "location": {
            "left": 430,
            "top": 849,
            "bottom": 888,
            "right": 609
        },
        "type": "text",
        "id": 12,
        "isClick": false,
        "content": "MCPE to"
    },
    {
        "location": {
            "left": 625,
            "top": 857,
            "bottom": 888,
            "right": 770
        },
        "type": "text",
        "id": 13,
        "isClick": false,
        "content": "access"
    },
    {
        "location": {
            "left": 356,
            "top": 904,
            "bottom": 939,
            "right": 431
        },
        "type": "text",
        "id": 14,
        "isClick": false,
        "content": "this"
    },
    {
        "location": {
            "left": 448,
            "top": 904,
            "bottom": 939,
            "right": 613
        },
        "type": "text",
        "id": 15,
        "isClick": false,
        "content": "device's"
    },
    {
        "location": {
            "left": 630,
            "top": 904,
            "bottom": 939,
            "right": 789
        },
        "type": "text",
        "id": 16,
        "isClick": false,
        "content": "location"
    },
    {
        "location": {
            "left": 810,
            "top": 905,
            "bottom": 939,
            "right": 819
        },
        "type": "text",
        "id": 17,
        "isClick": false,
        "content": "?"
    },
    {
        "location": {
            "left": 227,
            "top": 1046,
            "bottom": 1074,
            "right": 237
        },
        "type": "text",
        "id": 18,
        "isClick": false,
        "content": "1"
    },
    {
        "location": {
            "left": 255,
            "top": 1044,
            "bottom": 1074,
            "right": 315
        },
        "type": "text",
        "id": 19,
        "isClick": false,
        "content": "of 2"
    },
    {
        "location": {
            "left": 542,
            "top": 1046,
            "bottom": 1074,
            "right": 631
        },
        "type": "text",
        "id": 20,
        "isClick": false,
        "content": "DENY"
    },
    {
        "location": {
            "left": 724,
            "top": 1043,
            "bottom": 1074,
            "right": 843
        },
        "type": "text",
        "id": 21,
        "isClick": true,
        "content": "ALLOW"
    },
    {
        "location": {
            "left": 100,
            "top": 1205,
            "bottom": 1357,
            "right": 908
        },
        "type": "text",
        "id": 22,
        "isClick": false,
        "content": "LOADING"
    },
    {
        "location": {
            "left": 946,
            "top": 1333,
            "bottom": 1357,
            "right": 1029
        },
        "type": "text",
        "id": 23,
        "isClick": false,
        "content": "..."
    },
    {
        "location": {
            "left": 214,
            "top": 1834,
            "bottom": 1883,
            "right": 260
        },
        "type": "text",
        "id": 24,
        "isClick": false,
        "content": "A"
    }
]