[
    {
        "location": {
            "left": 50,
            "top": 49,
            "bottom": 84,
            "right": 81
        },
        "type": "text",
        "id": 0,
        "isClick": false,
        "content": "\u0425"
    },
    {
        "location": {
            "left": 394,
            "top": 45,
            "bottom": 102,
            "right": 549
        },
        "type": "text",
        "id": 1,
        "isClick": false,
        "content": "Install"
    },
    {
        "location": {
            "left": 574,
            "top": 48,
            "bottom": 102,
            "right": 689
        },
        "type": "text",
        "id": 2,
        "isClick": false,
        "content": "Now"
    },
    {
        "location": {
            "left": 909,
            "top": 20,
            "bottom": 63,
            "right": 1066
        },
        "type": "text",
        "id": 3,
        "isClick": false,
        "content": "MOBILE"
    },
    {
        "location": {
            "left": 903,
            "top": 67,
            "bottom": 112,
            "right": 1063
        },
        "type": "text",
        "id": 4,
        "isClick": false,
        "content": "SERKL"
    },
    {
        "location": {
            "left": 775,
            "top": 214,
            "bottom": 259,
            "right": 921
        },
        "type": "text",
        "id": 5,
        "isClick": false,
        "content": "WALL"
    },
    {
        "location": {
            "left": 333,
            "top": 1433,
            "bottom": 1467,
            "right": 380
        },
        "type": "text",
        "id": 6,
        "isClick": false,
        "content": "48"
    },
    {
        "location": {
            "left": 262,
            "top": 1700,
            "bottom": 1735,
            "right": 310
        },
        "type": "text",
        "id": 7,
        "isClick": false,
        "content": "20"
    },
    {
        "location": {
            "left": 454,
            "top": 1701,
            "bottom": 1735,
            "right": 510
        },
        "type": "text",
        "id": 8,
        "isClick": false,
        "content": "30"
    },
    {
        "location": {
            "left": 661,
            "top": 1702,
            "bottom": 1737,
            "right": 709
        },
        "type": "text",
        "id": 9,
        "isClick": false,
        "content": "40"
    },
    {
        "location": {
            "left": 862,
            "top": 1702,
            "bottom": 1736,
            "right": 909
        },
        "type": "text",
        "id": 10,
        "isClick": false,
        "content": "50"
    },
    {
        "location": {
            "left": 8,
            "top": 1770,
            "bottom": 1777,
            "right": 35
        },
        "type": "text",
        "id": 11,
        "isClick": false,
        "content": "\u0410"
    },
    {
        "location": {
            "left": 8,
            "top": 1779,
            "bottom": 1786,
            "right": 34
        },
        "type": "text",
        "id": 12,
        "isClick": false,
        "content": "A"
    },
    {
        "location": {
            "left": 214,
            "top": 1834,
            "bottom": 1882,
            "right": 258
        },
        "type": "text",
        "id": 13,
        "isClick": false,
        "content": "A"
    }
]