[
    {
        "location": {
            "left": 342,
            "top": 12,
            "bottom": 24,
            "right": 374
        },
        "type": "text",
        "id": 0,
        "isClick": false,
        "content": "FAKT"
    },
    {
        "location": {
            "left": 30,
            "top": 14,
            "bottom": 51,
            "right": 255
        },
        "type": "text",
        "id": 1,
        "isClick": false,
        "content": "fff"
    },
    {
        "location": {
            "left": 296,
            "top": 12,
            "bottom": 51,
            "right": 309
        },
        "type": "text",
        "id": 2,
        "isClick": false,
        "content": "&"
    },
    {
        "location": {
            "left": 942,
            "top": 17,
            "bottom": 47,
            "right": 965
        },
        "type": "text",
        "id": 3,
        "isClick": false,
        "content": "3"
    },
    {
        "location": {
            "left": 988,
            "top": 18,
            "bottom": 47,
            "right": 1055
        },
        "type": "text",
        "id": 4,
        "isClick": false,
        "content": "1:56"
    },
    {
        "location": {
            "left": 165,
            "top": 117,
            "bottom": 168,
            "right": 463
        },
        "type": "text",
        "id": 5,
        "isClick": false,
        "content": "Q Tap to enter an"
    },
    {
        "location": {
            "left": 478,
            "top": 129,
            "bottom": 160,
            "right": 610
        },
        "type": "text",
        "id": 6,
        "isClick": false,
        "content": "URL or a"
    },
    {
        "location": {
            "left": 629,
            "top": 128,
            "bottom": 161,
            "right": 744
        },
        "type": "text",
        "id": 7,
        "isClick": false,
        "content": "search ."
    },
    {
        "location": {
            "left": 851,
            "top": 281,
            "bottom": 320,
            "right": 989
        },
        "type": "text",
        "id": 8,
        "isClick": false,
        "content": "Search"
    },
    {
        "location": {
            "left": 76,
            "top": 408,
            "bottom": 544,
            "right": 231
        },
        "type": "text",
        "id": 9,
        "isClick": false,
        "content": "f"
    },
    {
        "location": {
            "left": 871,
            "top": 421,
            "bottom": 525,
            "right": 903
        },
        "type": "text",
        "id": 10,
        "isClick": false,
        "content": "M"
    },
    {
        "location": {
            "left": 77,
            "top": 573,
            "bottom": 604,
            "right": 232
        },
        "type": "text",
        "id": 11,
        "isClick": false,
        "content": "Facebook"
    },
    {
        "location": {
            "left": 354,
            "top": 575,
            "bottom": 604,
            "right": 465
        },
        "type": "text",
        "id": 12,
        "isClick": false,
        "content": "Twitter"
    },
    {
        "location": {
            "left": 602,
            "top": 573,
            "bottom": 604,
            "right": 731
        },
        "type": "text",
        "id": 13,
        "isClick": false,
        "content": "Youtube"
    },
    {
        "location": {
            "left": 878,
            "top": 573,
            "bottom": 604,
            "right": 967
        },
        "type": "text",
        "id": 14,
        "isClick": false,
        "content": "Gmail"
    },
    {
        "location": {
            "left": 113,
            "top": 666,
            "bottom": 695,
            "right": 129
        },
        "type": "text",
        "id": 15,
        "isClick": false,
        "content": "Y"
    },
    {
        "location": {
            "left": 366,
            "top": 674,
            "bottom": 753,
            "right": 455
        },
        "type": "text",
        "id": 16,
        "isClick": false,
        "content": "a"
    },
    {
        "location": {
            "left": 605,
            "top": 687,
            "bottom": 746,
            "right": 729
        },
        "type": "text",
        "id": 17,
        "isClick": false,
        "content": "CM"
    },
    {
        "location": {
            "left": 871,
            "top": 690,
            "bottom": 745,
            "right": 977
        },
        "type": "text",
        "id": 18,
        "isClick": false,
        "content": "500"
    },
    {
        "location": {
            "left": 98,
            "top": 820,
            "bottom": 850,
            "right": 208
        },
        "type": "text",
        "id": 19,
        "isClick": false,
        "content": "Yahoo!"
    },
    {
        "location": {
            "left": 344,
            "top": 822,
            "bottom": 850,
            "right": 475
        },
        "type": "text",
        "id": 20,
        "isClick": false,
        "content": "Amazon"
    },
    {
        "location": {
            "left": 631,
            "top": 822,
            "bottom": 850,
            "right": 702
        },
        "type": "text",
        "id": 21,
        "isClick": false,
        "content": "CNN"
    },
    {
        "location": {
            "left": 875,
            "top": 820,
            "bottom": 857,
            "right": 973
        },
        "type": "text",
        "id": 22,
        "isClick": false,
        "content": "500px"
    },
    {
        "location": {
            "left": 83,
            "top": 893,
            "bottom": 1031,
            "right": 226
        },
        "type": "text",
        "id": 23,
        "isClick": false,
        "content": "E"
    },
    {
        "location": {
            "left": 383,
            "top": 913,
            "bottom": 1015,
            "right": 436
        },
        "type": "text",
        "id": 24,
        "isClick": false,
        "content": "t"
    },
    {
        "location": {
            "left": 631,
            "top": 927,
            "bottom": 1003,
            "right": 705
        },
        "type": "text",
        "id": 25,
        "isClick": false,
        "content": "8+"
    },
    {
        "location": {
            "left": 844,
            "top": 885,
            "bottom": 1043,
            "right": 960
        },
        "type": "text",
        "id": 26,
        "isClick": false,
        "content": "i"
    },
    {
        "location": {
            "left": 111,
            "top": 1066,
            "bottom": 1097,
            "right": 196
        },
        "type": "text",
        "id": 27,
        "isClick": false,
        "content": "ESPN"
    },
    {
        "location": {
            "left": 354,
            "top": 1066,
            "bottom": 1097,
            "right": 466
        },
        "type": "text",
        "id": 28,
        "isClick": false,
        "content": "Tumblr"
    },
    {
        "location": {
            "left": 601,
            "top": 1066,
            "bottom": 1104,
            "right": 733
        },
        "type": "text",
        "id": 29,
        "isClick": false,
        "content": "Google+"
    },
    {
        "location": {
            "left": 879,
            "top": 1068,
            "bottom": 1104,
            "right": 970
        },
        "type": "text",
        "id": 30,
        "isClick": false,
        "content": "Imgur"
    },
    {
        "location": {
            "left": 402,
            "top": 1284,
            "bottom": 1308,
            "right": 411
        },
        "type": "text",
        "id": 31,
        "isClick": false,
        "content": "L"
    },
    {
        "location": {
            "left": 24,
            "top": 1361,
            "bottom": 1391,
            "right": 243
        },
        "type": "text",
        "id": 32,
        "isClick": false,
        "content": "Add Bookmarks"
    },
    {
        "location": {
            "left": 357,
            "top": 1361,
            "bottom": 1395,
            "right": 453
        },
        "type": "text",
        "id": 33,
        "isClick": false,
        "content": "History"
    },
    {
        "location": {
            "left": 628,
            "top": 1362,
            "bottom": 1391,
            "right": 720
        },
        "type": "text",
        "id": 34,
        "isClick": false,
        "content": "Search"
    },
    {
        "location": {
            "left": 906,
            "top": 1362,
            "bottom": 1389,
            "right": 983
        },
        "type": "text",
        "id": 35,
        "isClick": false,
        "content": "Share"
    },
    {
        "location": {
            "left": 94,
            "top": 1457,
            "bottom": 1487,
            "right": 175
        },
        "type": "text",
        "id": 36,
        "isClick": false,
        "content": "KX"
    },
    {
        "location": {
            "left": 671,
            "top": 1480,
            "bottom": 1516,
            "right": 677
        },
        "type": "text",
        "id": 37,
        "isClick": false,
        "content": "i"
    },
    {
        "location": {
            "left": 905,
            "top": 1457,
            "bottom": 1539,
            "right": 984
        },
        "type": "text",
        "id": 38,
        "isClick": false,
        "content": "( 0 )"
    },
    {
        "location": {
            "left": 62,
            "top": 1560,
            "bottom": 1586,
            "right": 207
        },
        "type": "text",
        "id": 39,
        "isClick": false,
        "content": "Full screen"
    },
    {
        "location": {
            "left": 349,
            "top": 1561,
            "bottom": 1592,
            "right": 460
        },
        "type": "text",
        "id": 40,
        "isClick": true,
        "content": "Settings"
    },
    {
        "location": {
            "left": 633,
            "top": 1560,
            "bottom": 1586,
            "right": 715
        },
        "type": "text",
        "id": 41,
        "isClick": false,
        "content": "About"
    },
    {
        "location": {
            "left": 917,
            "top": 1561,
            "bottom": 1588,
            "right": 970
        },
        "type": "text",
        "id": 42,
        "isClick": false,
        "content": "Quit"
    },
    {
        "location": {
            "left": 79,
            "top": 1705,
            "bottom": 1736,
            "right": 90
        },
        "type": "text",
        "id": 43,
        "isClick": false,
        "content": "1"
    },
    {
        "location": {
            "left": 415,
            "top": 1698,
            "bottom": 1755,
            "right": 485
        },
        "type": "text",
        "id": 44,
        "isClick": false,
        "content": "III"
    },
    {
        "location": {
            "left": 773,
            "top": 1690,
            "bottom": 1767,
            "right": 845
        },
        "type": "text",
        "id": 45,
        "isClick": false,
        "content": "A"
    },
    {
        "location": {
            "left": 990,
            "top": 1697,
            "bottom": 1777,
            "right": 1033
        },
        "type": "text",
        "id": 46,
        "isClick": false,
        "content": "ULO"
    }
]