[
    {
        "location": {
            "left": 129,
            "top": 45,
            "bottom": 91,
            "right": 296
        },
        "type": "text",
        "id": 0,
        "isClick": false,
        "content": "Settings"
    },
    {
        "location": {
            "left": 81,
            "top": 171,
            "bottom": 209,
            "right": 235
        },
        "type": "text",
        "id": 1,
        "isClick": false,
        "content": "General"
    },
    {
        "location": {
            "left": 252,
            "top": 171,
            "bottom": 219,
            "right": 416
        },
        "type": "text",
        "id": 2,
        "isClick": true,
        "content": "settings"
    },
    {
        "location": {
            "left": 82,
            "top": 300,
            "bottom": 337,
            "right": 249
        },
        "type": "text",
        "id": 3,
        "isClick": false,
        "content": "Browser"
    },
    {
        "location": {
            "left": 264,
            "top": 300,
            "bottom": 346,
            "right": 427
        },
        "type": "text",
        "id": 4,
        "isClick": false,
        "content": "settings"
    },
    {
        "location": {
            "left": 83,
            "top": 427,
            "bottom": 474,
            "right": 230
        },
        "type": "text",
        "id": 5,
        "isClick": false,
        "content": "Privacy"
    },
    {
        "location": {
            "left": 246,
            "top": 426,
            "bottom": 464,
            "right": 271
        },
        "type": "text",
        "id": 6,
        "isClick": false,
        "content": "&"
    },
    {
        "location": {
            "left": 287,
            "top": 426,
            "bottom": 474,
            "right": 448
        },
        "type": "text",
        "id": 7,
        "isClick": false,
        "content": "security"
    },
    {
        "location": {
            "left": 464,
            "top": 427,
            "bottom": 473,
            "right": 627
        },
        "type": "text",
        "id": 8,
        "isClick": false,
        "content": "settings"
    },
    {
        "location": {
            "left": 79,
            "top": 553,
            "bottom": 589,
            "right": 232
        },
        "type": "text",
        "id": 9,
        "isClick": false,
        "content": "Addons"
    }
]