[
    {
        "location": {
            "left": 129,
            "top": 41,
            "bottom": 89,
            "right": 283
        },
        "type": "text",
        "id": 0,
        "isClick": false,
        "content": "General"
    },
    {
        "location": {
            "left": 301,
            "top": 44,
            "bottom": 94,
            "right": 464
        },
        "type": "text",
        "id": 1,
        "isClick": false,
        "content": "settings"
    },
    {
        "location": {
            "left": 65,
            "top": 169,
            "bottom": 207,
            "right": 185
        },
        "type": "text",
        "id": 2,
        "isClick": false,
        "content": "Home"
    },
    {
        "location": {
            "left": 200,
            "top": 177,
            "bottom": 217,
            "right": 300
        },
        "type": "text",
        "id": 3,
        "isClick": true,
        "content": "page"
    },
    {
        "location": {
            "left": 64,
            "top": 226,
            "bottom": 265,
            "right": 967
        },
        "type": "text",
        "id": 4,
        "isClick": true,
        "content": "Set the home page to load when opening a new tab , etc."
    },
    {
        "location": {
            "left": 65,
            "top": 325,
            "bottom": 367,
            "right": 203
        },
        "type": "text",
        "id": 5,
        "isClick": false,
        "content": "Search"
    },
    {
        "location": {
            "left": 221,
            "top": 327,
            "bottom": 373,
            "right": 357
        },
        "type": "text",
        "id": 6,
        "isClick": false,
        "content": "engine"
    },
    {
        "location": {
            "left": 64,
            "top": 385,
            "bottom": 422,
            "right": 973
        },
        "type": "text",
        "id": 7,
        "isClick": false,
        "content": "Set the search engine used to make default search from"
    },
    {
        "location": {
            "left": 63,
            "top": 429,
            "bottom": 459,
            "right": 162
        },
        "type": "text",
        "id": 8,
        "isClick": false,
        "content": "the url"
    },
    {
        "location": {
            "left": 177,
            "top": 429,
            "bottom": 459,
            "right": 232
        },
        "type": "text",
        "id": 9,
        "isClick": false,
        "content": "bar ."
    },
    {
        "location": {
            "left": 64,
            "top": 514,
            "bottom": 552,
            "right": 163
        },
        "type": "text",
        "id": 10,
        "isClick": false,
        "content": "Tabs"
    },
    {
        "location": {
            "left": 180,
            "top": 516,
            "bottom": 553,
            "right": 399
        },
        "type": "text",
        "id": 11,
        "isClick": false,
        "content": "restoration"
    },
    {
        "location": {
            "left": 65,
            "top": 570,
            "bottom": 612,
            "right": 800
        },
        "type": "text",
        "id": 12,
        "isClick": false,
        "content": "Select how you want tabs to be restored from"
    },
    {
        "location": {
            "left": 815,
            "top": 583,
            "bottom": 606,
            "right": 830
        },
        "type": "text",
        "id": 13,
        "isClick": false,
        "content": "a"
    },
    {
        "location": {
            "left": 845,
            "top": 576,
            "bottom": 612,
            "right": 979
        },
        "type": "text",
        "id": 14,
        "isClick": false,
        "content": "previous"
    },
    {
        "location": {
            "left": 65,
            "top": 619,
            "bottom": 648,
            "right": 195
        },
        "type": "text",
        "id": 15,
        "isClick": false,
        "content": "session ."
    },
    {
        "location": {
            "left": 64,
            "top": 703,
            "bottom": 733,
            "right": 274
        },
        "type": "text",
        "id": 16,
        "isClick": false,
        "content": "START PAGE"
    },
    {
        "location": {
            "left": 67,
            "top": 800,
            "bottom": 841,
            "right": 230
        },
        "type": "text",
        "id": 17,
        "isClick": false,
        "content": "Number"
    },
    {
        "location": {
            "left": 245,
            "top": 800,
            "bottom": 840,
            "right": 285
        },
        "type": "text",
        "id": 18,
        "isClick": false,
        "content": "of"
    },
    {
        "location": {
            "left": 302,
            "top": 801,
            "bottom": 841,
            "right": 413
        },
        "type": "text",
        "id": 19,
        "isClick": false,
        "content": "items"
    },
    {
        "location": {
            "left": 431,
            "top": 802,
            "bottom": 838,
            "right": 461
        },
        "type": "text",
        "id": 20,
        "isClick": false,
        "content": "in"
    },
    {
        "location": {
            "left": 477,
            "top": 800,
            "bottom": 841,
            "right": 541
        },
        "type": "text",
        "id": 21,
        "isClick": false,
        "content": "the"
    },
    {
        "location": {
            "left": 558,
            "top": 804,
            "bottom": 841,
            "right": 652
        },
        "type": "text",
        "id": 22,
        "isClick": false,
        "content": "start"
    },
    {
        "location": {
            "left": 669,
            "top": 809,
            "bottom": 849,
            "right": 766
        },
        "type": "text",
        "id": 23,
        "isClick": false,
        "content": "page"
    },
    {
        "location": {
            "left": 64,
            "top": 857,
            "bottom": 896,
            "right": 591
        },
        "type": "text",
        "id": 24,
        "isClick": false,
        "content": "Set the number of items to show"
    },
    {
        "location": {
            "left": 605,
            "top": 857,
            "bottom": 898,
            "right": 873
        },
        "type": "text",
        "id": 25,
        "isClick": false,
        "content": "in the start page ."
    }
]