[
    {
        "id": 0,
        "location": {
            "right": 446,
            "left": 423,
            "top": 641,
            "bottom": 684
        },
        "content": "8",
        "isClick": false,
        "type": "text"
    },
    {
        "id": 1,
        "location": {
            "right": 494,
            "left": 472,
            "top": 664,
            "bottom": 687
        },
        "content": "O",
        "isClick": false,
        "type": "text"
    },
    {
        "id": 2,
        "location": {
            "right": 589,
            "left": 504,
            "top": 670,
            "bottom": 696
        },
        "content": "0000",
        "isClick": false,
        "type": "text"
    },
    {
        "id": 3,
        "location": {
            "right": 244,
            "left": 191,
            "top": 1038,
            "bottom": 1066
        },
        "content": "Use",
        "isClick": false,
        "type": "text"
    },
    {
        "id": 4,
        "location": {
            "right": 412,
            "left": 259,
            "top": 1040,
            "bottom": 1066
        },
        "content": "Burner to",
        "isClick": false,
        "type": "text"
    },
    {
        "id": 5,
        "location": {
            "right": 655,
            "left": 427,
            "top": 1038,
            "bottom": 1066
        },
        "content": "heat chemicals",
        "isClick": false,
        "type": "text"
    },
    {
        "id": 6,
        "location": {
            "right": 846,
            "left": 670,
            "top": 1039,
            "bottom": 1068
        },
        "content": "up to 1000 \u00b0",
        "isClick": false,
        "type": "text"
    },
    {
        "id": 7,
        "location": {
            "right": 888,
            "left": 861,
            "top": 1039,
            "bottom": 1066
        },
        "content": "C.",
        "isClick": false,
        "type": "text"
    },
    {
        "id": 8,
        "location": {
            "right": 604,
            "left": 477,
            "top": 1261,
            "bottom": 1287
        },
        "content": "Installed",
        "isClick": false,
        "type": "text"
    }
]