[
    {
        "content": "FAK",
        "location": {
            "bottom": 25,
            "top": 10,
            "left": 280,
            "right": 318
        },
        "id": 0,
        "isClick": false,
        "type": "text"
    },
    {
        "content": "\u0432",
        "location": {
            "bottom": 48,
            "top": 12,
            "left": 349,
            "right": 373
        },
        "id": 1,
        "isClick": false,
        "type": "text"
    },
    {
        "content": "66 \u00b0",
        "location": {
            "bottom": 46,
            "top": 19,
            "left": 404,
            "right": 443
        },
        "id": 2,
        "isClick": false,
        "type": "text"
    },
    {
        "content": "45 \u00b0",
        "location": {
            "bottom": 44,
            "top": 17,
            "left": 530,
            "right": 569
        },
        "id": 3,
        "isClick": false,
        "type": "text"
    },
    {
        "content": "$",
        "location": {
            "bottom": 50,
            "top": 13,
            "left": 780,
            "right": 804
        },
        "id": 4,
        "isClick": false,
        "type": "text"
    },
    {
        "content": "5",
        "location": {
            "bottom": 47,
            "top": 13,
            "left": 941,
            "right": 966
        },
        "id": 5,
        "isClick": false,
        "type": "text"
    },
    {
        "content": "7:31",
        "location": {
            "bottom": 49,
            "top": 18,
            "left": 987,
            "right": 1051
        },
        "id": 6,
        "isClick": false,
        "type": "text"
    },
    {
        "content": "\u041f\u043e\u043b\u0443\u0447\u0430\u0439\u0442\u0435",
        "location": {
            "bottom": 229,
            "top": 168,
            "left": 387,
            "right": 693
        },
        "id": 7,
        "isClick": false,
        "type": "text"
    },
    {
        "content": "push - \u0443\u0432\u0435\u0434\u043e\u043c\u043b\u0435\u043d\u0438\u044f",
        "location": {
            "bottom": 305,
            "top": 240,
            "left": 265,
            "right": 814
        },
        "id": 8,
        "isClick": false,
        "type": "text"
    },
    {
        "content": "\u043e",
        "location": {
            "bottom": 367,
            "top": 328,
            "left": 282,
            "right": 313
        },
        "id": 9,
        "isClick": false,
        "type": "text"
    },
    {
        "content": "\u043d\u043e\u0432\u044b\u0445",
        "location": {
            "bottom": 369,
            "top": 328,
            "left": 336,
            "right": 519
        },
        "id": 10,
        "isClick": false,
        "type": "text"
    },
    {
        "content": "\u0448\u0442\u0440\u0430\u0444\u0430\u0445",
        "location": {
            "bottom": 377,
            "top": 314,
            "left": 542,
            "right": 799
        },
        "id": 11,
        "isClick": false,
        "type": "text"
    },
    {
        "content": "TAe\u044b",
        "location": {
            "bottom": 463,
            "top": 454,
            "left": 194,
            "right": 230
        },
        "id": 12,
        "isClick": false,
        "type": "text"
    },
    {
        "content": "\u0433\u0438\u0431\u0434\u0434",
        "location": {
            "bottom": 476,
            "top": 460,
            "left": 193,
            "right": 229
        },
        "id": 13,
        "isClick": false,
        "type": "text"
    },
    {
        "content": "\u0428\u0442\u0440\u0430\u0444\u044b",
        "location": {
            "bottom": 477,
            "top": 442,
            "left": 283,
            "right": 407
        },
        "id": 14,
        "isClick": false,
        "type": "text"
    },
    {
        "content": "\u0441\u0435\u0439\u0447\u0430\u0441",
        "location": {
            "bottom": 470,
            "top": 447,
            "left": 444,
            "right": 530
        },
        "id": 15,
        "isClick": false,
        "type": "text"
    },
    {
        "content": "\u0423 \u0432\u0430\u0441",
        "location": {
            "bottom": 507,
            "top": 473,
            "left": 264,
            "right": 347
        },
        "id": 16,
        "isClick": false,
        "type": "text"
    },
    {
        "content": "1",
        "location": {
            "bottom": 507,
            "top": 473,
            "left": 363,
            "right": 373
        },
        "id": 17,
        "isClick": false,
        "type": "text"
    },
    {
        "content": "\u043d\u043e\u0432\u044b\u0439",
        "location": {
            "bottom": 507,
            "top": 478,
            "left": 391,
            "right": 489
        },
        "id": 18,
        "isClick": false,
        "type": "text"
    },
    {
        "content": "\u043d\u0435\u043e\u043f\u043b\u0430\u0447\u0435\u043d\u043d\u044b\u0439",
        "location": {
            "bottom": 508,
            "top": 478,
            "left": 504,
            "right": 734
        },
        "id": 19,
        "isClick": false,
        "type": "text"
    },
    {
        "content": "\u0448\u0442\u0440\u0430\u0444",
        "location": {
            "bottom": 513,
            "top": 478,
            "left": 750,
            "right": 855
        },
        "id": 20,
        "isClick": false,
        "type": "text"
    },
    {
        "content": "....... MegaFon",
        "location": {
            "bottom": 758,
            "top": 727,
            "left": 170,
            "right": 384
        },
        "id": 21,
        "isClick": false,
        "type": "text"
    },
    {
        "content": "12:22",
        "location": {
            "bottom": 753,
            "top": 728,
            "left": 505,
            "right": 573
        },
        "id": 22,
        "isClick": false,
        "type": "text"
    },
    {
        "content": "1",
        "location": {
            "bottom": 752,
            "top": 728,
            "left": 709,
            "right": 729
        },
        "id": 23,
        "isClick": false,
        "type": "text"
    },
    {
        "content": "100 %",
        "location": {
            "bottom": 753,
            "top": 727,
            "left": 747,
            "right": 825
        },
        "id": 24,
        "isClick": false,
        "type": "text"
    },
    {
        "content": "\u041d\u0435\u043e\u043f\u043b\u0430\u0447\u0435\u043d\u043d\u044b\u0435",
        "location": {
            "bottom": 834,
            "top": 800,
            "left": 295,
            "right": 595
        },
        "id": 25,
        "isClick": false,
        "type": "text"
    },
    {
        "content": "\u0448\u0442\u0440\u0430\u0444\u044b",
        "location": {
            "bottom": 841,
            "top": 801,
            "left": 626,
            "right": 777
        },
        "id": 26,
        "isClick": false,
        "type": "text"
    },
    {
        "content": "\u0410\u0412\u0422\u041e\u041c\u041e\u0411\u0418\u041b\u0418",
        "location": {
            "bottom": 983,
            "top": 954,
            "left": 187,
            "right": 431
        },
        "id": 27,
        "isClick": false,
        "type": "text"
    },
    {
        "content": "Audi \u041e\u043b\u0438",
        "location": {
            "bottom": 1087,
            "top": 1056,
            "left": 273,
            "right": 430
        },
        "id": 28,
        "isClick": false,
        "type": "text"
    },
    {
        "content": "\u043d\u0435\u0442 \u0448\u0442\u0440\u0430\u0444\u043e\u0432",
        "location": {
            "bottom": 1091,
            "top": 1060,
            "left": 706,
            "right": 892
        },
        "id": 29,
        "isClick": false,
        "type": "text"
    },
    {
        "content": "(",
        "location": {
            "bottom": 1227,
            "top": 1182,
            "left": 190,
            "right": 202
        },
        "id": 30,
        "isClick": false,
        "type": "text"
    },
    {
        "content": "+ )",
        "location": {
            "bottom": 1227,
            "top": 1182,
            "left": 217,
            "right": 243
        },
        "id": 31,
        "isClick": false,
        "type": "text"
    },
    {
        "content": "\u041c\u043e\u0439",
        "location": {
            "bottom": 1221,
            "top": 1190,
            "left": 275,
            "right": 346
        },
        "id": 32,
        "isClick": false,
        "type": "text"
    },
    {
        "content": "Mercedes",
        "location": {
            "bottom": 1221,
            "top": 1190,
            "left": 361,
            "right": 524
        },
        "id": 33,
        "isClick": false,
        "type": "text"
    },
    {
        "content": "\u041e\u043f\u043b\u0430\u0442\u0438\u0442\u044c \u0432\u0441\u0435",
        "location": {
            "bottom": 1218,
            "top": 1193,
            "left": 644,
            "right": 835
        },
        "id": 34,
        "isClick": false,
        "type": "text"
    },
    {
        "content": "( 20 )",
        "location": {
            "bottom": 1223,
            "top": 1193,
            "left": 846,
            "right": 892
        },
        "id": 35,
        "isClick": false,
        "type": "text"
    },
    {
        "content": "\u0412\u041e\u0414\u0418\u0422\u0415\u041b\u0418",
        "location": {
            "bottom": 1389,
            "top": 1357,
            "left": 190,
            "right": 375
        },
        "id": 36,
        "isClick": false,
        "type": "text"
    },
    {
        "content": "\u0412\u0423 \u041e\u043b\u0438",
        "location": {
            "bottom": 1489,
            "top": 1458,
            "left": 275,
            "right": 401
        },
        "id": 37,
        "isClick": false,
        "type": "text"
    },
    {
        "content": "\u043d\u0435\u0442 \u0448\u0442\u0440\u0430\u0444\u043e\u0432",
        "location": {
            "bottom": 1494,
            "top": 1462,
            "left": 705,
            "right": 891
        },
        "id": 38,
        "isClick": false,
        "type": "text"
    },
    {
        "content": "\u041c\u043e\u0451 \u0412\u0423",
        "location": {
            "bottom": 1623,
            "top": 1592,
            "left": 275,
            "right": 404
        },
        "id": 39,
        "isClick": false,
        "type": "text"
    },
    {
        "content": "\u041e\u043f\u043b\u0430\u0442\u0438\u0442\u044c",
        "location": {
            "bottom": 1620,
            "top": 1596,
            "left": 651,
            "right": 785
        },
        "id": 40,
        "isClick": false,
        "type": "text"
    },
    {
        "content": "\u0432\u0441\u0435 ( 6 )",
        "location": {
            "bottom": 1624,
            "top": 1596,
            "left": 797,
            "right": 882
        },
        "id": 41,
        "isClick": false,
        "type": "text"
    },
    {
        "content": "V.",
        "location": {
            "bottom": 1747,
            "top": 1668,
            "left": 942,
            "right": 1028
        },
        "id": 42,
        "isClick": true,
        "type": "text"
    },
    {
        "content": "V",
        "location": {
            "bottom": 1753,
            "top": 1717,
            "left": 977,
            "right": 1022
        },
        "id": 43,
        "isClick": true,
        "type": "text"
    },
    {
        "content": "4",
        "location": {
            "bottom": 1883,
            "top": 1833,
            "left": 214,
            "right": 260
        },
        "id": 44,
        "isClick": false,
        "type": "text"
    }
]