[
    {
        "content": "FAK",
        "location": {
            "bottom": 26,
            "top": 10,
            "left": 280,
            "right": 318
        },
        "id": 0,
        "isClick": false,
        "type": "text"
    },
    {
        "content": "\u0430",
        "location": {
            "bottom": 47,
            "top": 13,
            "left": 348,
            "right": 372
        },
        "id": 1,
        "isClick": false,
        "type": "text"
    },
    {
        "content": "66 \u00b0",
        "location": {
            "bottom": 45,
            "top": 19,
            "left": 404,
            "right": 443
        },
        "id": 2,
        "isClick": false,
        "type": "text"
    },
    {
        "content": "45 \u00b0",
        "location": {
            "bottom": 43,
            "top": 18,
            "left": 530,
            "right": 569
        },
        "id": 3,
        "isClick": false,
        "type": "text"
    },
    {
        "content": "$",
        "location": {
            "bottom": 50,
            "top": 13,
            "left": 780,
            "right": 804
        },
        "id": 4,
        "isClick": false,
        "type": "text"
    },
    {
        "content": "7:35",
        "location": {
            "bottom": 48,
            "top": 17,
            "left": 987,
            "right": 1057
        },
        "id": 5,
        "isClick": false,
        "type": "text"
    },
    {
        "content": "=",
        "location": {
            "bottom": 152,
            "top": 117,
            "left": 49,
            "right": 96
        },
        "id": 6,
        "isClick": true,
        "type": "text"
    },
    {
        "content": "\u041e\u043f\u043b\u0430\u0447\u0435\u043d\u043d\u044b\u0435",
        "location": {
            "bottom": 161,
            "top": 115,
            "left": 191,
            "right": 498
        },
        "id": 7,
        "isClick": false,
        "type": "text"
    },
    {
        "content": "\u0448\u0442\u0440\u0430\u0444\u044b",
        "location": {
            "bottom": 169,
            "top": 115,
            "left": 529,
            "right": 704
        },
        "id": 8,
        "isClick": false,
        "type": "text"
    },
    {
        "content": "\u0410\u0432\u0442\u043e\u043c\u043e\u0431\u0438\u043b\u0438",
        "location": {
            "bottom": 289,
            "top": 258,
            "left": 41,
            "right": 254
        },
        "id": 9,
        "isClick": false,
        "type": "text"
    },
    {
        "content": "\u041d\u043e\u0432\u044b\u0435 \u043e\u043f\u043b\u0430\u0447\u0435\u043d\u043d\u044b\u0435",
        "location": {
            "bottom": 433,
            "top": 400,
            "left": 45,
            "right": 378
        },
        "id": 10,
        "isClick": false,
        "type": "text"
    },
    {
        "content": "\u0448\u0442\u0440\u0430\u0444\u044b",
        "location": {
            "bottom": 435,
            "top": 398,
            "left": 402,
            "right": 526
        },
        "id": 11,
        "isClick": false,
        "type": "text"
    },
    {
        "content": "\u043d\u0430 \u0430\u0432\u0442\u043e\u043c\u043e\u0431\u0438\u043b\u0438 \u0431\u0443\u0434\u0443\u0442",
        "location": {
            "bottom": 438,
            "top": 394,
            "left": 545,
            "right": 905
        },
        "id": 12,
        "isClick": false,
        "type": "text"
    },
    {
        "content": "\u043f\u043e\u044f\u0432\u043b\u044f\u0442\u044c\u0441\u044f",
        "location": {
            "bottom": 473,
            "top": 448,
            "left": 44,
            "right": 241
        },
        "id": 13,
        "isClick": false,
        "type": "text"
    },
    {
        "content": "\u0437\u0434\u0435\u0441\u044c",
        "location": {
            "bottom": 476,
            "top": 448,
            "left": 255,
            "right": 352
        },
        "id": 14,
        "isClick": false,
        "type": "text"
    },
    {
        "content": "\u0412\u043e\u0434\u0438\u0442\u0435\u043b\u0438",
        "location": {
            "bottom": 633,
            "top": 600,
            "left": 44,
            "right": 203
        },
        "id": 15,
        "isClick": false,
        "type": "text"
    },
    {
        "content": "\u041c\u043e\u0451",
        "location": {
            "bottom": 787,
            "top": 755,
            "left": 192,
            "right": 270
        },
        "id": 16,
        "isClick": false,
        "type": "text"
    },
    {
        "content": "\u0412\u0423",
        "location": {
            "bottom": 787,
            "top": 753,
            "left": 286,
            "right": 333
        },
        "id": 17,
        "isClick": false,
        "type": "text"
    },
    {
        "content": "\u043d\u0435\u0442",
        "location": {
            "bottom": 786,
            "top": 762,
            "left": 816,
            "right": 869
        },
        "id": 18,
        "isClick": false,
        "type": "text"
    },
    {
        "content": "\u0448\u0442\u0440\u0430\u0444\u043e\u0432",
        "location": {
            "bottom": 791,
            "top": 756,
            "left": 884,
            "right": 1035
        },
        "id": 19,
        "isClick": false,
        "type": "text"
    },
    {
        "content": "\u041d\u043e\u0432\u044b\u0435 \u043e\u043f\u043b\u0430\u0447\u0435\u043d\u043d\u044b\u0435",
        "location": {
            "bottom": 961,
            "top": 928,
            "left": 45,
            "right": 378
        },
        "id": 20,
        "isClick": false,
        "type": "text"
    },
    {
        "content": "\u0448\u0442\u0440\u0430\u0444\u044b",
        "location": {
            "bottom": 963,
            "top": 926,
            "left": 400,
            "right": 523
        },
        "id": 21,
        "isClick": false,
        "type": "text"
    },
    {
        "content": "\u043d\u0430",
        "location": {
            "bottom": 959,
            "top": 934,
            "left": 545,
            "right": 580
        },
        "id": 22,
        "isClick": false,
        "type": "text"
    },
    {
        "content": "\u0432\u043e\u0434\u0438\u0442\u0435\u043b\u0435\u0439 \u0431\u0443\u0434\u0443\u0442",
        "location": {
            "bottom": 964,
            "top": 924,
            "left": 595,
            "right": 876
        },
        "id": 23,
        "isClick": false,
        "type": "text"
    },
    {
        "content": "\u043f\u043e\u044f\u0432\u043b\u044f\u0442\u044c\u0441\u044f \u0437\u0434\u0435\u0441\u044c",
        "location": {
            "bottom": 1004,
            "top": 976,
            "left": 45,
            "right": 351
        },
        "id": 24,
        "isClick": false,
        "type": "text"
    }
]