[
    {
        "content": "FAK",
        "location": {
            "bottom": 26,
            "top": 10,
            "left": 280,
            "right": 318
        },
        "id": 0,
        "isClick": false,
        "type": "text"
    },
    {
        "content": "F\u0432\u0430",
        "location": {
            "bottom": 50,
            "top": 11,
            "left": 30,
            "right": 191
        },
        "id": 1,
        "isClick": false,
        "type": "text"
    },
    {
        "content": "0",
        "location": {
            "bottom": 49,
            "top": 15,
            "left": 222,
            "right": 251
        },
        "id": 2,
        "isClick": false,
        "type": "text"
    },
    {
        "content": "\u0430",
        "location": {
            "bottom": 47,
            "top": 13,
            "left": 348,
            "right": 372
        },
        "id": 3,
        "isClick": false,
        "type": "text"
    },
    {
        "content": "66 \u00b0",
        "location": {
            "bottom": 45,
            "top": 19,
            "left": 404,
            "right": 443
        },
        "id": 4,
        "isClick": false,
        "type": "text"
    },
    {
        "content": "45 \u00b0",
        "location": {
            "bottom": 44,
            "top": 18,
            "left": 530,
            "right": 569
        },
        "id": 5,
        "isClick": false,
        "type": "text"
    },
    {
        "content": "$",
        "location": {
            "bottom": 46,
            "top": 13,
            "left": 779,
            "right": 800
        },
        "id": 6,
        "isClick": false,
        "type": "text"
    },
    {
        "content": "$",
        "location": {
            "bottom": 47,
            "top": 12,
            "left": 941,
            "right": 966
        },
        "id": 7,
        "isClick": false,
        "type": "text"
    },
    {
        "content": "7:35",
        "location": {
            "bottom": 48,
            "top": 17,
            "left": 987,
            "right": 1057
        },
        "id": 8,
        "isClick": false,
        "type": "text"
    },
    {
        "content": "\u0428\u0442\u0440\u0430\u0444\u044b",
        "location": {
            "bottom": 157,
            "top": 123,
            "left": 57,
            "right": 181
        },
        "id": 9,
        "isClick": false,
        "type": "text"
    },
    {
        "content": "\u041d\u0435\u043e\u043f\u043b\u0430\u0447\u0435\u043d\u043d\u044b\u0435",
        "location": {
            "bottom": 289,
            "top": 260,
            "left": 192,
            "right": 447
        },
        "id": 10,
        "isClick": false,
        "type": "text"
    },
    {
        "content": "\u041e\u043f\u043b\u0430\u0447\u0435\u043d\u043d\u044b\u0435",
        "location": {
            "bottom": 416,
            "top": 385,
            "left": 190,
            "right": 406
        },
        "id": 11,
        "isClick": false,
        "type": "text"
    },
    {
        "content": "\u0438\u043b\u0438",
        "location": {
            "bottom": 430,
            "top": 406,
            "left": 741,
            "right": 798
        },
        "id": 12,
        "isClick": false,
        "type": "text"
    },
    {
        "content": "\u0431\u0443\u0434\u0443\u0442",
        "location": {
            "bottom": 436,
            "top": 398,
            "left": 816,
            "right": 906
        },
        "id": 13,
        "isClick": false,
        "type": "text"
    },
    {
        "content": "\u041c\u043e\u0438",
        "location": {
            "bottom": 574,
            "top": 544,
            "left": 44,
            "right": 114
        },
        "id": 14,
        "isClick": false,
        "type": "text"
    },
    {
        "content": "\u0434\u0430\u043d\u043d\u044b\u0435",
        "location": {
            "bottom": 577,
            "top": 550,
            "left": 126,
            "right": 258
        },
        "id": 15,
        "isClick": false,
        "type": "text"
    },
    {
        "content": "\u0410\u0432\u0442\u043e",
        "location": {
            "bottom": 707,
            "top": 675,
            "left": 190,
            "right": 271
        },
        "id": 16,
        "isClick": true,
        "type": "text"
    },
    {
        "content": "\u0438",
        "location": {
            "bottom": 706,
            "top": 681,
            "left": 283,
            "right": 301
        },
        "id": 17,
        "isClick": true,
        "type": "text"
    },
    {
        "content": "\u0432\u043e\u0434\u0438\u0442\u0435\u043b\u0438",
        "location": {
            "bottom": 712,
            "top": 682,
            "left": 314,
            "right": 471
        },
        "id": 18,
        "isClick": false,
        "type": "text"
    },
    {
        "content": "\u043d\u0435\u0442",
        "location": {
            "bottom": 785,
            "top": 763,
            "left": 815,
            "right": 869
        },
        "id": 19,
        "isClick": false,
        "type": "text"
    },
    {
        "content": "\u0448\u0442\u0440\u0430\u0444\u043e\u0432",
        "location": {
            "bottom": 791,
            "top": 756,
            "left": 882,
            "right": 1035
        },
        "id": 20,
        "isClick": false,
        "type": "text"
    },
    {
        "content": "\u041f\u043b\u0430\u0442\u0435\u0436\u043d\u044b\u0435",
        "location": {
            "bottom": 833,
            "top": 803,
            "left": 191,
            "right": 391
        },
        "id": 21,
        "isClick": false,
        "type": "text"
    },
    {
        "content": "\u043a\u0430\u0440\u0442\u044b",
        "location": {
            "bottom": 839,
            "top": 809,
            "left": 403,
            "right": 500
        },
        "id": 22,
        "isClick": false,
        "type": "text"
    },
    {
        "content": "\u0435\u0439",
        "location": {
            "bottom": 956,
            "top": 927,
            "left": 737,
            "right": 771
        },
        "id": 23,
        "isClick": false,
        "type": "text"
    },
    {
        "content": "\u0431\u0443\u0434\u0443\u0442",
        "location": {
            "bottom": 963,
            "top": 926,
            "left": 785,
            "right": 877
        },
        "id": 24,
        "isClick": false,
        "type": "text"
    },
    {
        "content": "\u041f\u043e\u0434\u0434\u0435\u0440\u0436\u043a\u0430",
        "location": {
            "bottom": 995,
            "top": 961,
            "left": 43,
            "right": 240
        },
        "id": 25,
        "isClick": false,
        "type": "text"
    },
    {
        "content": "?",
        "location": {
            "bottom": 1126,
            "top": 1083,
            "left": 60,
            "right": 85
        },
        "id": 26,
        "isClick": false,
        "type": "text"
    },
    {
        "content": "FAQ",
        "location": {
            "bottom": 1126,
            "top": 1095,
            "left": 191,
            "right": 253
        },
        "id": 27,
        "isClick": false,
        "type": "text"
    },
    {
        "content": "\u041d\u0430\u043f\u0438\u0441\u0430\u0442\u044c",
        "location": {
            "bottom": 1249,
            "top": 1220,
            "left": 191,
            "right": 354
        },
        "id": 28,
        "isClick": false,
        "type": "text"
    },
    {
        "content": "\u0432",
        "location": {
            "bottom": 1249,
            "top": 1226,
            "left": 366,
            "right": 383
        },
        "id": 29,
        "isClick": false,
        "type": "text"
    },
    {
        "content": "\u043f\u043e\u0434\u0434\u0435\u0440\u0436\u043a\u0443",
        "location": {
            "bottom": 1257,
            "top": 1225,
            "left": 396,
            "right": 587
        },
        "id": 30,
        "isClick": false,
        "type": "text"
    }
]