[
    {
        "content": "FAK",
        "location": {
            "bottom": 26,
            "top": 10,
            "left": 280,
            "right": 318
        },
        "id": 0,
        "isClick": false,
        "type": "text"
    },
    {
        "content": "\u0432",
        "location": {
            "bottom": 48,
            "top": 12,
            "left": 349,
            "right": 373
        },
        "id": 1,
        "isClick": false,
        "type": "text"
    },
    {
        "content": "66 \u00b0",
        "location": {
            "bottom": 45,
            "top": 19,
            "left": 404,
            "right": 443
        },
        "id": 2,
        "isClick": false,
        "type": "text"
    },
    {
        "content": "45 \u00b0",
        "location": {
            "bottom": 43,
            "top": 18,
            "left": 530,
            "right": 569
        },
        "id": 3,
        "isClick": false,
        "type": "text"
    },
    {
        "content": "\u0410",
        "location": {
            "bottom": 49,
            "top": 12,
            "left": 664,
            "right": 696
        },
        "id": 4,
        "isClick": false,
        "type": "text"
    },
    {
        "content": "$",
        "location": {
            "bottom": 55,
            "top": 13,
            "left": 778,
            "right": 804
        },
        "id": 5,
        "isClick": false,
        "type": "text"
    },
    {
        "content": "7:35",
        "location": {
            "bottom": 48,
            "top": 17,
            "left": 987,
            "right": 1057
        },
        "id": 6,
        "isClick": false,
        "type": "text"
    },
    {
        "content": "=",
        "location": {
            "bottom": 150,
            "top": 117,
            "left": 49,
            "right": 96
        },
        "id": 7,
        "isClick": true,
        "type": "text"
    },
    {
        "content": "\u0414\u043e\u043a\u0443\u043c\u0435\u043d\u0442\u044b",
        "location": {
            "bottom": 169,
            "top": 117,
            "left": 197,
            "right": 468
        },
        "id": 8,
        "isClick": false,
        "type": "text"
    },
    {
        "content": "\u0410\u0432\u0442\u043e\u043c\u043e\u0431\u0438\u043b\u0438",
        "location": {
            "bottom": 313,
            "top": 280,
            "left": 41,
            "right": 254
        },
        "id": 9,
        "isClick": false,
        "type": "text"
    },
    {
        "content": "\u0414\u041e\u0411\u0410\u0412\u0418\u0422\u042c \u0410\u0412\u0422\u041e\u041c\u041e\u0411\u0418\u041b\u042c",
        "location": {
            "bottom": 464,
            "top": 426,
            "left": 73,
            "right": 525
        },
        "id": 10,
        "isClick": false,
        "type": "text"
    },
    {
        "content": "\u0412\u043e\u0434\u0438\u0442\u0435\u043b\u0438",
        "location": {
            "bottom": 633,
            "top": 600,
            "left": 44,
            "right": 203
        },
        "id": 11,
        "isClick": false,
        "type": "text"
    },
    {
        "content": "\u041c\u043e\u0451",
        "location": {
            "bottom": 776,
            "top": 741,
            "left": 45,
            "right": 123
        },
        "id": 12,
        "isClick": false,
        "type": "text"
    },
    {
        "content": "\u0412\u0423",
        "location": {
            "bottom": 775,
            "top": 742,
            "left": 139,
            "right": 186
        },
        "id": 13,
        "isClick": false,
        "type": "text"
    },
    {
        "content": "52 00",
        "location": {
            "bottom": 825,
            "top": 794,
            "left": 45,
            "right": 132
        },
        "id": 14,
        "isClick": false,
        "type": "text"
    },
    {
        "content": "199012",
        "location": {
            "bottom": 825,
            "top": 796,
            "left": 147,
            "right": 267
        },
        "id": 15,
        "isClick": false,
        "type": "text"
    },
    {
        "content": "\u0414\u041e\u0411\u0410\u0412\u0418\u0422\u042c \u0412\u041e\u0414\u0418\u0422\u0415\u041b\u042f",
        "location": {
            "bottom": 992,
            "top": 958,
            "left": 74,
            "right": 468
        },
        "id": 16,
        "isClick": false,
        "type": "text"
    }
]