[
    {
        "content": "FAK",
        "location": {
            "bottom": 26,
            "top": 10,
            "left": 280,
            "right": 318
        },
        "id": 0,
        "isClick": false,
        "type": "text"
    },
    {
        "content": "866 \u00b0",
        "location": {
            "bottom": 48,
            "top": 12,
            "left": 348,
            "right": 442
        },
        "id": 1,
        "isClick": false,
        "type": "text"
    },
    {
        "content": "45 \u00b0",
        "location": {
            "bottom": 43,
            "top": 18,
            "left": 530,
            "right": 569
        },
        "id": 2,
        "isClick": false,
        "type": "text"
    },
    {
        "content": "\u0410",
        "location": {
            "bottom": 49,
            "top": 12,
            "left": 664,
            "right": 696
        },
        "id": 3,
        "isClick": false,
        "type": "text"
    },
    {
        "content": "$",
        "location": {
            "bottom": 55,
            "top": 13,
            "left": 778,
            "right": 803
        },
        "id": 4,
        "isClick": false,
        "type": "text"
    },
    {
        "content": "7:36",
        "location": {
            "bottom": 48,
            "top": 18,
            "left": 987,
            "right": 1056
        },
        "id": 5,
        "isClick": false,
        "type": "text"
    },
    {
        "content": "III",
        "location": {
            "bottom": 152,
            "top": 118,
            "left": 47,
            "right": 99
        },
        "id": 6,
        "isClick": true,
        "type": "text"
    },
    {
        "content": "\u041c\u043e\u0439",
        "location": {
            "bottom": 161,
            "top": 117,
            "left": 191,
            "right": 292
        },
        "id": 7,
        "isClick": false,
        "type": "text"
    },
    {
        "content": "\u043a\u0430\u0440\u0442\u044b",
        "location": {
            "bottom": 169,
            "top": 128,
            "left": 309,
            "right": 449
        },
        "id": 8,
        "isClick": false,
        "type": "text"
    },
    {
        "content": "\u0421\u041e\u0425\u0420\u0410\u041d\u0415\u041d\u041d\u042b\u0415",
        "location": {
            "bottom": 749,
            "top": 703,
            "left": 226,
            "right": 643
        },
        "id": 9,
        "isClick": false,
        "type": "text"
    },
    {
        "content": "\u041a\u0410\u0420\u0422\u042b",
        "location": {
            "bottom": 748,
            "top": 704,
            "left": 664,
            "right": 835
        },
        "id": 10,
        "isClick": false,
        "type": "text"
    },
    {
        "content": "\u041e\u0422\u0421\u0423\u0422\u0421\u0422\u0412\u0423\u042e\u0422",
        "location": {
            "bottom": 816,
            "top": 769,
            "left": 338,
            "right": 742
        },
        "id": 11,
        "isClick": false,
        "type": "text"
    },
    {
        "content": "CARD",
        "location": {
            "bottom": 1009,
            "top": 985,
            "left": 429,
            "right": 514
        },
        "id": 12,
        "isClick": false,
        "type": "text"
    },
    {
        "content": "\u041e\u041e\u041e\u041e\u041e\u041e\u041e\u041e\u041e\u041e\u041e\u041e\u041e\u041e\u041e\u041e",
        "location": {
            "bottom": 1101,
            "top": 1088,
            "left": 425,
            "right": 654
        },
        "id": 13,
        "isClick": false,
        "type": "text"
    },
    {
        "content": "\u041e\u043f\u043b\u0430\u0442\u0438\u0442\u0435",
        "location": {
            "bottom": 1228,
            "top": 1191,
            "left": 64,
            "right": 267
        },
        "id": 14,
        "isClick": false,
        "type": "text"
    },
    {
        "content": "\u043b\u044e\u0431\u043e\u0439",
        "location": {
            "bottom": 1228,
            "top": 1189,
            "left": 282,
            "right": 423
        },
        "id": 15,
        "isClick": false,
        "type": "text"
    },
    {
        "content": "\u0448\u0442\u0440\u0430\u0444",
        "location": {
            "bottom": 1236,
            "top": 1189,
            "left": 442,
            "right": 583
        },
        "id": 16,
        "isClick": false,
        "type": "text"
    },
    {
        "content": "\u0432\u0430\u0448\u0435\u0439",
        "location": {
            "bottom": 1228,
            "top": 1192,
            "left": 602,
            "right": 737
        },
        "id": 17,
        "isClick": false,
        "type": "text"
    },
    {
        "content": "\u043a\u0430\u0440\u0442\u043e\u0439",
        "location": {
            "bottom": 1238,
            "top": 1192,
            "left": 756,
            "right": 899
        },
        "id": 18,
        "isClick": false,
        "type": "text"
    },
    {
        "content": "\u0438 \u0432\u044b",
        "location": {
            "bottom": 1228,
            "top": 1200,
            "left": 920,
            "right": 1009
        },
        "id": 19,
        "isClick": false,
        "type": "text"
    },
    {
        "content": "\u0441\u043c\u043e\u0436\u0435\u0442\u0435",
        "location": {
            "bottom": 1282,
            "top": 1254,
            "left": 66,
            "right": 253
        },
        "id": 20,
        "isClick": false,
        "type": "text"
    },
    {
        "content": "\u0441\u043e\u0432\u0435\u0440\u0448\u0430\u0442\u044c",
        "location": {
            "bottom": 1289,
            "top": 1254,
            "left": 270,
            "right": 505
        },
        "id": 21,
        "isClick": false,
        "type": "text"
    },
    {
        "content": "\u043f\u043e\u0441\u043b\u0435\u0434\u0443\u044e\u0449\u0438\u0435",
        "location": {
            "bottom": 1290,
            "top": 1254,
            "left": 524,
            "right": 829
        },
        "id": 22,
        "isClick": false,
        "type": "text"
    },
    {
        "content": "\u043e\u043f\u043b\u0430\u0442\u044b ,",
        "location": {
            "bottom": 1288,
            "top": 1254,
            "left": 844,
            "right": 1015
        },
        "id": 23,
        "isClick": false,
        "type": "text"
    },
    {
        "content": "\u0438\u0441\u043f\u043e\u043b\u044c\u0437\u0443\u044f",
        "location": {
            "bottom": 1345,
            "top": 1306,
            "left": 336,
            "right": 559
        },
        "id": 24,
        "isClick": false,
        "type": "text"
    },
    {
        "content": "\u043f\u0430\u0440\u043e\u043b\u044c .",
        "location": {
            "bottom": 1345,
            "top": 1307,
            "left": 580,
            "right": 741
        },
        "id": 25,
        "isClick": false,
        "type": "text"
    }
]