[
    {
        "isClick": false,
        "id": 0,
        "content": ". f",
        "type": "text",
        "location": {
            "right": 62,
            "top": 6,
            "left": 13,
            "bottom": 27
        }
    },
    {
        "isClick": false,
        "id": 1,
        "content": "f",
        "type": "text",
        "location": {
            "right": 93,
            "top": 5,
            "left": 77,
            "bottom": 26
        }
    },
    {
        "isClick": false,
        "id": 2,
        "content": "f 90 %",
        "type": "text",
        "location": {
            "right": 190,
            "top": 5,
            "left": 109,
            "bottom": 26
        }
    },
    {
        "isClick": false,
        "id": 3,
        "content": "90",
        "type": "text",
        "location": {
            "right": 222,
            "top": 10,
            "left": 202,
            "bottom": 22
        }
    },
    {
        "isClick": false,
        "id": 4,
        "content": "90 90",
        "type": "text",
        "location": {
            "right": 347,
            "top": 9,
            "left": 297,
            "bottom": 22
        }
    },
    {
        "isClick": false,
        "id": 5,
        "content": "3:59",
        "type": "text",
        "location": {
            "right": 527,
            "top": 10,
            "left": 494,
            "bottom": 22
        }
    },
    {
        "isClick": false,
        "id": 6,
        "content": "Log in with Facebook",
        "type": "text",
        "location": {
            "right": 380,
            "top": 57,
            "left": 158,
            "bottom": 79
        }
    },
    {
        "isClick": false,
        "id": 7,
        "content": "Continue as Raphael",
        "type": "text",
        "location": {
            "right": 387,
            "top": 384,
            "left": 152,
            "bottom": 410
        }
    },
    {
        "isClick": false,
        "id": 8,
        "content": "ChatVideo App will receive :",
        "type": "text",
        "location": {
            "right": 387,
            "top": 443,
            "left": 152,
            "bottom": 461
        }
    },
    {
        "isClick": false,
        "id": 9,
        "content": "your public profile , friend list and",
        "type": "text",
        "location": {
            "right": 343,
            "top": 465,
            "left": 62,
            "bottom": 487
        }
    },
    {
        "isClick": false,
        "id": 10,
        "content": "email address .",
        "type": "text",
        "location": {
            "right": 476,
            "top": 464,
            "left": 351,
            "bottom": 484
        }
    },
    {
        "isClick": false,
        "id": 11,
        "content": "Edit This",
        "type": "text",
        "location": {
            "right": 320,
            "top": 513,
            "left": 251,
            "bottom": 537
        }
    },
    {
        "isClick": true,
        "id": 12,
        "content": "Continue",
        "type": "text",
        "location": {
            "right": 305,
            "top": 737,
            "left": 235,
            "bottom": 749
        }
    },
    {
        "isClick": false,
        "id": 13,
        "content": "This doesn't let the app post to Facebook .",
        "type": "text",
        "location": {
            "right": 438,
            "top": 819,
            "left": 124,
            "bottom": 835
        }
    }
]