[
    {
        "isClick": true,
        "id": 0,
        "content": "\u0425",
        "type": "text",
        "location": {
            "right": 28,
            "top": 13,
            "left": 13,
            "bottom": 28
        }
    },
    {
        "isClick": false,
        "id": 1,
        "content": "A",
        "type": "text",
        "location": {
            "right": 464,
            "top": 62,
            "left": 449,
            "bottom": 66
        }
    },
    {
        "isClick": false,
        "id": 2,
        "content": "Insights",
        "type": "text",
        "location": {
            "right": 263,
            "top": 546,
            "left": 116,
            "bottom": 593
        }
    },
    {
        "isClick": false,
        "id": 3,
        "content": "you can",
        "type": "text",
        "location": {
            "right": 265,
            "top": 610,
            "left": 114,
            "bottom": 645
        }
    },
    {
        "isClick": false,
        "id": 4,
        "content": "use",
        "type": "text",
        "location": {
            "right": 349,
            "top": 610,
            "left": 282,
            "bottom": 638
        }
    },
    {
        "isClick": false,
        "id": 5,
        "content": "Learn More",
        "type": "text",
        "location": {
            "right": 243,
            "top": 688,
            "left": 138,
            "bottom": 704
        }
    },
    {
        "isClick": false,
        "id": 6,
        "content": "Google Analytics 360 Suite",
        "type": "text",
        "location": {
            "right": 426,
            "top": 780,
            "left": 111,
            "bottom": 811
        }
    },
    {
        "isClick": false,
        "id": 7,
        "content": "O",
        "type": "text",
        "location": {
            "right": 281,
            "top": 917,
            "left": 258,
            "bottom": 940
        }
    }
]