[
    {
        "isClick": false,
        "id": 0,
        "content": "renewing",
        "type": "text",
        "location": {
            "right": 353,
            "top": 203,
            "left": 112,
            "bottom": 275
        }
    },
    {
        "isClick": false,
        "id": 1,
        "content": "my",
        "type": "text",
        "location": {
            "right": 453,
            "top": 217,
            "left": 379,
            "bottom": 270
        }
    },
    {
        "isClick": false,
        "id": 2,
        "content": "cries",
        "type": "text",
        "location": {
            "right": 595,
            "top": 203,
            "left": 477,
            "bottom": 252
        }
    },
    {
        "isClick": false,
        "id": 3,
        "content": ",",
        "type": "text",
        "location": {
            "right": 608,
            "top": 242,
            "left": 600,
            "bottom": 262
        }
    },
    {
        "isClick": false,
        "id": 4,
        "content": "in",
        "type": "text",
        "location": {
            "right": 678,
            "top": 203,
            "left": 633,
            "bottom": 252
        }
    },
    {
        "isClick": false,
        "id": 5,
        "content": "order",
        "type": "text",
        "location": {
            "right": 841,
            "top": 198,
            "left": 700,
            "bottom": 252
        }
    },
    {
        "isClick": false,
        "id": 6,
        "content": "that",
        "type": "text",
        "location": {
            "right": 969,
            "top": 198,
            "left": 865,
            "bottom": 252
        }
    },
    {
        "isClick": false,
        "id": 7,
        "content": "my",
        "type": "text",
        "location": {
            "right": 189,
            "top": 294,
            "left": 114,
            "bottom": 348
        }
    },
    {
        "isClick": false,
        "id": 8,
        "content": "discovery",
        "type": "text",
        "location": {
            "right": 485,
            "top": 264,
            "left": 221,
            "bottom": 348
        }
    },
    {
        "isClick": false,
        "id": 9,
        "content": "might",
        "type": "text",
        "location": {
            "right": 679,
            "top": 261,
            "left": 523,
            "bottom": 343
        }
    },
    {
        "isClick": false,
        "id": 10,
        "content": "come",
        "type": "text",
        "location": {
            "right": 851,
            "top": 291,
            "left": 711,
            "bottom": 329
        }
    },
    {
        "isClick": false,
        "id": 11,
        "content": "the",
        "type": "text",
        "location": {
            "right": 967,
            "top": 274,
            "left": 883,
            "bottom": 328
        }
    },
    {
        "isClick": false,
        "id": 12,
        "content": "sooner ,",
        "type": "text",
        "location": {
            "right": 299,
            "top": 369,
            "left": 114,
            "bottom": 413
        }
    },
    {
        "isClick": false,
        "id": 13,
        "content": "when",
        "type": "text",
        "location": {
            "right": 477,
            "top": 350,
            "left": 332,
            "bottom": 404
        }
    },
    {
        "isClick": false,
        "id": 14,
        "content": "in",
        "type": "text",
        "location": {
            "right": 553,
            "top": 355,
            "left": 508,
            "bottom": 404
        }
    },
    {
        "isClick": false,
        "id": 15,
        "content": "an",
        "type": "text",
        "location": {
            "right": 645,
            "top": 369,
            "left": 586,
            "bottom": 404
        }
    },
    {
        "isClick": false,
        "id": 16,
        "content": "instant",
        "type": "text",
        "location": {
            "right": 859,
            "top": 355,
            "left": 678,
            "bottom": 404
        }
    },
    {
        "isClick": false,
        "id": 17,
        "content": "my",
        "type": "text",
        "location": {
            "right": 965,
            "top": 370,
            "left": 892,
            "bottom": 421
        }
    },
    {
        "isClick": false,
        "id": 18,
        "content": "delight",
        "type": "text",
        "location": {
            "right": 289,
            "top": 426,
            "left": 112,
            "bottom": 497
        }
    },
    {
        "isClick": false,
        "id": 19,
        "content": "was",
        "type": "text",
        "location": {
            "right": 415,
            "top": 446,
            "left": 317,
            "bottom": 481
        }
    },
    {
        "isClick": false,
        "id": 20,
        "content": "turned",
        "type": "text",
        "location": {
            "right": 617,
            "top": 426,
            "left": 443,
            "bottom": 481
        }
    },
    {
        "isClick": false,
        "id": 21,
        "content": "to",
        "type": "text",
        "location": {
            "right": 691,
            "top": 437,
            "left": 645,
            "bottom": 479
        }
    },
    {
        "isClick": false,
        "id": 22,
        "content": "horror",
        "type": "text",
        "location": {
            "right": 887,
            "top": 426,
            "left": 721,
            "bottom": 481
        }
    },
    {
        "isClick": false,
        "id": 23,
        "content": "as",
        "type": "text",
        "location": {
            "right": 965,
            "top": 413,
            "left": 913,
            "bottom": 480
        }
    },
    {
        "isClick": false,
        "id": 24,
        "content": "I",
        "type": "text",
        "location": {
            "right": 120,
            "top": 505,
            "left": 114,
            "bottom": 555
        }
    },
    {
        "isClick": false,
        "id": 25,
        "content": "listened",
        "type": "text",
        "location": {
            "right": 343,
            "top": 495,
            "left": 148,
            "bottom": 561
        }
    },
    {
        "isClick": false,
        "id": 26,
        "content": ";",
        "type": "text",
        "location": {
            "right": 355,
            "top": 524,
            "left": 348,
            "bottom": 565
        }
    },
    {
        "isClick": false,
        "id": 27,
        "content": "for",
        "type": "text",
        "location": {
            "right": 458,
            "top": 502,
            "left": 382,
            "bottom": 577
        }
    },
    {
        "isClick": false,
        "id": 28,
        "content": "my",
        "type": "text",
        "location": {
            "right": 559,
            "top": 522,
            "left": 485,
            "bottom": 578
        }
    },
    {
        "isClick": false,
        "id": 29,
        "content": "ever",
        "type": "text",
        "location": {
            "right": 697,
            "top": 521,
            "left": 585,
            "bottom": 555
        }
    },
    {
        "isClick": false,
        "id": 30,
        "content": "acute",
        "type": "text",
        "location": {
            "right": 857,
            "top": 513,
            "left": 723,
            "bottom": 555
        }
    },
    {
        "isClick": false,
        "id": 31,
        "content": "ear ,",
        "type": "text",
        "location": {
            "right": 968,
            "top": 521,
            "left": 893,
            "bottom": 565
        }
    },
    {
        "isClick": false,
        "id": 32,
        "content": "now",
        "type": "text",
        "location": {
            "right": 221,
            "top": 598,
            "left": 114,
            "bottom": 655
        }
    },
    {
        "isClick": false,
        "id": 33,
        "content": "sharpened",
        "type": "text",
        "location": {
            "right": 523,
            "top": 568,
            "left": 255,
            "bottom": 655
        }
    },
    {
        "isClick": false,
        "id": 34,
        "content": "in",
        "type": "text",
        "location": {
            "right": 601,
            "top": 582,
            "left": 560,
            "bottom": 633
        }
    },
    {
        "isClick": false,
        "id": 35,
        "content": "even",
        "type": "text",
        "location": {
            "right": 751,
            "top": 598,
            "left": 630,
            "bottom": 655
        }
    },
    {
        "isClick": false,
        "id": 36,
        "content": "greater",
        "type": "text",
        "location": {
            "right": 973,
            "top": 589,
            "left": 776,
            "bottom": 655
        }
    },
    {
        "isClick": false,
        "id": 37,
        "content": "degree",
        "type": "text",
        "location": {
            "right": 284,
            "top": 654,
            "left": 111,
            "bottom": 731
        }
    },
    {
        "isClick": false,
        "id": 38,
        "content": "by",
        "type": "text",
        "location": {
            "right": 364,
            "top": 654,
            "left": 305,
            "bottom": 728
        }
    },
    {
        "isClick": false,
        "id": 39,
        "content": "the",
        "type": "text",
        "location": {
            "right": 465,
            "top": 654,
            "left": 386,
            "bottom": 708
        }
    },
    {
        "isClick": false,
        "id": 40,
        "content": "complete",
        "type": "text",
        "location": {
            "right": 711,
            "top": 654,
            "left": 485,
            "bottom": 728
        }
    },
    {
        "isClick": false,
        "id": 41,
        "content": "silence",
        "type": "text",
        "location": {
            "right": 897,
            "top": 648,
            "left": 731,
            "bottom": 707
        }
    },
    {
        "isClick": false,
        "id": 42,
        "content": "of",
        "type": "text",
        "location": {
            "right": 975,
            "top": 654,
            "left": 915,
            "bottom": 724
        }
    },
    {
        "isClick": false,
        "id": 43,
        "content": "the",
        "type": "text",
        "location": {
            "right": 191,
            "top": 726,
            "left": 112,
            "bottom": 784
        }
    },
    {
        "isClick": false,
        "id": 44,
        "content": "cave ,",
        "type": "text",
        "location": {
            "right": 339,
            "top": 750,
            "left": 218,
            "bottom": 793
        }
    },
    {
        "isClick": false,
        "id": 45,
        "content": "bore",
        "type": "text",
        "location": {
            "right": 484,
            "top": 729,
            "left": 371,
            "bottom": 785
        }
    },
    {
        "isClick": false,
        "id": 46,
        "content": "to",
        "type": "text",
        "location": {
            "right": 560,
            "top": 741,
            "left": 512,
            "bottom": 784
        }
    },
    {
        "isClick": false,
        "id": 47,
        "content": "my",
        "type": "text",
        "location": {
            "right": 663,
            "top": 723,
            "left": 590,
            "bottom": 800
        }
    },
    {
        "isClick": false,
        "id": 48,
        "content": "benumbed",
        "type": "text",
        "location": {
            "right": 966,
            "top": 721,
            "left": 695,
            "bottom": 785
        }
    },
    {
        "isClick": false,
        "id": 49,
        "content": "understanding",
        "type": "text",
        "location": {
            "right": 511,
            "top": 806,
            "left": 112,
            "bottom": 875
        }
    },
    {
        "isClick": false,
        "id": 50,
        "content": "the",
        "type": "text",
        "location": {
            "right": 625,
            "top": 806,
            "left": 544,
            "bottom": 860
        }
    },
    {
        "isClick": false,
        "id": 51,
        "content": "unexpected",
        "type": "text",
        "location": {
            "right": 967,
            "top": 806,
            "left": 658,
            "bottom": 875
        }
    },
    {
        "isClick": false,
        "id": 52,
        "content": "and",
        "type": "text",
        "location": {
            "right": 211,
            "top": 881,
            "left": 114,
            "bottom": 937
        }
    },
    {
        "isClick": false,
        "id": 53,
        "content": "dreadful",
        "type": "text",
        "location": {
            "right": 499,
            "top": 872,
            "left": 246,
            "bottom": 952
        }
    },
    {
        "isClick": false,
        "id": 54,
        "content": "knowledge",
        "type": "text",
        "location": {
            "right": 823,
            "top": 873,
            "left": 520,
            "bottom": 953
        }
    },
    {
        "isClick": false,
        "id": 55,
        "content": "that",
        "type": "text",
        "location": {
            "right": 969,
            "top": 881,
            "left": 858,
            "bottom": 937
        }
    },
    {
        "isClick": false,
        "id": 56,
        "content": "these",
        "type": "text",
        "location": {
            "right": 242,
            "top": 957,
            "left": 112,
            "bottom": 1016
        }
    },
    {
        "isClick": false,
        "id": 57,
        "content": "footfalls",
        "type": "text",
        "location": {
            "right": 464,
            "top": 951,
            "left": 263,
            "bottom": 1027
        }
    },
    {
        "isClick": false,
        "id": 58,
        "content": "were",
        "type": "text",
        "location": {
            "right": 608,
            "top": 977,
            "left": 485,
            "bottom": 1012
        }
    },
    {
        "isClick": false,
        "id": 59,
        "content": "not",
        "type": "text",
        "location": {
            "right": 708,
            "top": 968,
            "left": 629,
            "bottom": 1011
        }
    },
    {
        "isClick": false,
        "id": 60,
        "content": "like",
        "type": "text",
        "location": {
            "right": 813,
            "top": 951,
            "left": 732,
            "bottom": 1015
        }
    },
    {
        "isClick": false,
        "id": 61,
        "content": "those",
        "type": "text",
        "location": {
            "right": 966,
            "top": 957,
            "left": 831,
            "bottom": 1011
        }
    },
    {
        "isClick": false,
        "id": 62,
        "content": "of",
        "type": "text",
        "location": {
            "right": 171,
            "top": 1033,
            "left": 112,
            "bottom": 1105
        }
    },
    {
        "isClick": false,
        "id": 63,
        "content": "any",
        "type": "text",
        "location": {
            "right": 277,
            "top": 1030,
            "left": 187,
            "bottom": 1104
        }
    },
    {
        "isClick": false,
        "id": 64,
        "content": "mortal",
        "type": "text",
        "location": {
            "right": 469,
            "top": 1028,
            "left": 305,
            "bottom": 1089
        }
    },
    {
        "isClick": false,
        "id": 65,
        "content": "man .",
        "type": "text",
        "location": {
            "right": 618,
            "top": 1053,
            "left": 497,
            "bottom": 1089
        }
    },
    {
        "isClick": false,
        "id": 66,
        "content": "In",
        "type": "text",
        "location": {
            "right": 189,
            "top": 1143,
            "left": 148,
            "bottom": 1193
        }
    },
    {
        "isClick": false,
        "id": 67,
        "content": "the",
        "type": "text",
        "location": {
            "right": 291,
            "top": 1140,
            "left": 211,
            "bottom": 1193
        }
    },
    {
        "isClick": false,
        "id": 68,
        "content": "unearthly",
        "type": "text",
        "location": {
            "right": 557,
            "top": 1140,
            "left": 311,
            "bottom": 1213
        }
    },
    {
        "isClick": false,
        "id": 69,
        "content": "stillness",
        "type": "text",
        "location": {
            "right": 779,
            "top": 1140,
            "left": 581,
            "bottom": 1193
        }
    },
    {
        "isClick": false,
        "id": 70,
        "content": "of this",
        "type": "text",
        "location": {
            "right": 965,
            "top": 1140,
            "left": 801,
            "bottom": 1209
        }
    },
    {
        "isClick": false,
        "id": 71,
        "content": "subterranean",
        "type": "text",
        "location": {
            "right": 466,
            "top": 1217,
            "left": 113,
            "bottom": 1273
        }
    },
    {
        "isClick": false,
        "id": 72,
        "content": "region ,",
        "type": "text",
        "location": {
            "right": 682,
            "top": 1220,
            "left": 500,
            "bottom": 1286
        }
    },
    {
        "isClick": false,
        "id": 73,
        "content": "the",
        "type": "text",
        "location": {
            "right": 797,
            "top": 1217,
            "left": 716,
            "bottom": 1271
        }
    },
    {
        "isClick": false,
        "id": 74,
        "content": "tread",
        "type": "text",
        "location": {
            "right": 967,
            "top": 1217,
            "left": 829,
            "bottom": 1269
        }
    },
    {
        "isClick": false,
        "id": 75,
        "content": "of",
        "type": "text",
        "location": {
            "right": 171,
            "top": 1289,
            "left": 111,
            "bottom": 1362
        }
    },
    {
        "isClick": false,
        "id": 76,
        "content": "the",
        "type": "text",
        "location": {
            "right": 270,
            "top": 1290,
            "left": 189,
            "bottom": 1345
        }
    },
    {
        "isClick": false,
        "id": 77,
        "content": "booted",
        "type": "text",
        "location": {
            "right": 472,
            "top": 1289,
            "left": 297,
            "bottom": 1345
        }
    },
    {
        "isClick": false,
        "id": 78,
        "content": "guide",
        "type": "text",
        "location": {
            "right": 641,
            "top": 1286,
            "left": 500,
            "bottom": 1362
        }
    },
    {
        "isClick": false,
        "id": 79,
        "content": "would",
        "type": "text",
        "location": {
            "right": 824,
            "top": 1291,
            "left": 667,
            "bottom": 1345
        }
    },
    {
        "isClick": false,
        "id": 80,
        "content": "have",
        "type": "text",
        "location": {
            "right": 968,
            "top": 1291,
            "left": 853,
            "bottom": 1345
        }
    },
    {
        "isClick": false,
        "id": 81,
        "content": "sounded",
        "type": "text",
        "location": {
            "right": 339,
            "top": 1353,
            "left": 113,
            "bottom": 1425
        }
    },
    {
        "isClick": false,
        "id": 82,
        "content": "like",
        "type": "text",
        "location": {
            "right": 459,
            "top": 1368,
            "left": 373,
            "bottom": 1425
        }
    },
    {
        "isClick": false,
        "id": 83,
        "content": "a",
        "type": "text",
        "location": {
            "right": 516,
            "top": 1359,
            "left": 490,
            "bottom": 1421
        }
    },
    {
        "isClick": false,
        "id": 84,
        "content": "series",
        "type": "text",
        "location": {
            "right": 699,
            "top": 1372,
            "left": 549,
            "bottom": 1425
        }
    },
    {
        "isClick": false,
        "id": 85,
        "content": "of",
        "type": "text",
        "location": {
            "right": 791,
            "top": 1368,
            "left": 731,
            "bottom": 1439
        }
    },
    {
        "isClick": false,
        "id": 86,
        "content": "sharp",
        "type": "text",
        "location": {
            "right": 969,
            "top": 1368,
            "left": 817,
            "bottom": 1441
        }
    },
    {
        "isClick": false,
        "id": 87,
        "content": "and",
        "type": "text",
        "location": {
            "right": 205,
            "top": 1444,
            "left": 114,
            "bottom": 1493
        }
    },
    {
        "isClick": false,
        "id": 88,
        "content": "incisive",
        "type": "text",
        "location": {
            "right": 417,
            "top": 1448,
            "left": 234,
            "bottom": 1493
        }
    },
    {
        "isClick": false,
        "id": 89,
        "content": "blows .",
        "type": "text",
        "location": {
            "right": 603,
            "top": 1444,
            "left": 444,
            "bottom": 1493
        }
    }
]