[
    {
        "location": {
            "bottom": 26,
            "top": 12,
            "right": 190,
            "left": 154
        },
        "type": "text",
        "id": 0,
        "content": "FAK",
        "isClick": false
    },
    {
        "location": {
            "bottom": 46,
            "top": 17,
            "right": 1057,
            "left": 989
        },
        "type": "text",
        "id": 1,
        "content": "6:04",
        "isClick": false
    },
    {
        "location": {
            "bottom": 388,
            "top": 352,
            "right": 439,
            "left": 92
        },
        "type": "text",
        "id": 2,
        "content": "Slide08-06-07-50.mp4",
        "isClick": false
    },
    {
        "location": {
            "bottom": 486,
            "top": 451,
            "right": 366,
            "left": 93
        },
        "type": "text",
        "id": 3,
        "content": "IMG_02245f.mp4",
        "isClick": false
    },
    {
        "location": {
            "bottom": 588,
            "top": 553,
            "right": 440,
            "left": 92
        },
        "type": "text",
        "id": 4,
        "content": "Slide08-06-07-50.mp4",
        "isClick": false
    },
    {
        "location": {
            "bottom": 1779,
            "top": 1758,
            "right": 182,
            "left": 90
        },
        "type": "text",
        "id": 5,
        "content": "Movies",
        "isClick": false
    },
    {
        "location": {
            "bottom": 1779,
            "top": 1758,
            "right": 458,
            "left": 354
        },
        "type": "text",
        "id": 6,
        "content": "Favorite",
        "isClick": false
    },
    {
        "location": {
            "bottom": 1779,
            "top": 1757,
            "right": 724,
            "left": 629
        },
        "type": "text",
        "id": 7,
        "content": "Folders",
        "isClick": false
    },
    {
        "location": {
            "bottom": 1779,
            "top": 1757,
            "right": 970,
            "left": 923
        },
        "type": "text",
        "id": 8,
        "content": "Info",
        "isClick": false
    }
]