[
    {
        "isClick": false,
        "id": 0,
        "content": "FAKT",
        "type": "text",
        "location": {
            "right": 756,
            "top": 12,
            "left": 721,
            "bottom": 26
        }
    },
    {
        "isClick": false,
        "id": 1,
        "content": "9",
        "type": "text",
        "location": {
            "right": 111,
            "top": 12,
            "left": 90,
            "bottom": 49
        }
    },
    {
        "isClick": false,
        "id": 2,
        "content": "1990",
        "type": "text",
        "location": {
            "right": 379,
            "top": 12,
            "left": 162,
            "bottom": 51
        }
    },
    {
        "isClick": false,
        "id": 3,
        "content": "EL",
        "type": "text",
        "location": {
            "right": 500,
            "top": 20,
            "left": 468,
            "bottom": 40
        }
    },
    {
        "isClick": false,
        "id": 4,
        "content": "9:25",
        "type": "text",
        "location": {
            "right": 1056,
            "top": 19,
            "left": 988,
            "bottom": 45
        }
    },
    {
        "isClick": false,
        "id": 5,
        "content": "SUPERBOOK",
        "type": "text",
        "location": {
            "right": 695,
            "top": 80,
            "left": 386,
            "bottom": 167
        }
    },
    {
        "isClick": false,
        "id": 6,
        "content": "0",
        "type": "text",
        "location": {
            "right": 912,
            "top": 105,
            "left": 901,
            "bottom": 142
        }
    },
    {
        "isClick": false,
        "id": 7,
        "content": "+",
        "type": "text",
        "location": {
            "right": 705,
            "top": 304,
            "left": 670,
            "bottom": 351
        }
    },
    {
        "isClick": false,
        "id": 8,
        "content": "LAR",
        "type": "text",
        "location": {
            "right": 971,
            "top": 386,
            "left": 955,
            "bottom": 413
        }
    },
    {
        "isClick": false,
        "id": 9,
        "content": "THE BIBLE",
        "type": "text",
        "location": {
            "right": 323,
            "top": 444,
            "left": 195,
            "bottom": 460
        }
    },
    {
        "isClick": false,
        "id": 10,
        "content": "WANT TO KNOW GOD ?",
        "type": "text",
        "location": {
            "right": 951,
            "top": 443,
            "left": 688,
            "bottom": 461
        }
    },
    {
        "isClick": false,
        "id": 11,
        "content": "0",
        "type": "text",
        "location": {
            "right": 138,
            "top": 569,
            "left": 130,
            "bottom": 580
        }
    },
    {
        "isClick": false,
        "id": 12,
        "content": "BIBLE Q",
        "type": "text",
        "location": {
            "right": 278,
            "top": 705,
            "left": 188,
            "bottom": 725
        }
    },
    {
        "isClick": false,
        "id": 13,
        "content": "&",
        "type": "text",
        "location": {
            "right": 301,
            "top": 705,
            "left": 296,
            "bottom": 723
        }
    },
    {
        "isClick": false,
        "id": 14,
        "content": "A",
        "type": "text",
        "location": {
            "right": 326,
            "top": 705,
            "left": 321,
            "bottom": 725
        }
    },
    {
        "isClick": false,
        "id": 15,
        "content": "BIBLE PROFILES",
        "type": "text",
        "location": {
            "right": 921,
            "top": 705,
            "left": 719,
            "bottom": 721
        }
    },
    {
        "isClick": false,
        "id": 16,
        "content": "10",
        "type": "text",
        "location": {
            "right": 128,
            "top": 840,
            "left": 121,
            "bottom": 853
        }
    },
    {
        "isClick": true,
        "id": 17,
        "content": "DDM",
        "type": "text",
        "location": {
            "right": 298,
            "top": 833,
            "left": 186,
            "bottom": 864
        }
    },
    {
        "isClick": true,
        "id": 18,
        "content": "SE",
        "type": "text",
        "location": {
            "right": 197,
            "top": 880,
            "left": 138,
            "bottom": 906
        }
    },
    {
        "isClick": true,
        "id": 19,
        "content": "VER",
        "type": "text",
        "location": {
            "right": 355,
            "top": 878,
            "left": 223,
            "bottom": 908
        }
    },
    {
        "isClick": false,
        "id": 20,
        "content": "F",
        "type": "text",
        "location": {
            "right": 150,
            "top": 931,
            "left": 140,
            "bottom": 944
        }
    },
    {
        "isClick": false,
        "id": 21,
        "content": "V",
        "type": "text",
        "location": {
            "right": 201,
            "top": 931,
            "left": 183,
            "bottom": 944
        }
    },
    {
        "isClick": false,
        "id": 22,
        "content": "V",
        "type": "text",
        "location": {
            "right": 249,
            "top": 931,
            "left": 231,
            "bottom": 944
        }
    },
    {
        "isClick": false,
        "id": 23,
        "content": "GAMES",
        "type": "text",
        "location": {
            "right": 300,
            "top": 963,
            "left": 217,
            "bottom": 982
        }
    },
    {
        "isClick": false,
        "id": 24,
        "content": "PHOTOS & VIDEOS",
        "type": "text",
        "location": {
            "right": 931,
            "top": 966,
            "left": 709,
            "bottom": 982
        }
    },
    {
        "isClick": false,
        "id": 25,
        "content": "WATCH EPISODES",
        "type": "text",
        "location": {
            "right": 366,
            "top": 1227,
            "left": 151,
            "bottom": 1243
        }
    },
    {
        "isClick": false,
        "id": 26,
        "content": "DAILY QUESTS",
        "type": "text",
        "location": {
            "right": 907,
            "top": 1227,
            "left": 734,
            "bottom": 1246
        }
    }
]