[
    {
        "content": "FAKT",
        "location": {
            "bottom": 25,
            "top": 11,
            "left": 217,
            "right": 249
        },
        "id": 0,
        "isClick": false,
        "type": "text"
    },
    {
        "content": "FAQ",
        "location": {
            "bottom": 54,
            "top": 10,
            "left": 29,
            "right": 192
        },
        "id": 1,
        "isClick": false,
        "type": "text"
    },
    {
        "content": "52:14",
        "location": {
            "bottom": 48,
            "top": 11,
            "left": 941,
            "right": 1057
        },
        "id": 2,
        "isClick": false,
        "type": "text"
    },
    {
        "content": "Program",
        "location": {
            "bottom": 148,
            "top": 105,
            "left": 340,
            "right": 504
        },
        "id": 3,
        "isClick": false,
        "type": "text"
    },
    {
        "content": "description",
        "location": {
            "bottom": 148,
            "top": 104,
            "left": 522,
            "right": 740
        },
        "id": 4,
        "isClick": false,
        "type": "text"
    },
    {
        "content": "Fitness",
        "location": {
            "bottom": 253,
            "top": 217,
            "left": 250,
            "right": 393
        },
        "id": 5,
        "isClick": false,
        "type": "text"
    },
    {
        "content": "diet for",
        "location": {
            "bottom": 253,
            "top": 216,
            "left": 408,
            "right": 551
        },
        "id": 6,
        "isClick": false,
        "type": "text"
    },
    {
        "content": "active",
        "location": {
            "bottom": 253,
            "top": 217,
            "left": 566,
            "right": 683
        },
        "id": 7,
        "isClick": false,
        "type": "text"
    },
    {
        "content": "people",
        "location": {
            "bottom": 260,
            "top": 217,
            "left": 699,
            "right": 831
        },
        "id": 8,
        "isClick": false,
        "type": "text"
    },
    {
        "content": "Duration :",
        "location": {
            "bottom": 331,
            "top": 301,
            "left": 28,
            "right": 170
        },
        "id": 9,
        "isClick": false,
        "type": "text"
    },
    {
        "content": "15",
        "location": {
            "bottom": 331,
            "top": 302,
            "left": 555,
            "right": 593
        },
        "id": 10,
        "isClick": false,
        "type": "text"
    },
    {
        "content": "days",
        "location": {
            "bottom": 338,
            "top": 300,
            "left": 605,
            "right": 680
        },
        "id": 11,
        "isClick": false,
        "type": "text"
    },
    {
        "content": "Weight loss",
        "location": {
            "bottom": 411,
            "top": 376,
            "left": 27,
            "right": 213
        },
        "id": 12,
        "isClick": false,
        "type": "text"
    },
    {
        "content": ":",
        "location": {
            "bottom": 407,
            "top": 385,
            "left": 217,
            "right": 221
        },
        "id": 13,
        "isClick": false,
        "type": "text"
    },
    {
        "content": "2.2 lb",
        "location": {
            "bottom": 406,
            "top": 376,
            "left": 554,
            "right": 643
        },
        "id": 14,
        "isClick": false,
        "type": "text"
    },
    {
        "content": "Popularity",
        "location": {
            "bottom": 489,
            "top": 452,
            "left": 28,
            "right": 185
        },
        "id": 15,
        "isClick": false,
        "type": "text"
    },
    {
        "content": ":",
        "location": {
            "bottom": 482,
            "top": 460,
            "left": 187,
            "right": 197
        },
        "id": 16,
        "isClick": false,
        "type": "text"
    },
    {
        "content": "315",
        "location": {
            "bottom": 482,
            "top": 452,
            "left": 554,
            "right": 613
        },
        "id": 17,
        "isClick": false,
        "type": "text"
    },
    {
        "content": "To get a",
        "location": {
            "bottom": 595,
            "top": 559,
            "left": 27,
            "right": 154
        },
        "id": 18,
        "isClick": false,
        "type": "text"
    },
    {
        "content": "beautiful",
        "location": {
            "bottom": 593,
            "top": 555,
            "left": 169,
            "right": 306
        },
        "id": 19,
        "isClick": false,
        "type": "text"
    },
    {
        "content": "and well - shaped",
        "location": {
            "bottom": 595,
            "top": 554,
            "left": 321,
            "right": 581
        },
        "id": 20,
        "isClick": false,
        "type": "text"
    },
    {
        "content": "body , you",
        "location": {
            "bottom": 596,
            "top": 556,
            "left": 596,
            "right": 743
        },
        "id": 21,
        "isClick": false,
        "type": "text"
    },
    {
        "content": "need to combine",
        "location": {
            "bottom": 593,
            "top": 555,
            "left": 758,
            "right": 1026
        },
        "id": 22,
        "isClick": false,
        "type": "text"
    },
    {
        "content": "exercise with healthy nutrition .",
        "location": {
            "bottom": 637,
            "top": 600,
            "left": 28,
            "right": 520
        },
        "id": 23,
        "isClick": false,
        "type": "text"
    },
    {
        "content": "Two hours before training , eat meals such as chicken or fish ,",
        "location": {
            "bottom": 722,
            "top": 685,
            "left": 27,
            "right": 1011
        },
        "id": 24,
        "isClick": false,
        "type": "text"
    },
    {
        "content": "an omelette , or drink sour milk products .",
        "location": {
            "bottom": 765,
            "top": 729,
            "left": 28,
            "right": 682
        },
        "id": 25,
        "isClick": false,
        "type": "text"
    },
    {
        "content": "You",
        "location": {
            "bottom": 865,
            "top": 830,
            "left": 67,
            "right": 138
        },
        "id": 26,
        "isClick": false,
        "type": "text"
    },
    {
        "content": "will get",
        "location": {
            "bottom": 874,
            "top": 827,
            "left": 157,
            "right": 294
        },
        "id": 27,
        "isClick": false,
        "type": "text"
    },
    {
        "content": "a",
        "location": {
            "bottom": 865,
            "top": 838,
            "left": 310,
            "right": 328
        },
        "id": 28,
        "isClick": false,
        "type": "text"
    },
    {
        "content": "schedule",
        "location": {
            "bottom": 865,
            "top": 827,
            "left": 346,
            "right": 522
        },
        "id": 29,
        "isClick": false,
        "type": "text"
    },
    {
        "content": "of",
        "location": {
            "bottom": 865,
            "top": 828,
            "left": 537,
            "right": 576
        },
        "id": 30,
        "isClick": false,
        "type": "text"
    },
    {
        "content": "meals",
        "location": {
            "bottom": 865,
            "top": 827,
            "left": 591,
            "right": 708
        },
        "id": 31,
        "isClick": false,
        "type": "text"
    },
    {
        "content": "and",
        "location": {
            "bottom": 865,
            "top": 828,
            "left": 725,
            "right": 793
        },
        "id": 32,
        "isClick": false,
        "type": "text"
    },
    {
        "content": "trainings .",
        "location": {
            "bottom": 874,
            "top": 828,
            "left": 809,
            "right": 991
        },
        "id": 33,
        "isClick": false,
        "type": "text"
    },
    {
        "content": "Start",
        "location": {
            "bottom": 921,
            "top": 881,
            "left": 67,
            "right": 161
        },
        "id": 34,
        "isClick": false,
        "type": "text"
    },
    {
        "content": "using this",
        "location": {
            "bottom": 928,
            "top": 882,
            "left": 177,
            "right": 367
        },
        "id": 35,
        "isClick": false,
        "type": "text"
    },
    {
        "content": "program",
        "location": {
            "bottom": 929,
            "top": 889,
            "left": 383,
            "right": 531
        },
        "id": 36,
        "isClick": false,
        "type": "text"
    },
    {
        "content": "?",
        "location": {
            "bottom": 921,
            "top": 882,
            "left": 557,
            "right": 569
        },
        "id": 37,
        "isClick": false,
        "type": "text"
    },
    {
        "content": "Cancel",
        "location": {
            "bottom": 1045,
            "top": 1008,
            "left": 216,
            "right": 346
        },
        "id": 38,
        "isClick": false,
        "type": "text"
    },
    {
        "content": "OK",
        "location": {
            "bottom": 1044,
            "top": 1009,
            "left": 769,
            "right": 825
        },
        "id": 39,
        "isClick": true,
        "type": "text"
    },
    {
        "content": "poay with sweat , you need to regularly restore your water",
        "location": {
            "bottom": 1109,
            "top": 1075,
            "left": 29,
            "right": 952
        },
        "id": 40,
        "isClick": true,
        "type": "text"
    },
    {
        "content": "balance .",
        "location": {
            "bottom": 1145,
            "top": 1112,
            "left": 29,
            "right": 161
        },
        "id": 41,
        "isClick": false,
        "type": "text"
    },
    {
        "content": "If you want to get an athletic body , eat 20 min .",
        "location": {
            "bottom": 1237,
            "top": 1193,
            "left": 29,
            "right": 770
        },
        "id": 42,
        "isClick": false,
        "type": "text"
    },
    {
        "content": "after training .",
        "location": {
            "bottom": 1237,
            "top": 1198,
            "left": 785,
            "right": 999
        },
        "id": 43,
        "isClick": false,
        "type": "text"
    },
    {
        "content": "Everything eaten within this time will",
        "location": {
            "bottom": 1279,
            "top": 1236,
            "left": 29,
            "right": 614
        },
        "id": 44,
        "isClick": false,
        "type": "text"
    },
    {
        "content": "restore your muscles and",
        "location": {
            "bottom": 1279,
            "top": 1236,
            "left": 630,
            "right": 1037
        },
        "id": 45,
        "isClick": false,
        "type": "text"
    },
    {
        "content": "increase your muscle bulk",
        "location": {
            "bottom": 1322,
            "top": 1282,
            "left": 28,
            "right": 448
        },
        "id": 46,
        "isClick": false,
        "type": "text"
    },
    {
        "content": ".",
        "location": {
            "bottom": 1315,
            "top": 1295,
            "left": 453,
            "right": 456
        },
        "id": 47,
        "isClick": false,
        "type": "text"
    },
    {
        "content": "However , if your goal",
        "location": {
            "bottom": 1408,
            "top": 1369,
            "left": 29,
            "right": 363
        },
        "id": 48,
        "isClick": false,
        "type": "text"
    },
    {
        "content": "is to lose weight , you",
        "location": {
            "bottom": 1408,
            "top": 1369,
            "left": 378,
            "right": 712
        },
        "id": 49,
        "isClick": false,
        "type": "text"
    },
    {
        "content": "need to change",
        "location": {
            "bottom": 1407,
            "top": 1370,
            "left": 727,
            "right": 974
        },
        "id": 50,
        "isClick": false,
        "type": "text"
    },
    {
        "content": "your nutrition",
        "location": {
            "bottom": 1450,
            "top": 1414,
            "left": 26,
            "right": 239
        },
        "id": 51,
        "isClick": false,
        "type": "text"
    },
    {
        "content": "schedule :",
        "location": {
            "bottom": 1447,
            "top": 1409,
            "left": 252,
            "right": 405
        },
        "id": 52,
        "isClick": false,
        "type": "text"
    },
    {
        "content": "Do not eat any proteins 5 hours before training . Do not eat 2",
        "location": {
            "bottom": 1537,
            "top": 1497,
            "left": 29,
            "right": 988
        },
        "id": 53,
        "isClick": false,
        "type": "text"
    },
    {
        "content": "Schedule",
        "location": {
            "bottom": 1626,
            "top": 1588,
            "left": 179,
            "right": 359
        },
        "id": 54,
        "isClick": false,
        "type": "text"
    },
    {
        "content": "SUBOXONE\u00ae",
        "location": {
            "bottom": 1705,
            "top": 1673,
            "left": 43,
            "right": 270
        },
        "id": 55,
        "isClick": false,
        "type": "text"
    },
    {
        "content": "Sublingual",
        "location": {
            "bottom": 1713,
            "top": 1666,
            "left": 281,
            "right": 458
        },
        "id": 56,
        "isClick": false,
        "type": "text"
    },
    {
        "content": "Film CIII",
        "location": {
            "bottom": 1751,
            "top": 1718,
            "left": 180,
            "right": 320
        },
        "id": 57,
        "isClick": false,
        "type": "text"
    },
    {
        "content": "( buprenorphine",
        "location": {
            "bottom": 1790,
            "top": 1760,
            "left": 76,
            "right": 254
        },
        "id": 58,
        "isClick": false,
        "type": "text"
    },
    {
        "content": "and naloxone )",
        "location": {
            "bottom": 1787,
            "top": 1760,
            "left": 263,
            "right": 422
        },
        "id": 59,
        "isClick": false,
        "type": "text"
    },
    {
        "content": "Start !",
        "location": {
            "bottom": 1626,
            "top": 1591,
            "left": 755,
            "right": 861
        },
        "id": 60,
        "isClick": false,
        "type": "text"
    },
    {
        "content": "Remove !",
        "location": {
            "bottom": 1644,
            "top": 1615,
            "left": 924,
            "right": 1060
        },
        "id": 61,
        "isClick": false,
        "type": "text"
    },
    {
        "content": "Enter your zip code and find a doctor",
        "location": {
            "bottom": 1697,
            "top": 1663,
            "left": 623,
            "right": 1042
        },
        "id": 62,
        "isClick": false,
        "type": "text"
    },
    {
        "content": "X",
        "location": {
            "bottom": 1693,
            "top": 1663,
            "left": 1058,
            "right": 1068
        },
        "id": 63,
        "isClick": false,
        "type": "text"
    },
    {
        "content": "nearby who can provide help and",
        "location": {
            "bottom": 1726,
            "top": 1693,
            "left": 642,
            "right": 1020
        },
        "id": 64,
        "isClick": false,
        "type": "text"
    },
    {
        "content": "treatment .",
        "location": {
            "bottom": 1751,
            "top": 1732,
            "left": 773,
            "right": 890
        },
        "id": 65,
        "isClick": false,
        "type": "text"
    },
    {
        "content": "Prescription treatment",
        "location": {
            "bottom": 1789,
            "top": 1764,
            "left": 672,
            "right": 903
        },
        "id": 66,
        "isClick": false,
        "type": "text"
    },
    {
        "content": "website",
        "location": {
            "bottom": 1783,
            "top": 1761,
            "left": 911,
            "right": 989
        },
        "id": 67,
        "isClick": false,
        "type": "text"
    }
]