[
    {
        "content": "FAK",
        "location": {
            "bottom": 26,
            "top": 10,
            "left": 217,
            "right": 254
        },
        "id": 0,
        "isClick": false,
        "type": "text"
    },
    {
        "content": "ff",
        "location": {
            "bottom": 53,
            "top": 14,
            "left": 29,
            "right": 126
        },
        "id": 1,
        "isClick": false,
        "type": "text"
    },
    {
        "content": "*",
        "location": {
            "bottom": 49,
            "top": 13,
            "left": 724,
            "right": 745
        },
        "id": 2,
        "isClick": false,
        "type": "text"
    },
    {
        "content": "\u00a9",
        "location": {
            "bottom": 49,
            "top": 11,
            "left": 768,
            "right": 803
        },
        "id": 3,
        "isClick": false,
        "type": "text"
    },
    {
        "content": "B",
        "location": {
            "bottom": 48,
            "top": 14,
            "left": 942,
            "right": 965
        },
        "id": 4,
        "isClick": false,
        "type": "text"
    },
    {
        "content": "2:07",
        "location": {
            "bottom": 48,
            "top": 18,
            "left": 988,
            "right": 1056
        },
        "id": 5,
        "isClick": false,
        "type": "text"
    },
    {
        "content": "Welcome",
        "location": {
            "bottom": 139,
            "top": 103,
            "left": 448,
            "right": 631
        },
        "id": 6,
        "isClick": false,
        "type": "text"
    },
    {
        "content": "The",
        "location": {
            "bottom": 969,
            "top": 933,
            "left": 39,
            "right": 111
        },
        "id": 7,
        "isClick": false,
        "type": "text"
    },
    {
        "content": "application",
        "location": {
            "bottom": 977,
            "top": 931,
            "left": 128,
            "right": 344
        },
        "id": 8,
        "isClick": false,
        "type": "text"
    },
    {
        "content": "will warn",
        "location": {
            "bottom": 969,
            "top": 929,
            "left": 362,
            "right": 532
        },
        "id": 9,
        "isClick": false,
        "type": "text"
    },
    {
        "content": "you",
        "location": {
            "bottom": 977,
            "top": 940,
            "left": 548,
            "right": 615
        },
        "id": 10,
        "isClick": false,
        "type": "text"
    },
    {
        "content": "if you",
        "location": {
            "bottom": 977,
            "top": 929,
            "left": 633,
            "right": 736
        },
        "id": 11,
        "isClick": false,
        "type": "text"
    },
    {
        "content": "eat too",
        "location": {
            "bottom": 970,
            "top": 937,
            "left": 753,
            "right": 888
        },
        "id": 12,
        "isClick": false,
        "type": "text"
    },
    {
        "content": "much ,",
        "location": {
            "bottom": 977,
            "top": 929,
            "left": 905,
            "right": 1021
        },
        "id": 13,
        "isClick": false,
        "type": "text"
    },
    {
        "content": "too",
        "location": {
            "bottom": 1024,
            "top": 985,
            "left": 38,
            "right": 101
        },
        "id": 14,
        "isClick": false,
        "type": "text"
    },
    {
        "content": "little ,",
        "location": {
            "bottom": 1033,
            "top": 983,
            "left": 118,
            "right": 208
        },
        "id": 15,
        "isClick": false,
        "type": "text"
    },
    {
        "content": "or",
        "location": {
            "bottom": 1025,
            "top": 993,
            "left": 225,
            "right": 262
        },
        "id": 16,
        "isClick": false,
        "type": "text"
    },
    {
        "content": "in",
        "location": {
            "bottom": 1025,
            "top": 985,
            "left": 278,
            "right": 307
        },
        "id": 17,
        "isClick": false,
        "type": "text"
    },
    {
        "content": "an",
        "location": {
            "bottom": 1025,
            "top": 993,
            "left": 324,
            "right": 367
        },
        "id": 18,
        "isClick": false,
        "type": "text"
    },
    {
        "content": "unhealthy way .",
        "location": {
            "bottom": 1033,
            "top": 985,
            "left": 385,
            "right": 673
        },
        "id": 19,
        "isClick": false,
        "type": "text"
    },
    {
        "content": "Try to",
        "location": {
            "bottom": 1033,
            "top": 985,
            "left": 690,
            "right": 800
        },
        "id": 20,
        "isClick": false,
        "type": "text"
    },
    {
        "content": "follow the",
        "location": {
            "bottom": 1025,
            "top": 985,
            "left": 815,
            "right": 1009
        },
        "id": 21,
        "isClick": false,
        "type": "text"
    },
    {
        "content": "provided",
        "location": {
            "bottom": 1085,
            "top": 1032,
            "left": 40,
            "right": 206
        },
        "id": 22,
        "isClick": false,
        "type": "text"
    },
    {
        "content": "hints",
        "location": {
            "bottom": 1081,
            "top": 1040,
            "left": 225,
            "right": 318
        },
        "id": 23,
        "isClick": false,
        "type": "text"
    },
    {
        "content": "and",
        "location": {
            "bottom": 1081,
            "top": 1040,
            "left": 335,
            "right": 402
        },
        "id": 24,
        "isClick": false,
        "type": "text"
    },
    {
        "content": "you",
        "location": {
            "bottom": 1083,
            "top": 1049,
            "left": 419,
            "right": 486
        },
        "id": 25,
        "isClick": false,
        "type": "text"
    },
    {
        "content": "will",
        "location": {
            "bottom": 1081,
            "top": 1032,
            "left": 501,
            "right": 564
        },
        "id": 26,
        "isClick": false,
        "type": "text"
    },
    {
        "content": "see",
        "location": {
            "bottom": 1081,
            "top": 1049,
            "left": 581,
            "right": 648
        },
        "id": 27,
        "isClick": false,
        "type": "text"
    },
    {
        "content": "the",
        "location": {
            "bottom": 1080,
            "top": 1040,
            "left": 663,
            "right": 724
        },
        "id": 28,
        "isClick": false,
        "type": "text"
    },
    {
        "content": "results",
        "location": {
            "bottom": 1081,
            "top": 1031,
            "left": 740,
            "right": 870
        },
        "id": 29,
        "isClick": false,
        "type": "text"
    },
    {
        "content": "within",
        "location": {
            "bottom": 1081,
            "top": 1040,
            "left": 885,
            "right": 1002
        },
        "id": 30,
        "isClick": false,
        "type": "text"
    },
    {
        "content": "a",
        "location": {
            "bottom": 1080,
            "top": 1049,
            "left": 1019,
            "right": 1038
        },
        "id": 31,
        "isClick": false,
        "type": "text"
    },
    {
        "content": "few",
        "location": {
            "bottom": 1129,
            "top": 1090,
            "left": 39,
            "right": 109
        },
        "id": 32,
        "isClick": false,
        "type": "text"
    },
    {
        "content": "days",
        "location": {
            "bottom": 1140,
            "top": 1090,
            "left": 124,
            "right": 214
        },
        "id": 33,
        "isClick": false,
        "type": "text"
    },
    {
        "content": "!",
        "location": {
            "bottom": 1129,
            "top": 1093,
            "left": 219,
            "right": 225
        },
        "id": 34,
        "isClick": false,
        "type": "text"
    },
    {
        "content": "Skip",
        "location": {
            "bottom": 1636,
            "top": 1587,
            "left": 228,
            "right": 310
        },
        "id": 35,
        "isClick": false,
        "type": "text"
    },
    {
        "content": "SUBOXONE\u00ae",
        "location": {
            "bottom": 1715,
            "top": 1663,
            "left": 43,
            "right": 270
        },
        "id": 36,
        "isClick": false,
        "type": "text"
    },
    {
        "content": "Sublingual",
        "location": {
            "bottom": 1714,
            "top": 1666,
            "left": 281,
            "right": 458
        },
        "id": 37,
        "isClick": false,
        "type": "text"
    },
    {
        "content": "Film CIII",
        "location": {
            "bottom": 1750,
            "top": 1718,
            "left": 181,
            "right": 320
        },
        "id": 38,
        "isClick": false,
        "type": "text"
    },
    {
        "content": "( buprenorphine and naloxone",
        "location": {
            "bottom": 1790,
            "top": 1760,
            "left": 76,
            "right": 413
        },
        "id": 39,
        "isClick": false,
        "type": "text"
    },
    {
        "content": ")",
        "location": {
            "bottom": 1787,
            "top": 1760,
            "left": 416,
            "right": 422
        },
        "id": 40,
        "isClick": false,
        "type": "text"
    },
    {
        "content": "Next",
        "location": {
            "bottom": 1626,
            "top": 1591,
            "left": 766,
            "right": 856
        },
        "id": 41,
        "isClick": true,
        "type": "text"
    },
    {
        "content": "Remove !",
        "location": {
            "bottom": 1645,
            "top": 1612,
            "left": 924,
            "right": 1059
        },
        "id": 42,
        "isClick": false,
        "type": "text"
    },
    {
        "content": "Enter your zip code and find a doctor",
        "location": {
            "bottom": 1693,
            "top": 1663,
            "left": 626,
            "right": 1042
        },
        "id": 43,
        "isClick": false,
        "type": "text"
    },
    {
        "content": "nearby who can provide help and",
        "location": {
            "bottom": 1726,
            "top": 1692,
            "left": 642,
            "right": 1020
        },
        "id": 44,
        "isClick": false,
        "type": "text"
    },
    {
        "content": "treatment .",
        "location": {
            "bottom": 1751,
            "top": 1730,
            "left": 773,
            "right": 889
        },
        "id": 45,
        "isClick": false,
        "type": "text"
    },
    {
        "content": "Prescription treatment",
        "location": {
            "bottom": 1789,
            "top": 1762,
            "left": 672,
            "right": 903
        },
        "id": 46,
        "isClick": false,
        "type": "text"
    },
    {
        "content": "website",
        "location": {
            "bottom": 1785,
            "top": 1761,
            "left": 909,
            "right": 989
        },
        "id": 47,
        "isClick": false,
        "type": "text"
    },
    {
        "content": ">",
        "location": {
            "bottom": 1746,
            "top": 1708,
            "left": 521,
            "right": 563
        },
        "id": 48,
        "isClick": false,
        "type": "text"
    }
]