[
    {
        "content": "FAKT",
        "location": {
            "bottom": 26,
            "top": 11,
            "left": 217,
            "right": 254
        },
        "id": 0,
        "isClick": false,
        "type": "text"
    },
    {
        "content": "ff",
        "location": {
            "bottom": 50,
            "top": 14,
            "left": 29,
            "right": 125
        },
        "id": 1,
        "isClick": false,
        "type": "text"
    },
    {
        "content": "B",
        "location": {
            "bottom": 48,
            "top": 14,
            "left": 942,
            "right": 965
        },
        "id": 2,
        "isClick": false,
        "type": "text"
    },
    {
        "content": "2:07",
        "location": {
            "bottom": 48,
            "top": 17,
            "left": 988,
            "right": 1056
        },
        "id": 3,
        "isClick": false,
        "type": "text"
    },
    {
        "content": "Welcome",
        "location": {
            "bottom": 140,
            "top": 103,
            "left": 447,
            "right": 631
        },
        "id": 4,
        "isClick": false,
        "type": "text"
    },
    {
        "content": "-",
        "location": {
            "bottom": 642,
            "top": 637,
            "left": 438,
            "right": 446
        },
        "id": 5,
        "isClick": false,
        "type": "text"
    },
    {
        "content": "units",
        "location": {
            "bottom": 654,
            "top": 625,
            "left": 456,
            "right": 522
        },
        "id": 6,
        "isClick": false,
        "type": "text"
    },
    {
        "content": "gender",
        "location": {
            "bottom": 698,
            "top": 668,
            "left": 457,
            "right": 552
        },
        "id": 7,
        "isClick": false,
        "type": "text"
    },
    {
        "content": "- age",
        "location": {
            "bottom": 742,
            "top": 717,
            "left": 440,
            "right": 506
        },
        "id": 8,
        "isClick": false,
        "type": "text"
    },
    {
        "content": "- height",
        "location": {
            "bottom": 785,
            "top": 753,
            "left": 440,
            "right": 541
        },
        "id": 9,
        "isClick": false,
        "type": "text"
    },
    {
        "content": "-",
        "location": {
            "bottom": 812,
            "top": 809,
            "left": 439,
            "right": 445
        },
        "id": 10,
        "isClick": false,
        "type": "text"
    },
    {
        "content": "weight",
        "location": {
            "bottom": 828,
            "top": 796,
            "left": 456,
            "right": 548
        },
        "id": 11,
        "isClick": false,
        "type": "text"
    },
    {
        "content": "lifestyle",
        "location": {
            "bottom": 867,
            "top": 839,
            "left": 446,
            "right": 563
        },
        "id": 12,
        "isClick": false,
        "type": "text"
    },
    {
        "content": "- target weight",
        "location": {
            "bottom": 913,
            "top": 881,
            "left": 440,
            "right": 639
        },
        "id": 13,
        "isClick": false,
        "type": "text"
    },
    {
        "content": "-",
        "location": {
            "bottom": 941,
            "top": 937,
            "left": 439,
            "right": 447
        },
        "id": 14,
        "isClick": false,
        "type": "text"
    },
    {
        "content": "notify",
        "location": {
            "bottom": 956,
            "top": 924,
            "left": 457,
            "right": 534
        },
        "id": 15,
        "isClick": false,
        "type": "text"
    },
    {
        "content": "Pounds , feet",
        "location": {
            "bottom": 1465,
            "top": 1430,
            "left": 466,
            "right": 666
        },
        "id": 16,
        "isClick": false,
        "type": "text"
    },
    {
        "content": "SUBOXONE\u00ae",
        "location": {
            "bottom": 1705,
            "top": 1663,
            "left": 43,
            "right": 270
        },
        "id": 17,
        "isClick": false,
        "type": "text"
    },
    {
        "content": "Sublingual",
        "location": {
            "bottom": 1714,
            "top": 1666,
            "left": 281,
            "right": 458
        },
        "id": 18,
        "isClick": false,
        "type": "text"
    },
    {
        "content": "Film CIII",
        "location": {
            "bottom": 1751,
            "top": 1718,
            "left": 181,
            "right": 320
        },
        "id": 19,
        "isClick": false,
        "type": "text"
    },
    {
        "content": "( buprenorphine and naloxone )",
        "location": {
            "bottom": 1791,
            "top": 1760,
            "left": 76,
            "right": 422
        },
        "id": 20,
        "isClick": false,
        "type": "text"
    },
    {
        "content": ">",
        "location": {
            "bottom": 1633,
            "top": 1585,
            "left": 801,
            "right": 824
        },
        "id": 21,
        "isClick": true,
        "type": "text"
    },
    {
        "content": "Remove !",
        "location": {
            "bottom": 1646,
            "top": 1615,
            "left": 922,
            "right": 1064
        },
        "id": 22,
        "isClick": false,
        "type": "text"
    },
    {
        "content": "Enter your zip code and find a doctor",
        "location": {
            "bottom": 1693,
            "top": 1662,
            "left": 627,
            "right": 1045
        },
        "id": 23,
        "isClick": false,
        "type": "text"
    },
    {
        "content": "nearby who can provide help and",
        "location": {
            "bottom": 1726,
            "top": 1692,
            "left": 641,
            "right": 1020
        },
        "id": 24,
        "isClick": false,
        "type": "text"
    },
    {
        "content": "treatment .",
        "location": {
            "bottom": 1751,
            "top": 1731,
            "left": 773,
            "right": 890
        },
        "id": 25,
        "isClick": false,
        "type": "text"
    },
    {
        "content": "Prescription treatment",
        "location": {
            "bottom": 1789,
            "top": 1762,
            "left": 672,
            "right": 903
        },
        "id": 26,
        "isClick": false,
        "type": "text"
    },
    {
        "content": "website",
        "location": {
            "bottom": 1785,
            "top": 1761,
            "left": 909,
            "right": 989
        },
        "id": 27,
        "isClick": false,
        "type": "text"
    },
    {
        "content": ">",
        "location": {
            "bottom": 1746,
            "top": 1709,
            "left": 521,
            "right": 563
        },
        "id": 28,
        "isClick": false,
        "type": "text"
    }
]