[
    {
        "content": "FAKT",
        "location": {
            "bottom": 26,
            "top": 11,
            "left": 217,
            "right": 254
        },
        "id": 0,
        "isClick": false,
        "type": "text"
    },
    {
        "content": "ff",
        "location": {
            "bottom": 50,
            "top": 14,
            "left": 29,
            "right": 126
        },
        "id": 1,
        "isClick": false,
        "type": "text"
    },
    {
        "content": "&",
        "location": {
            "bottom": 48,
            "top": 12,
            "left": 943,
            "right": 966
        },
        "id": 2,
        "isClick": false,
        "type": "text"
    },
    {
        "content": "2:13",
        "location": {
            "bottom": 48,
            "top": 17,
            "left": 988,
            "right": 1056
        },
        "id": 3,
        "isClick": false,
        "type": "text"
    },
    {
        "content": "=",
        "location": {
            "bottom": 140,
            "top": 101,
            "left": 13,
            "right": 69
        },
        "id": 4,
        "isClick": false,
        "type": "text"
    },
    {
        "content": "Lose",
        "location": {
            "bottom": 144,
            "top": 105,
            "left": 379,
            "right": 471
        },
        "id": 5,
        "isClick": false,
        "type": "text"
    },
    {
        "content": "weight",
        "location": {
            "bottom": 148,
            "top": 103,
            "left": 484,
            "right": 616
        },
        "id": 6,
        "isClick": false,
        "type": "text"
    },
    {
        "content": "app",
        "location": {
            "bottom": 148,
            "top": 113,
            "left": 631,
            "right": 702
        },
        "id": 7,
        "isClick": false,
        "type": "text"
    },
    {
        "content": "?",
        "location": {
            "bottom": 133,
            "top": 105,
            "left": 1018,
            "right": 1032
        },
        "id": 8,
        "isClick": false,
        "type": "text"
    },
    {
        "content": "Statistics",
        "location": {
            "bottom": 231,
            "top": 205,
            "left": 209,
            "right": 337
        },
        "id": 9,
        "isClick": false,
        "type": "text"
    },
    {
        "content": "Bonuses",
        "location": {
            "bottom": 231,
            "top": 206,
            "left": 746,
            "right": 863
        },
        "id": 10,
        "isClick": false,
        "type": "text"
    },
    {
        "content": "3/30",
        "location": {
            "bottom": 545,
            "top": 517,
            "left": 765,
            "right": 843
        },
        "id": 11,
        "isClick": false,
        "type": "text"
    },
    {
        "content": "8 lb",
        "location": {
            "bottom": 545,
            "top": 513,
            "left": 176,
            "right": 223
        },
        "id": 12,
        "isClick": false,
        "type": "text"
    },
    {
        "content": "remaining",
        "location": {
            "bottom": 552,
            "top": 517,
            "left": 234,
            "right": 370
        },
        "id": 13,
        "isClick": false,
        "type": "text"
    },
    {
        "content": "Food items",
        "location": {
            "bottom": 596,
            "top": 569,
            "left": 198,
            "right": 350
        },
        "id": 14,
        "isClick": false,
        "type": "text"
    },
    {
        "content": "Exercises",
        "location": {
            "bottom": 596,
            "top": 570,
            "left": 741,
            "right": 870
        },
        "id": 15,
        "isClick": false,
        "type": "text"
    },
    {
        "content": "Record a meal !",
        "location": {
            "bottom": 907,
            "top": 880,
            "left": 172,
            "right": 375
        },
        "id": 16,
        "isClick": false,
        "type": "text"
    },
    {
        "content": "Notes",
        "location": {
            "bottom": 960,
            "top": 935,
            "left": 233,
            "right": 312
        },
        "id": 17,
        "isClick": false,
        "type": "text"
    },
    {
        "content": "Calendar",
        "location": {
            "bottom": 959,
            "top": 933,
            "left": 745,
            "right": 867
        },
        "id": 18,
        "isClick": false,
        "type": "text"
    },
    {
        "content": "yest . 0",
        "location": {
            "bottom": 1278,
            "top": 1246,
            "left": 680,
            "right": 770
        },
        "id": 19,
        "isClick": false,
        "type": "text"
    },
    {
        "content": "% ,",
        "location": {
            "bottom": 1275,
            "top": 1246,
            "left": 773,
            "right": 799
        },
        "id": 20,
        "isClick": false,
        "type": "text"
    },
    {
        "content": "week 0",
        "location": {
            "bottom": 1273,
            "top": 1245,
            "left": 809,
            "right": 904
        },
        "id": 21,
        "isClick": false,
        "type": "text"
    },
    {
        "content": "%",
        "location": {
            "bottom": 1272,
            "top": 1246,
            "left": 908,
            "right": 928
        },
        "id": 22,
        "isClick": false,
        "type": "text"
    },
    {
        "content": "Share",
        "location": {
            "bottom": 1325,
            "top": 1299,
            "left": 767,
            "right": 844
        },
        "id": 23,
        "isClick": false,
        "type": "text"
    },
    {
        "content": "Nutrition",
        "location": {
            "bottom": 1326,
            "top": 1300,
            "left": 143,
            "right": 261
        },
        "id": 24,
        "isClick": false,
        "type": "text"
    },
    {
        "content": "programs",
        "location": {
            "bottom": 1332,
            "top": 1305,
            "left": 272,
            "right": 404
        },
        "id": 25,
        "isClick": false,
        "type": "text"
    },
    {
        "content": "SUBOXONE\u00ae",
        "location": {
            "bottom": 1715,
            "top": 1663,
            "left": 43,
            "right": 270
        },
        "id": 26,
        "isClick": false,
        "type": "text"
    },
    {
        "content": "Sublingual",
        "location": {
            "bottom": 1714,
            "top": 1665,
            "left": 281,
            "right": 458
        },
        "id": 27,
        "isClick": false,
        "type": "text"
    },
    {
        "content": "Film CIII",
        "location": {
            "bottom": 1753,
            "top": 1714,
            "left": 180,
            "right": 320
        },
        "id": 28,
        "isClick": false,
        "type": "text"
    },
    {
        "content": "( buprenorphine and naloxone",
        "location": {
            "bottom": 1791,
            "top": 1760,
            "left": 76,
            "right": 413
        },
        "id": 29,
        "isClick": false,
        "type": "text"
    },
    {
        "content": ")",
        "location": {
            "bottom": 1787,
            "top": 1760,
            "left": 416,
            "right": 422
        },
        "id": 30,
        "isClick": false,
        "type": "text"
    },
    {
        "content": "Remove !",
        "location": {
            "bottom": 1646,
            "top": 1615,
            "left": 924,
            "right": 1059
        },
        "id": 31,
        "isClick": false,
        "type": "text"
    },
    {
        "content": "Enter your zip code and find a doctor x",
        "location": {
            "bottom": 1696,
            "top": 1655,
            "left": 623,
            "right": 1071
        },
        "id": 32,
        "isClick": false,
        "type": "text"
    },
    {
        "content": "nearby who can provide help and",
        "location": {
            "bottom": 1726,
            "top": 1693,
            "left": 642,
            "right": 1020
        },
        "id": 33,
        "isClick": false,
        "type": "text"
    },
    {
        "content": "treatment .",
        "location": {
            "bottom": 1752,
            "top": 1729,
            "left": 773,
            "right": 890
        },
        "id": 34,
        "isClick": false,
        "type": "text"
    },
    {
        "content": "Prescription treatment",
        "location": {
            "bottom": 1789,
            "top": 1762,
            "left": 672,
            "right": 903
        },
        "id": 35,
        "isClick": false,
        "type": "text"
    },
    {
        "content": "website",
        "location": {
            "bottom": 1785,
            "top": 1761,
            "left": 909,
            "right": 989
        },
        "id": 36,
        "isClick": false,
        "type": "text"
    },
    {
        "content": ">",
        "location": {
            "bottom": 1746,
            "top": 1709,
            "left": 521,
            "right": 563
        },
        "id": 37,
        "isClick": false,
        "type": "text"
    }
]