[
    {
        "location": {
            "bottom": 25,
            "top": 12,
            "right": 376,
            "left": 343
        },
        "type": "text",
        "id": 0,
        "content": "FAK",
        "isClick": false
    },
    {
        "location": {
            "bottom": 51,
            "top": 13,
            "right": 63,
            "left": 30
        },
        "type": "text",
        "id": 1,
        "content": "f",
        "isClick": false
    },
    {
        "location": {
            "bottom": 51,
            "top": 13,
            "right": 126,
            "left": 93
        },
        "type": "text",
        "id": 2,
        "content": "f",
        "isClick": false
    },
    {
        "location": {
            "bottom": 51,
            "top": 13,
            "right": 189,
            "left": 156
        },
        "type": "text",
        "id": 3,
        "content": "f",
        "isClick": false
    },
    {
        "location": {
            "bottom": 50,
            "top": 13,
            "right": 252,
            "left": 219
        },
        "type": "text",
        "id": 4,
        "content": "f",
        "isClick": false
    },
    {
        "location": {
            "bottom": 49,
            "top": 15,
            "right": 302,
            "left": 292
        },
        "type": "text",
        "id": 5,
        "content": "O",
        "isClick": false
    },
    {
        "location": {
            "bottom": 51,
            "top": 9,
            "right": 769,
            "left": 765
        },
        "type": "text",
        "id": 6,
        "content": "*",
        "isClick": false
    },
    {
        "location": {
            "bottom": 49,
            "top": 12,
            "right": 945,
            "left": 922
        },
        "type": "text",
        "id": 7,
        "content": "\u00a7",
        "isClick": false
    },
    {
        "location": {
            "bottom": 49,
            "top": 17,
            "right": 1057,
            "left": 968
        },
        "type": "text",
        "id": 8,
        "content": "12:12",
        "isClick": false
    },
    {
        "location": {
            "bottom": 520,
            "top": 343,
            "right": 638,
            "left": 444
        },
        "type": "text",
        "id": 9,
        "content": "TA",
        "isClick": false
    },
    {
        "location": {
            "bottom": 902,
            "top": 853,
            "right": 148,
            "left": 42
        },
        "type": "text",
        "id": 10,
        "content": "Type",
        "isClick": false
    },
    {
        "location": {
            "bottom": 801,
            "top": 764,
            "right": 472,
            "left": 357
        },
        "type": "text",
        "id": 11,
        "content": "Allow",
        "isClick": false
    },
    {
        "location": {
            "bottom": 809,
            "top": 765,
            "right": 585,
            "left": 489
        },
        "type": "text",
        "id": 12,
        "content": "Easy",
        "isClick": false
    },
    {
        "location": {
            "bottom": 802,
            "top": 764,
            "right": 695,
            "left": 601
        },
        "type": "text",
        "id": 13,
        "content": "Chat",
        "isClick": false
    },
    {
        "location": {
            "bottom": 855,
            "top": 820,
            "right": 531,
            "left": 359
        },
        "type": "text",
        "id": 14,
        "content": "Roulette",
        "isClick": false
    },
    {
        "location": {
            "bottom": 855,
            "top": 824,
            "right": 584,
            "left": 546
        },
        "type": "text",
        "id": 15,
        "content": "to",
        "isClick": false
    },
    {
        "location": {
            "bottom": 855,
            "top": 820,
            "right": 687,
            "left": 600
        },
        "type": "text",
        "id": 16,
        "content": "take",
        "isClick": false
    },
    {
        "location": {
            "bottom": 921,
            "top": 876,
            "right": 523,
            "left": 358
        },
        "type": "text",
        "id": 17,
        "content": "pictures",
        "isClick": false
    },
    {
        "location": {
            "bottom": 914,
            "top": 876,
            "right": 614,
            "left": 540
        },
        "type": "text",
        "id": 18,
        "content": "and",
        "isClick": false
    },
    {
        "location": {
            "bottom": 914,
            "top": 873,
            "right": 762,
            "left": 631
        },
        "type": "text",
        "id": 19,
        "content": "record",
        "isClick": false
    },
    {
        "location": {
            "bottom": 967,
            "top": 932,
            "right": 469,
            "left": 355
        },
        "type": "text",
        "id": 20,
        "content": "video",
        "isClick": false
    },
    {
        "location": {
            "bottom": 968,
            "top": 934,
            "right": 490,
            "left": 470
        },
        "type": "text",
        "id": 21,
        "content": "?",
        "isClick": false
    },
    {
        "location": {
            "bottom": 1101,
            "top": 1075,
            "right": 238,
            "left": 228
        },
        "type": "text",
        "id": 22,
        "content": "1",
        "isClick": false
    },
    {
        "location": {
            "bottom": 1101,
            "top": 1073,
            "right": 316,
            "left": 256
        },
        "type": "text",
        "id": 23,
        "content": "of 2",
        "isClick": false
    },
    {
        "location": {
            "bottom": 1100,
            "top": 1075,
            "right": 631,
            "left": 542
        },
        "type": "text",
        "id": 24,
        "content": "DENY",
        "isClick": false
    },
    {
        "location": {
            "bottom": 1101,
            "top": 1073,
            "right": 843,
            "left": 724
        },
        "type": "text",
        "id": 25,
        "content": "ALLOW",
        "isClick": false
    },
    {
        "location": {
            "bottom": 1645,
            "top": 1594,
            "right": 867,
            "left": 754
        },
        "type": "text",
        "id": 26,
        "content": "stop",
        "isClick": false
    },
    {
        "location": {
            "bottom": 1663,
            "top": 1632,
            "right": 384,
            "left": 50
        },
        "type": "text",
        "id": 27,
        "content": "You have denied access",
        "isClick": false
    },
    {
        "location": {
            "bottom": 1658,
            "top": 1635,
            "right": 416,
            "left": 398
        },
        "type": "text",
        "id": 28,
        "content": "to",
        "isClick": false
    },
    {
        "location": {
            "bottom": 1664,
            "top": 1639,
            "right": 490,
            "left": 431
        },
        "type": "text",
        "id": 29,
        "content": "your",
        "isClick": false
    },
    {
        "location": {
            "bottom": 1694,
            "top": 1660,
            "right": 478,
            "left": 62
        },
        "type": "text",
        "id": 30,
        "content": "devices . Your partners will not",
        "isClick": false
    },
    {
        "location": {
            "bottom": 1721,
            "top": 1691,
            "right": 398,
            "left": 77
        },
        "type": "text",
        "id": 31,
        "content": "be able to see and hear",
        "isClick": false
    },
    {
        "location": {
            "bottom": 1726,
            "top": 1702,
            "right": 463,
            "left": 408
        },
        "type": "text",
        "id": 32,
        "content": "you .",
        "isClick": false
    },
    {
        "location": {
            "bottom": 1833,
            "top": 1793,
            "right": 871,
            "left": 751
        },
        "type": "text",
        "id": 33,
        "content": "start",
        "isClick": false
    }
]