[
    {
        "location": {
            "bottom": 521,
            "top": 294,
            "right": 503,
            "left": 429
        },
        "type": "text",
        "id": 0,
        "content": "\u0bb8\u0bcd",
        "isClick": false
    },
    {
        "location": {
            "bottom": 902,
            "top": 852,
            "right": 147,
            "left": 37
        },
        "type": "text",
        "id": 1,
        "content": "Type",
        "isClick": false
    },
    {
        "location": {
            "bottom": 903,
            "top": 862,
            "right": 263,
            "left": 163
        },
        "type": "text",
        "id": 2,
        "content": "your",
        "isClick": false
    },
    {
        "location": {
            "bottom": 902,
            "top": 862,
            "right": 489,
            "left": 281
        },
        "type": "text",
        "id": 3,
        "content": "message",
        "isClick": false
    },
    {
        "location": {
            "bottom": 901,
            "top": 847,
            "right": 1042,
            "left": 979
        },
        "type": "text",
        "id": 4,
        "content": "V",
        "isClick": false
    },
    {
        "location": {
            "bottom": 1033,
            "top": 993,
            "right": 437,
            "left": 191
        },
        "type": "text",
        "id": 5,
        "content": "Welcome to",
        "isClick": false
    },
    {
        "location": {
            "bottom": 1038,
            "top": 995,
            "right": 572,
            "left": 455
        },
        "type": "text",
        "id": 6,
        "content": "\u00ab Easy",
        "isClick": false
    },
    {
        "location": {
            "bottom": 1033,
            "top": 993,
            "right": 887,
            "left": 588
        },
        "type": "text",
        "id": 7,
        "content": "ChatRoulette \u00bb !",
        "isClick": false
    },
    {
        "location": {
            "bottom": 1645,
            "top": 1594,
            "right": 869,
            "left": 753
        },
        "type": "text",
        "id": 8,
        "content": "stop",
        "isClick": false
    },
    {
        "location": {
            "bottom": 1833,
            "top": 1793,
            "right": 870,
            "left": 751
        },
        "type": "text",
        "id": 9,
        "content": "start",
        "isClick": false
    }
]