[
    {
        "location": {
            "left": 154,
            "top": 11,
            "bottom": 25,
            "right": 192
        },
        "type": "text",
        "id": 0,
        "isClick": false,
        "content": "FAK"
    },
    {
        "location": {
            "left": 988,
            "top": 18,
            "bottom": 49,
            "right": 1056
        },
        "type": "text",
        "id": 1,
        "isClick": false,
        "content": "9:17"
    },
    {
        "location": {
            "left": 36,
            "top": 98,
            "bottom": 142,
            "right": 86
        },
        "type": "text",
        "id": 2,
        "isClick": false,
        "content": "E"
    },
    {
        "location": {
            "left": 364,
            "top": 107,
            "bottom": 147,
            "right": 385
        },
        "type": "text",
        "id": 3,
        "isClick": false,
        "content": "3"
    },
    {
        "location": {
            "left": 406,
            "top": 108,
            "bottom": 147,
            "right": 495
        },
        "type": "text",
        "id": 4,
        "isClick": false,
        "content": "Free"
    },
    {
        "location": {
            "left": 514,
            "top": 106,
            "bottom": 147,
            "right": 617
        },
        "type": "text",
        "id": 5,
        "isClick": false,
        "content": "Calls"
    },
    {
        "location": {
            "left": 636,
            "top": 105,
            "bottom": 147,
            "right": 717
        },
        "type": "text",
        "id": 6,
        "isClick": false,
        "content": "Left"
    },
    {
        "location": {
            "left": 224,
            "top": 224,
            "bottom": 257,
            "right": 464
        },
        "type": "text",
        "id": 7,
        "isClick": false,
        "content": "Newest Pranks"
    },
    {
        "location": {
            "left": 642,
            "top": 224,
            "bottom": 256,
            "right": 831
        },
        "type": "text",
        "id": 8,
        "isClick": false,
        "content": "Best Pranks"
    },
    {
        "location": {
            "left": 12,
            "top": 322,
            "bottom": 444,
            "right": 203
        },
        "type": "text",
        "id": 9,
        "isClick": false,
        "content": "Downloading"
    },
    {
        "location": {
            "left": 182,
            "top": 397,
            "bottom": 453,
            "right": 211
        },
        "type": "text",
        "id": 10,
        "isClick": false,
        "content": ".."
    },
    {
        "location": {
            "left": 226,
            "top": 342,
            "bottom": 388,
            "right": 356
        },
        "type": "text",
        "id": 11,
        "isClick": false,
        "content": "Digital"
    },
    {
        "location": {
            "left": 374,
            "top": 342,
            "bottom": 389,
            "right": 503
        },
        "type": "text",
        "id": 12,
        "isClick": false,
        "content": "Piracy"
    },
    {
        "location": {
            "left": 225,
            "top": 400,
            "bottom": 438,
            "right": 316
        },
        "type": "text",
        "id": 13,
        "isClick": false,
        "content": "If you"
    },
    {
        "location": {
            "left": 331,
            "top": 400,
            "bottom": 433,
            "right": 408
        },
        "type": "text",
        "id": 14,
        "isClick": false,
        "content": "have"
    },
    {
        "location": {
            "left": 423,
            "top": 409,
            "bottom": 433,
            "right": 438
        },
        "type": "text",
        "id": 15,
        "isClick": false,
        "content": "a"
    },
    {
        "location": {
            "left": 453,
            "top": 400,
            "bottom": 433,
            "right": 550
        },
        "type": "text",
        "id": 16,
        "isClick": false,
        "content": "friend"
    },
    {
        "location": {
            "left": 565,
            "top": 400,
            "bottom": 433,
            "right": 894
        },
        "type": "text",
        "id": 17,
        "isClick": false,
        "content": "who's notorious for"
    },
    {
        "location": {
            "left": 223,
            "top": 452,
            "bottom": 490,
            "right": 430
        },
        "type": "text",
        "id": 18,
        "isClick": false,
        "content": "getting their"
    },
    {
        "location": {
            "left": 445,
            "top": 452,
            "bottom": 490,
            "right": 884
        },
        "type": "text",
        "id": 19,
        "isClick": false,
        "content": "media the dirty way , freak"
    },
    {
        "location": {
            "left": 224,
            "top": 505,
            "bottom": 537,
            "right": 467
        },
        "type": "text",
        "id": 20,
        "isClick": false,
        "content": "them out for a"
    },
    {
        "location": {
            "left": 482,
            "top": 505,
            "bottom": 537,
            "right": 605
        },
        "type": "text",
        "id": 21,
        "isClick": false,
        "content": "second"
    },
    {
        "location": {
            "left": 620,
            "top": 505,
            "bottom": 537,
            "right": 763
        },
        "type": "text",
        "id": 22,
        "isClick": false,
        "content": "with this"
    },
    {
        "location": {
            "left": 778,
            "top": 505,
            "bottom": 537,
            "right": 843
        },
        "type": "text",
        "id": 23,
        "isClick": false,
        "content": "call ."
    },
    {
        "location": {
            "left": 73,
            "top": 542,
            "bottom": 575,
            "right": 161
        },
        "type": "text",
        "id": 24,
        "isClick": false,
        "content": "6510"
    },
    {
        "location": {
            "left": 224,
            "top": 646,
            "bottom": 682,
            "right": 301
        },
        "type": "text",
        "id": 25,
        "isClick": false,
        "content": "You"
    },
    {
        "location": {
            "left": 319,
            "top": 645,
            "bottom": 683,
            "right": 376
        },
        "type": "text",
        "id": 26,
        "isClick": false,
        "content": "Hit"
    },
    {
        "location": {
            "left": 392,
            "top": 646,
            "bottom": 692,
            "right": 453
        },
        "type": "text",
        "id": 27,
        "isClick": false,
        "content": "My"
    },
    {
        "location": {
            "left": 468,
            "top": 646,
            "bottom": 683,
            "right": 538
        },
        "type": "text",
        "id": 28,
        "isClick": false,
        "content": "Car"
    },
    {
        "location": {
            "left": 224,
            "top": 702,
            "bottom": 742,
            "right": 309
        },
        "type": "text",
        "id": 29,
        "isClick": false,
        "content": "Thug"
    },
    {
        "location": {
            "left": 324,
            "top": 706,
            "bottom": 742,
            "right": 395
        },
        "type": "text",
        "id": 30,
        "isClick": false,
        "content": "gets"
    },
    {
        "location": {
            "left": 410,
            "top": 702,
            "bottom": 737,
            "right": 482
        },
        "type": "text",
        "id": 31,
        "isClick": false,
        "content": "mad"
    },
    {
        "location": {
            "left": 502,
            "top": 702,
            "bottom": 736,
            "right": 613
        },
        "type": "text",
        "id": 32,
        "isClick": false,
        "content": "at them"
    },
    {
        "location": {
            "left": 641,
            "top": 702,
            "bottom": 742,
            "right": 805
        },
        "type": "text",
        "id": 33,
        "isClick": false,
        "content": "for hitting"
    },
    {
        "location": {
            "left": 821,
            "top": 702,
            "bottom": 735,
            "right": 867
        },
        "type": "text",
        "id": 34,
        "isClick": false,
        "content": "his"
    },
    {
        "location": {
            "left": 882,
            "top": 711,
            "bottom": 735,
            "right": 934
        },
        "type": "text",
        "id": 35,
        "isClick": false,
        "content": "car"
    },
    {
        "location": {
            "left": 74,
            "top": 843,
            "bottom": 876,
            "right": 162
        },
        "type": "text",
        "id": 36,
        "isClick": false,
        "content": "5838"
    },
    {
        "location": {
            "left": 226,
            "top": 946,
            "bottom": 985,
            "right": 375
        },
        "type": "text",
        "id": 37,
        "isClick": false,
        "content": "Natural"
    },
    {
        "location": {
            "left": 394,
            "top": 945,
            "bottom": 985,
            "right": 493
        },
        "type": "text",
        "id": 38,
        "isClick": false,
        "content": "Male"
    },
    {
        "location": {
            "left": 510,
            "top": 945,
            "bottom": 985,
            "right": 795
        },
        "type": "text",
        "id": 39,
        "isClick": false,
        "content": "Enhancement"
    },
    {
        "location": {
            "left": 224,
            "top": 1002,
            "bottom": 1045,
            "right": 577
        },
        "type": "text",
        "id": 40,
        "isClick": false,
        "content": "Convince your friend"
    },
    {
        "location": {
            "left": 592,
            "top": 1012,
            "bottom": 1037,
            "right": 751
        },
        "type": "text",
        "id": 41,
        "isClick": false,
        "content": "someone"
    },
    {
        "location": {
            "left": 766,
            "top": 1005,
            "bottom": 1037,
            "right": 791
        },
        "type": "text",
        "id": 42,
        "isClick": false,
        "content": "in"
    },
    {
        "location": {
            "left": 807,
            "top": 1003,
            "bottom": 1037,
            "right": 853
        },
        "type": "text",
        "id": 43,
        "isClick": false,
        "content": "his"
    },
    {
        "location": {
            "left": 868,
            "top": 1003,
            "bottom": 1037,
            "right": 916
        },
        "type": "text",
        "id": 44,
        "isClick": false,
        "content": "life"
    },
    {
        "location": {
            "left": 225,
            "top": 1056,
            "bottom": 1094,
            "right": 336
        },
        "type": "text",
        "id": 45,
        "isClick": false,
        "content": "signed"
    },
    {
        "location": {
            "left": 351,
            "top": 1056,
            "bottom": 1089,
            "right": 412
        },
        "type": "text",
        "id": 46,
        "isClick": false,
        "content": "him"
    },
    {
        "location": {
            "left": 427,
            "top": 1056,
            "bottom": 1094,
            "right": 652
        },
        "type": "text",
        "id": 47,
        "isClick": false,
        "content": "up for some .."
    },
    {
        "location": {
            "left": 667,
            "top": 1056,
            "bottom": 1089,
            "right": 902
        },
        "type": "text",
        "id": 48,
        "isClick": false,
        "content": "enhancement"
    },
    {
        "location": {
            "left": 75,
            "top": 1146,
            "bottom": 1178,
            "right": 155
        },
        "type": "text",
        "id": 49,
        "isClick": false,
        "content": "5071"
    },
    {
        "location": {
            "left": 224,
            "top": 1248,
            "bottom": 1293,
            "right": 405
        },
        "type": "text",
        "id": 50,
        "isClick": false,
        "content": "Why You"
    },
    {
        "location": {
            "left": 420,
            "top": 1248,
            "bottom": 1287,
            "right": 497
        },
        "type": "text",
        "id": 51,
        "isClick": false,
        "content": "Call"
    },
    {
        "location": {
            "left": 514,
            "top": 1249,
            "bottom": 1294,
            "right": 575
        },
        "type": "text",
        "id": 52,
        "isClick": false,
        "content": "My"
    },
    {
        "location": {
            "left": 592,
            "top": 1248,
            "bottom": 1295,
            "right": 791
        },
        "type": "text",
        "id": 53,
        "isClick": false,
        "content": "Boyfriend"
    },
    {
        "location": {
            "left": 224,
            "top": 1305,
            "bottom": 1347,
            "right": 515
        },
        "type": "text",
        "id": 54,
        "isClick": false,
        "content": "Scare your friend"
    },
    {
        "location": {
            "left": 532,
            "top": 1305,
            "bottom": 1346,
            "right": 741
        },
        "type": "text",
        "id": 55,
        "isClick": false,
        "content": "into thinking"
    },
    {
        "location": {
            "left": 756,
            "top": 1305,
            "bottom": 1339,
            "right": 839
        },
        "type": "text",
        "id": 56,
        "isClick": false,
        "content": "she's"
    },
    {
        "location": {
            "left": 226,
            "top": 1358,
            "bottom": 1393,
            "right": 327
        },
        "type": "text",
        "id": 57,
        "isClick": false,
        "content": "mixed"
    },
    {
        "location": {
            "left": 342,
            "top": 1358,
            "bottom": 1394,
            "right": 463
        },
        "type": "text",
        "id": 58,
        "isClick": false,
        "content": "up with"
    },
    {
        "location": {
            "left": 478,
            "top": 1358,
            "bottom": 1393,
            "right": 739
        },
        "type": "text",
        "id": 59,
        "isClick": false,
        "content": "someone elses"
    },
    {
        "location": {
            "left": 754,
            "top": 1358,
            "bottom": 1398,
            "right": 911
        },
        "type": "text",
        "id": 60,
        "isClick": false,
        "content": "boyfriend"
    },
    {
        "location": {
            "left": 72,
            "top": 1447,
            "bottom": 1479,
            "right": 161
        },
        "type": "text",
        "id": 61,
        "isClick": false,
        "content": "3886"
    },
    {
        "location": {
            "left": 224,
            "top": 1551,
            "bottom": 1589,
            "right": 317
        },
        "type": "text",
        "id": 62,
        "isClick": false,
        "content": "Tree"
    },
    {
        "location": {
            "left": 333,
            "top": 1550,
            "bottom": 1589,
            "right": 511
        },
        "type": "text",
        "id": 63,
        "isClick": false,
        "content": "Removal"
    },
    {
        "location": {
            "left": 224,
            "top": 1607,
            "bottom": 1641,
            "right": 373
        },
        "type": "text",
        "id": 64,
        "isClick": false,
        "content": "This tree"
    },
    {
        "location": {
            "left": 388,
            "top": 1607,
            "bottom": 1641,
            "right": 522
        },
        "type": "text",
        "id": 65,
        "isClick": false,
        "content": "removal"
    },
    {
        "location": {
            "left": 537,
            "top": 1609,
            "bottom": 1641,
            "right": 658
        },
        "type": "text",
        "id": 66,
        "isClick": false,
        "content": "service"
    },
    {
        "location": {
            "left": 677,
            "top": 1612,
            "bottom": 1641,
            "right": 695
        },
        "type": "text",
        "id": 67,
        "isClick": false,
        "content": "is"
    },
    {
        "location": {
            "left": 710,
            "top": 1607,
            "bottom": 1649,
            "right": 940
        },
        "type": "text",
        "id": 68,
        "isClick": false,
        "content": "just calling to"
    },
    {
        "location": {
            "left": 137,
            "top": 1663,
            "bottom": 1704,
            "right": 344
        },
        "type": "text",
        "id": 69,
        "isClick": false,
        "content": "Mortgage Rate"
    },
    {
        "location": {
            "left": 436,
            "top": 1674,
            "bottom": 1703,
            "right": 627
        },
        "type": "text",
        "id": 70,
        "isClick": false,
        "content": "Loan Amount"
    },
    {
        "location": {
            "left": 642,
            "top": 1673,
            "bottom": 1702,
            "right": 772
        },
        "type": "text",
        "id": 71,
        "isClick": false,
        "content": "$ 225,000"
    },
    {
        "location": {
            "left": 154,
            "top": 1704,
            "bottom": 1760,
            "right": 329
        },
        "type": "text",
        "id": 72,
        "isClick": false,
        "content": "3.12 %"
    },
    {
        "location": {
            "left": 819,
            "top": 1757,
            "bottom": 1788,
            "right": 947
        },
        "type": "text",
        "id": 73,
        "isClick": false,
        "content": "landingtree"
    },
    {
        "location": {
            "left": 135,
            "top": 1767,
            "bottom": 1788,
            "right": 346
        },
        "type": "text",
        "id": 74,
        "isClick": false,
        "content": "APR 15 Year Fixed"
    },
    {
        "location": {
            "left": 408,
            "top": 1769,
            "bottom": 1791,
            "right": 772
        },
        "type": "text",
        "id": 75,
        "isClick": false,
        "content": "Terms & Conditions apply . NMLS # 1136"
    }
]