[
    {
        "location": {
            "left": 157,
            "top": 10,
            "bottom": 50,
            "right": 189
        },
        "type": "text",
        "id": 0,
        "isClick": false,
        "content": "\u00a9"
    },
    {
        "location": {
            "left": 279,
            "top": 10,
            "bottom": 51,
            "right": 319
        },
        "type": "text",
        "id": 1,
        "isClick": false,
        "content": "\u00a9"
    },
    {
        "location": {
            "left": 345,
            "top": 14,
            "bottom": 51,
            "right": 378
        },
        "type": "text",
        "id": 2,
        "isClick": false,
        "content": "f"
    },
    {
        "location": {
            "left": 408,
            "top": 12,
            "bottom": 50,
            "right": 441
        },
        "type": "text",
        "id": 3,
        "isClick": false,
        "content": "f"
    },
    {
        "location": {
            "left": 466,
            "top": 10,
            "bottom": 52,
            "right": 510
        },
        "type": "text",
        "id": 4,
        "isClick": false,
        "content": "QT"
    },
    {
        "location": {
            "left": 535,
            "top": 18,
            "bottom": 47,
            "right": 567
        },
        "type": "text",
        "id": 5,
        "isClick": false,
        "content": "in"
    },
    {
        "location": {
            "left": 922,
            "top": 11,
            "bottom": 49,
            "right": 945
        },
        "type": "text",
        "id": 6,
        "isClick": false,
        "content": "\u00a7"
    },
    {
        "location": {
            "left": 968,
            "top": 17,
            "bottom": 49,
            "right": 1051
        },
        "type": "text",
        "id": 7,
        "isClick": false,
        "content": "11:21"
    },
    {
        "location": {
            "left": 454,
            "top": 97,
            "bottom": 144,
            "right": 625
        },
        "type": "text",
        "id": 8,
        "isClick": false,
        "content": "Prayers"
    },
    {
        "location": {
            "left": 477,
            "top": 192,
            "bottom": 217,
            "right": 598
        },
        "type": "text",
        "id": 9,
        "isClick": false,
        "content": "Abortion"
    },
    {
        "location": {
            "left": 68,
            "top": 288,
            "bottom": 317,
            "right": 105
        },
        "type": "text",
        "id": 10,
        "isClick": false,
        "content": "1.1"
    },
    {
        "location": {
            "left": 183,
            "top": 288,
            "bottom": 326,
            "right": 544
        },
        "type": "text",
        "id": 11,
        "isClick": false,
        "content": "Prayer for Freedom"
    },
    {
        "location": {
            "left": 560,
            "top": 287,
            "bottom": 318,
            "right": 791
        },
        "type": "text",
        "id": 12,
        "isClick": false,
        "content": "of Guilt from"
    },
    {
        "location": {
            "left": 806,
            "top": 296,
            "bottom": 318,
            "right": 825
        },
        "type": "text",
        "id": 13,
        "isClick": false,
        "content": "a"
    },
    {
        "location": {
            "left": 841,
            "top": 288,
            "bottom": 318,
            "right": 919
        },
        "type": "text",
        "id": 14,
        "isClick": false,
        "content": "Past"
    },
    {
        "location": {
            "left": 180,
            "top": 339,
            "bottom": 370,
            "right": 342
        },
        "type": "text",
        "id": 15,
        "isClick": false,
        "content": "Abortion"
    },
    {
        "location": {
            "left": 184,
            "top": 402,
            "bottom": 438,
            "right": 578
        },
        "type": "text",
        "id": 16,
        "isClick": false,
        "content": "Prayer for Freedom from"
    },
    {
        "location": {
            "left": 593,
            "top": 402,
            "bottom": 433,
            "right": 735
        },
        "type": "text",
        "id": 17,
        "isClick": false,
        "content": "Guilt of a"
    },
    {
        "location": {
            "left": 751,
            "top": 403,
            "bottom": 433,
            "right": 963
        },
        "type": "text",
        "id": 18,
        "isClick": false,
        "content": "Past Abortion"
    },
    {
        "location": {
            "left": 184,
            "top": 450,
            "bottom": 486,
            "right": 425
        },
        "type": "text",
        "id": 19,
        "isClick": false,
        "content": "Dear Heavenly"
    },
    {
        "location": {
            "left": 441,
            "top": 449,
            "bottom": 481,
            "right": 563
        },
        "type": "text",
        "id": 20,
        "isClick": false,
        "content": "Father , I"
    },
    {
        "location": {
            "left": 578,
            "top": 449,
            "bottom": 483,
            "right": 882
        },
        "type": "text",
        "id": 21,
        "isClick": false,
        "content": "come to you with a"
    },
    {
        "location": {
            "left": 898,
            "top": 450,
            "bottom": 483,
            "right": 993
        },
        "type": "text",
        "id": 22,
        "isClick": false,
        "content": "heavy"
    },
    {
        "location": {
            "left": 184,
            "top": 490,
            "bottom": 521,
            "right": 273
        },
        "type": "text",
        "id": 23,
        "isClick": false,
        "content": "heart ."
    },
    {
        "location": {
            "left": 299,
            "top": 490,
            "bottom": 521,
            "right": 487
        },
        "type": "text",
        "id": 24,
        "isClick": false,
        "content": "I know that I"
    },
    {
        "location": {
            "left": 503,
            "top": 490,
            "bottom": 528,
            "right": 969
        },
        "type": "text",
        "id": 25,
        "isClick": false,
        "content": "have done a terrible injustice"
    },
    {
        "location": {
            "left": 984,
            "top": 493,
            "bottom": 528,
            "right": 1019
        },
        "type": "text",
        "id": 26,
        "isClick": false,
        "content": "by"
    },
    {
        "location": {
            "left": 183,
            "top": 543,
            "bottom": 575,
            "right": 469
        },
        "type": "text",
        "id": 27,
        "isClick": false,
        "content": "causing the death"
    },
    {
        "location": {
            "left": 484,
            "top": 543,
            "bottom": 571,
            "right": 848
        },
        "type": "text",
        "id": 28,
        "isClick": false,
        "content": "of one of your beloved"
    },
    {
        "location": {
            "left": 863,
            "top": 544,
            "bottom": 571,
            "right": 998
        },
        "type": "text",
        "id": 29,
        "isClick": false,
        "content": "creation ."
    },
    {
        "location": {
            "left": 1024,
            "top": 543,
            "bottom": 573,
            "right": 1052
        },
        "type": "text",
        "id": 30,
        "isClick": false,
        "content": "..."
    },
    {
        "location": {
            "left": 62,
            "top": 656,
            "bottom": 687,
            "right": 112
        },
        "type": "text",
        "id": 31,
        "isClick": false,
        "content": "1.2"
    },
    {
        "location": {
            "left": 184,
            "top": 656,
            "bottom": 694,
            "right": 362
        },
        "type": "text",
        "id": 32,
        "isClick": false,
        "content": "Releasing"
    },
    {
        "location": {
            "left": 378,
            "top": 655,
            "bottom": 687,
            "right": 464
        },
        "type": "text",
        "id": 33,
        "isClick": true,
        "content": "Guilt"
    },
    {
        "location": {
            "left": 479,
            "top": 656,
            "bottom": 694,
            "right": 599
        },
        "type": "text",
        "id": 34,
        "isClick": true,
        "content": "Prayer"
    },
    {
        "location": {
            "left": 184,
            "top": 721,
            "bottom": 755,
            "right": 339
        },
        "type": "text",
        "id": 35,
        "isClick": false,
        "content": "Releasing"
    },
    {
        "location": {
            "left": 354,
            "top": 721,
            "bottom": 755,
            "right": 544
        },
        "type": "text",
        "id": 36,
        "isClick": false,
        "content": "Guilt Prayer"
    },
    {
        "location": {
            "left": 184,
            "top": 766,
            "bottom": 800,
            "right": 336
        },
        "type": "text",
        "id": 37,
        "isClick": false,
        "content": "Heavenly"
    },
    {
        "location": {
            "left": 351,
            "top": 766,
            "bottom": 797,
            "right": 456
        },
        "type": "text",
        "id": 38,
        "isClick": false,
        "content": "Father ,"
    },
    {
        "location": {
            "left": 471,
            "top": 764,
            "bottom": 793,
            "right": 474
        },
        "type": "text",
        "id": 39,
        "isClick": false,
        "content": "I"
    },
    {
        "location": {
            "left": 489,
            "top": 766,
            "bottom": 793,
            "right": 685
        },
        "type": "text",
        "id": 40,
        "isClick": false,
        "content": "come to You"
    },
    {
        "location": {
            "left": 701,
            "top": 762,
            "bottom": 793,
            "right": 864
        },
        "type": "text",
        "id": 41,
        "isClick": false,
        "content": "now in the"
    },
    {
        "location": {
            "left": 879,
            "top": 761,
            "bottom": 793,
            "right": 1015
        },
        "type": "text",
        "id": 42,
        "isClick": false,
        "content": "Name of"
    },
    {
        "location": {
            "left": 184,
            "top": 817,
            "bottom": 845,
            "right": 228
        },
        "type": "text",
        "id": 43,
        "isClick": false,
        "content": "my"
    },
    {
        "location": {
            "left": 244,
            "top": 811,
            "bottom": 839,
            "right": 309
        },
        "type": "text",
        "id": 44,
        "isClick": false,
        "content": "Lord"
    },
    {
        "location": {
            "left": 324,
            "top": 811,
            "bottom": 839,
            "right": 381
        },
        "type": "text",
        "id": 45,
        "isClick": false,
        "content": "and"
    },
    {
        "location": {
            "left": 396,
            "top": 810,
            "bottom": 841,
            "right": 707
        },
        "type": "text",
        "id": 46,
        "isClick": false,
        "content": "Savior Jesus Christ ."
    },
    {
        "location": {
            "left": 723,
            "top": 809,
            "bottom": 845,
            "right": 874
        },
        "type": "text",
        "id": 47,
        "isClick": false,
        "content": "Heavenly"
    },
    {
        "location": {
            "left": 890,
            "top": 811,
            "bottom": 842,
            "right": 997
        },
        "type": "text",
        "id": 48,
        "isClick": false,
        "content": "Father ,"
    },
    {
        "location": {
            "left": 187,
            "top": 857,
            "bottom": 892,
            "right": 683
        },
        "type": "text",
        "id": 49,
        "isClick": false,
        "content": "according to your word , & quot ; I"
    },
    {
        "location": {
            "left": 698,
            "top": 860,
            "bottom": 889,
            "right": 771
        },
        "type": "text",
        "id": 50,
        "isClick": false,
        "content": "ackn"
    },
    {
        "location": {
            "left": 858,
            "top": 860,
            "bottom": 892,
            "right": 934
        },
        "type": "text",
        "id": 51,
        "isClick": false,
        "content": "dged"
    },
    {
        "location": {
            "left": 950,
            "top": 866,
            "bottom": 892,
            "right": 994
        },
        "type": "text",
        "id": 52,
        "isClick": false,
        "content": "my"
    },
    {
        "location": {
            "left": 1009,
            "top": 861,
            "bottom": 888,
            "right": 1055
        },
        "type": "text",
        "id": 53,
        "isClick": false,
        "content": "si ..."
    },
    {
        "location": {
            "left": 63,
            "top": 1024,
            "bottom": 1054,
            "right": 111
        },
        "type": "text",
        "id": 54,
        "isClick": false,
        "content": "1.3"
    },
    {
        "location": {
            "left": 184,
            "top": 1024,
            "bottom": 1054,
            "right": 189
        },
        "type": "text",
        "id": 55,
        "isClick": false,
        "content": "I"
    },
    {
        "location": {
            "left": 206,
            "top": 1024,
            "bottom": 1058,
            "right": 345
        },
        "type": "text",
        "id": 56,
        "isClick": false,
        "content": "Forgive"
    },
    {
        "location": {
            "left": 360,
            "top": 1024,
            "bottom": 1061,
            "right": 615
        },
        "type": "text",
        "id": 57,
        "isClick": false,
        "content": "Myself Prayer"
    },
    {
        "location": {
            "left": 184,
            "top": 1089,
            "bottom": 1119,
            "right": 187
        },
        "type": "text",
        "id": 58,
        "isClick": false,
        "content": "I"
    },
    {
        "location": {
            "left": 202,
            "top": 1089,
            "bottom": 1120,
            "right": 319
        },
        "type": "text",
        "id": 59,
        "isClick": false,
        "content": "Forgive"
    },
    {
        "location": {
            "left": 334,
            "top": 1089,
            "bottom": 1122,
            "right": 557
        },
        "type": "text",
        "id": 60,
        "isClick": false,
        "content": "Myself Prayer"
    },
    {
        "location": {
            "left": 184,
            "top": 1131,
            "bottom": 1161,
            "right": 473
        },
        "type": "text",
        "id": 61,
        "isClick": false,
        "content": "Lord Jesus Christ I"
    },
    {
        "location": {
            "left": 488,
            "top": 1130,
            "bottom": 1161,
            "right": 684
        },
        "type": "text",
        "id": 62,
        "isClick": false,
        "content": "come to you"
    },
    {
        "location": {
            "left": 700,
            "top": 1133,
            "bottom": 1161,
            "right": 864
        },
        "type": "text",
        "id": 63,
        "isClick": false,
        "content": "in the faith"
    },
    {
        "location": {
            "left": 880,
            "top": 1141,
            "bottom": 1168,
            "right": 936
        },
        "type": "text",
        "id": 64,
        "isClick": false,
        "content": "you"
    },
    {
        "location": {
            "left": 951,
            "top": 1134,
            "bottom": 1161,
            "right": 1026
        },
        "type": "text",
        "id": 65,
        "isClick": false,
        "content": "have"
    },
    {
        "location": {
            "left": 183,
            "top": 1180,
            "bottom": 1213,
            "right": 267
        },
        "type": "text",
        "id": 66,
        "isClick": false,
        "content": "given"
    },
    {
        "location": {
            "left": 282,
            "top": 1178,
            "bottom": 1214,
            "right": 503
        },
        "type": "text",
        "id": 67,
        "isClick": false,
        "content": "me ( Gal . 2:20 ,"
    },
    {
        "location": {
            "left": 518,
            "top": 1177,
            "bottom": 1211,
            "right": 733
        },
        "type": "text",
        "id": 68,
        "isClick": false,
        "content": "Romans . 12 : 3 ,"
    },
    {
        "location": {
            "left": 748,
            "top": 1177,
            "bottom": 1214,
            "right": 986
        },
        "type": "text",
        "id": 69,
        "isClick": false,
        "content": "Matthew 17:20 )"
    },
    {
        "location": {
            "left": 183,
            "top": 1228,
            "bottom": 1257,
            "right": 240
        },
        "type": "text",
        "id": 70,
        "isClick": false,
        "content": "and"
    },
    {
        "location": {
            "left": 255,
            "top": 1227,
            "bottom": 1257,
            "right": 335
        },
        "type": "text",
        "id": 71,
        "isClick": false,
        "content": "since"
    },
    {
        "location": {
            "left": 351,
            "top": 1228,
            "bottom": 1257,
            "right": 476
        },
        "type": "text",
        "id": 72,
        "isClick": false,
        "content": "I too am"
    },
    {
        "location": {
            "left": 491,
            "top": 1234,
            "bottom": 1257,
            "right": 507
        },
        "type": "text",
        "id": 73,
        "isClick": false,
        "content": "a"
    },
    {
        "location": {
            "left": 523,
            "top": 1233,
            "bottom": 1259,
            "right": 639
        },
        "type": "text",
        "id": 74,
        "isClick": false,
        "content": "person ,"
    },
    {
        "location": {
            "left": 654,
            "top": 1228,
            "bottom": 1255,
            "right": 656
        },
        "type": "text",
        "id": 75,
        "isClick": false,
        "content": "I"
    },
    {
        "location": {
            "left": 671,
            "top": 1225,
            "bottom": 1259,
            "right": 1039
        },
        "type": "text",
        "id": 76,
        "isClick": false,
        "content": "ask you to forgive in f ..."
    },
    {
        "location": {
            "left": 464,
            "top": 1369,
            "bottom": 1398,
            "right": 614
        },
        "type": "text",
        "id": 77,
        "isClick": false,
        "content": "Addictions"
    },
    {
        "location": {
            "left": 65,
            "top": 1465,
            "bottom": 1496,
            "right": 109
        },
        "type": "text",
        "id": 78,
        "isClick": false,
        "content": "2.1"
    },
    {
        "location": {
            "left": 183,
            "top": 1465,
            "bottom": 1504,
            "right": 586
        },
        "type": "text",
        "id": 79,
        "isClick": false,
        "content": "Prayer of Deliverance"
    },
    {
        "location": {
            "left": 601,
            "top": 1465,
            "bottom": 1496,
            "right": 908
        },
        "type": "text",
        "id": 80,
        "isClick": false,
        "content": "From Addictions"
    },
    {
        "location": {
            "left": 923,
            "top": 1465,
            "bottom": 1496,
            "right": 1054
        },
        "type": "text",
        "id": 81,
        "isClick": false,
        "content": "For the"
    },
    {
        "location": {
            "left": 183,
            "top": 1516,
            "bottom": 1547,
            "right": 334
        },
        "type": "text",
        "id": 82,
        "isClick": false,
        "content": "Believer"
    },
    {
        "location": {
            "left": 184,
            "top": 1582,
            "bottom": 1616,
            "right": 540
        },
        "type": "text",
        "id": 83,
        "isClick": false,
        "content": "Prayer Of Deliverance"
    },
    {
        "location": {
            "left": 555,
            "top": 1582,
            "bottom": 1609,
            "right": 813
        },
        "type": "text",
        "id": 84,
        "isClick": false,
        "content": "From Addictions"
    },
    {
        "location": {
            "left": 828,
            "top": 1582,
            "bottom": 1609,
            "right": 937
        },
        "type": "text",
        "id": 85,
        "isClick": false,
        "content": "For the"
    },
    {
        "location": {
            "left": 184,
            "top": 1626,
            "bottom": 1656,
            "right": 314
        },
        "type": "text",
        "id": 86,
        "isClick": false,
        "content": "Believer"
    },
    {
        "location": {
            "left": 503,
            "top": 1672,
            "bottom": 1739,
            "right": 571
        },
        "type": "text",
        "id": 87,
        "isClick": false,
        "content": "!!"
    },
    {
        "location": {
            "left": 128,
            "top": 1761,
            "bottom": 1791,
            "right": 231
        },
        "type": "text",
        "id": 88,
        "isClick": false,
        "content": "Prayers"
    },
    {
        "location": {
            "left": 442,
            "top": 1760,
            "bottom": 1790,
            "right": 634
        },
        "type": "text",
        "id": 89,
        "isClick": false,
        "content": "Tropical Index"
    },
    {
        "location": {
            "left": 866,
            "top": 1761,
            "bottom": 1785,
            "right": 933
        },
        "type": "text",
        "id": 90,
        "isClick": false,
        "content": "More"
    }
]