[
    {
        "location": {
            "left": 279,
            "top": 10,
            "bottom": 50,
            "right": 319
        },
        "type": "text",
        "id": 0,
        "isClick": false,
        "content": "\u00a9"
    },
    {
        "location": {
            "left": 345,
            "top": 14,
            "bottom": 50,
            "right": 378
        },
        "type": "text",
        "id": 1,
        "isClick": false,
        "content": "f"
    },
    {
        "location": {
            "left": 408,
            "top": 14,
            "bottom": 50,
            "right": 441
        },
        "type": "text",
        "id": 2,
        "isClick": false,
        "content": "f"
    },
    {
        "location": {
            "left": 466,
            "top": 13,
            "bottom": 51,
            "right": 510
        },
        "type": "text",
        "id": 3,
        "isClick": false,
        "content": "Q"
    },
    {
        "location": {
            "left": 747,
            "top": 11,
            "bottom": 51,
            "right": 782
        },
        "type": "text",
        "id": 4,
        "isClick": false,
        "content": "\u00a9"
    },
    {
        "location": {
            "left": 968,
            "top": 18,
            "bottom": 48,
            "right": 1057
        },
        "type": "text",
        "id": 5,
        "isClick": false,
        "content": "11:22"
    },
    {
        "location": {
            "left": 93,
            "top": 100,
            "bottom": 129,
            "right": 161
        },
        "type": "text",
        "id": 6,
        "isClick": true,
        "content": "Back"
    },
    {
        "location": {
            "left": 481,
            "top": 96,
            "bottom": 134,
            "right": 599
        },
        "type": "text",
        "id": 7,
        "isClick": false,
        "content": "More"
    },
    {
        "location": {
            "left": 352,
            "top": 177,
            "bottom": 216,
            "right": 480
        },
        "type": "text",
        "id": 8,
        "isClick": false,
        "content": "Order"
    },
    {
        "location": {
            "left": 498,
            "top": 177,
            "bottom": 216,
            "right": 654
        },
        "type": "text",
        "id": 9,
        "isClick": false,
        "content": "Edition"
    },
    {
        "location": {
            "left": 676,
            "top": 178,
            "bottom": 216,
            "right": 728
        },
        "type": "text",
        "id": 10,
        "isClick": false,
        "content": "12"
    },
    {
        "location": {
            "left": 221,
            "top": 367,
            "bottom": 417,
            "right": 370
        },
        "type": "text",
        "id": 11,
        "isClick": false,
        "content": "Prayer"
    },
    {
        "location": {
            "left": 389,
            "top": 366,
            "bottom": 409,
            "right": 504
        },
        "type": "text",
        "id": 12,
        "isClick": false,
        "content": "Book"
    },
    {
        "location": {
            "left": 521,
            "top": 362,
            "bottom": 415,
            "right": 722
        },
        "type": "text",
        "id": 13,
        "isClick": false,
        "content": "Ordering"
    },
    {
        "location": {
            "left": 741,
            "top": 367,
            "bottom": 409,
            "right": 856
        },
        "type": "text",
        "id": 14,
        "isClick": false,
        "content": "Form"
    },
    {
        "location": {
            "left": 256,
            "top": 543,
            "bottom": 580,
            "right": 825
        },
        "type": "text",
        "id": 15,
        "isClick": false,
        "content": "$ 5.00 Donation Per Book is Required !"
    },
    {
        "location": {
            "left": 414,
            "top": 651,
            "bottom": 696,
            "right": 701
        },
        "type": "text",
        "id": 16,
        "isClick": false,
        "content": "Shipping / Order"
    },
    {
        "location": {
            "left": 714,
            "top": 654,
            "bottom": 689,
            "right": 916
        },
        "type": "text",
        "id": 17,
        "isClick": false,
        "content": "Information"
    },
    {
        "location": {
            "left": 116,
            "top": 740,
            "bottom": 775,
            "right": 424
        },
        "type": "text",
        "id": 18,
        "isClick": false,
        "content": "Number of Books :"
    },
    {
        "location": {
            "left": 468,
            "top": 744,
            "bottom": 775,
            "right": 478
        },
        "type": "text",
        "id": 19,
        "isClick": false,
        "content": "1"
    },
    {
        "location": {
            "left": 218,
            "top": 825,
            "bottom": 864,
            "right": 327
        },
        "type": "text",
        "id": 20,
        "isClick": false,
        "content": "Prayer"
    },
    {
        "location": {
            "left": 339,
            "top": 819,
            "bottom": 857,
            "right": 425
        },
        "type": "text",
        "id": 21,
        "isClick": false,
        "content": "Book"
    },
    {
        "location": {
            "left": 248,
            "top": 872,
            "bottom": 911,
            "right": 425
        },
        "type": "text",
        "id": 22,
        "isClick": false,
        "content": "Language :"
    },
    {
        "location": {
            "left": 466,
            "top": 841,
            "bottom": 886,
            "right": 588
        },
        "type": "text",
        "id": 23,
        "isClick": false,
        "content": "English"
    },
    {
        "location": {
            "left": 624,
            "top": 850,
            "bottom": 873,
            "right": 639
        },
        "type": "text",
        "id": 24,
        "isClick": false,
        "content": "v"
    },
    {
        "location": {
            "left": 46,
            "top": 961,
            "bottom": 1005,
            "right": 347
        },
        "type": "text",
        "id": 25,
        "isClick": false,
        "content": "Business / Minstry"
    },
    {
        "location": {
            "left": 360,
            "top": 966,
            "bottom": 1000,
            "right": 426
        },
        "type": "text",
        "id": 26,
        "isClick": false,
        "content": "/ Co :"
    },
    {
        "location": {
            "left": 453,
            "top": 997,
            "bottom": 1028,
            "right": 565
        },
        "type": "text",
        "id": 27,
        "isClick": false,
        "content": "( Optional )"
    },
    {
        "location": {
            "left": 219,
            "top": 1066,
            "bottom": 1099,
            "right": 292
        },
        "type": "text",
        "id": 28,
        "isClick": false,
        "content": "First"
    },
    {
        "location": {
            "left": 307,
            "top": 1068,
            "bottom": 1099,
            "right": 406
        },
        "type": "text",
        "id": 29,
        "isClick": false,
        "content": "Name"
    },
    {
        "location": {
            "left": 421,
            "top": 1076,
            "bottom": 1099,
            "right": 424
        },
        "type": "text",
        "id": 30,
        "isClick": false,
        "content": ":"
    },
    {
        "location": {
            "left": 222,
            "top": 1156,
            "bottom": 1189,
            "right": 292
        },
        "type": "text",
        "id": 31,
        "isClick": false,
        "content": "Last"
    },
    {
        "location": {
            "left": 307,
            "top": 1156,
            "bottom": 1189,
            "right": 406
        },
        "type": "text",
        "id": 32,
        "isClick": false,
        "content": "Name"
    },
    {
        "location": {
            "left": 421,
            "top": 1165,
            "bottom": 1189,
            "right": 424
        },
        "type": "text",
        "id": 33,
        "isClick": false,
        "content": ":"
    },
    {
        "location": {
            "left": 150,
            "top": 1242,
            "bottom": 1279,
            "right": 376
        },
        "type": "text",
        "id": 34,
        "isClick": false,
        "content": "Address Line"
    },
    {
        "location": {
            "left": 399,
            "top": 1246,
            "bottom": 1278,
            "right": 426
        },
        "type": "text",
        "id": 35,
        "isClick": false,
        "content": "1 :"
    },
    {
        "location": {
            "left": 150,
            "top": 1348,
            "bottom": 1383,
            "right": 291
        },
        "type": "text",
        "id": 36,
        "isClick": false,
        "content": "Address"
    },
    {
        "location": {
            "left": 307,
            "top": 1351,
            "bottom": 1385,
            "right": 425
        },
        "type": "text",
        "id": 37,
        "isClick": false,
        "content": "Line 2 :"
    },
    {
        "location": {
            "left": 452,
            "top": 1383,
            "bottom": 1410,
            "right": 672
        },
        "type": "text",
        "id": 38,
        "isClick": false,
        "content": "If none , leave blank"
    },
    {
        "location": {
            "left": 353,
            "top": 1454,
            "bottom": 1492,
            "right": 425
        },
        "type": "text",
        "id": 39,
        "isClick": false,
        "content": "City :"
    },
    {
        "location": {
            "left": 329,
            "top": 1543,
            "bottom": 1577,
            "right": 424
        },
        "type": "text",
        "id": 40,
        "isClick": false,
        "content": "State :"
    },
    {
        "location": {
            "left": 465,
            "top": 1543,
            "bottom": 1577,
            "right": 737
        },
        "type": "text",
        "id": 41,
        "isClick": false,
        "content": "--- Select State ---"
    },
    {
        "location": {
            "left": 273,
            "top": 1633,
            "bottom": 1664,
            "right": 424
        },
        "type": "text",
        "id": 42,
        "isClick": false,
        "content": "Your Zip :"
    },
    {
        "location": {
            "left": 131,
            "top": 1760,
            "bottom": 1785,
            "right": 228
        },
        "type": "text",
        "id": 43,
        "isClick": false,
        "content": "Prayers"
    },
    {
        "location": {
            "left": 447,
            "top": 1755,
            "bottom": 1788,
            "right": 549
        },
        "type": "text",
        "id": 44,
        "isClick": false,
        "content": "Tropical"
    },
    {
        "location": {
            "left": 559,
            "top": 1760,
            "bottom": 1785,
            "right": 631
        },
        "type": "text",
        "id": 45,
        "isClick": false,
        "content": "Index"
    },
    {
        "location": {
            "left": 866,
            "top": 1760,
            "bottom": 1783,
            "right": 932
        },
        "type": "text",
        "id": 46,
        "isClick": false,
        "content": "More"
    }
]