[
    {
        "location": {
            "left": 157,
            "top": 10,
            "bottom": 50,
            "right": 189
        },
        "type": "text",
        "id": 0,
        "isClick": false,
        "content": "\u00a9"
    },
    {
        "location": {
            "left": 279,
            "top": 10,
            "bottom": 51,
            "right": 319
        },
        "type": "text",
        "id": 1,
        "isClick": false,
        "content": "\u00a9"
    },
    {
        "location": {
            "left": 345,
            "top": 14,
            "bottom": 51,
            "right": 378
        },
        "type": "text",
        "id": 2,
        "isClick": false,
        "content": "f"
    },
    {
        "location": {
            "left": 408,
            "top": 12,
            "bottom": 50,
            "right": 441
        },
        "type": "text",
        "id": 3,
        "isClick": false,
        "content": "f"
    },
    {
        "location": {
            "left": 466,
            "top": 10,
            "bottom": 52,
            "right": 510
        },
        "type": "text",
        "id": 4,
        "isClick": false,
        "content": "QT"
    },
    {
        "location": {
            "left": 535,
            "top": 18,
            "bottom": 47,
            "right": 567
        },
        "type": "text",
        "id": 5,
        "isClick": false,
        "content": "in"
    },
    {
        "location": {
            "left": 704,
            "top": 9,
            "bottom": 49,
            "right": 723
        },
        "type": "text",
        "id": 6,
        "isClick": false,
        "content": "*"
    },
    {
        "location": {
            "left": 748,
            "top": 9,
            "bottom": 49,
            "right": 781
        },
        "type": "text",
        "id": 7,
        "isClick": false,
        "content": "\u00a9"
    },
    {
        "location": {
            "left": 921,
            "top": 12,
            "bottom": 48,
            "right": 944
        },
        "type": "text",
        "id": 8,
        "isClick": false,
        "content": "&"
    },
    {
        "location": {
            "left": 968,
            "top": 17,
            "bottom": 48,
            "right": 1057
        },
        "type": "text",
        "id": 9,
        "isClick": false,
        "content": "11:22"
    },
    {
        "location": {
            "left": 454,
            "top": 97,
            "bottom": 143,
            "right": 625
        },
        "type": "text",
        "id": 10,
        "isClick": false,
        "content": "Prayers"
    },
    {
        "location": {
            "left": 485,
            "top": 193,
            "bottom": 218,
            "right": 595
        },
        "type": "text",
        "id": 11,
        "isClick": false,
        "content": "Content"
    },
    {
        "location": {
            "left": 68,
            "top": 288,
            "bottom": 318,
            "right": 105
        },
        "type": "text",
        "id": 12,
        "isClick": false,
        "content": "1.1"
    },
    {
        "location": {
            "left": 182,
            "top": 288,
            "bottom": 319,
            "right": 325
        },
        "type": "text",
        "id": 13,
        "isClick": false,
        "content": "Are You"
    },
    {
        "location": {
            "left": 340,
            "top": 288,
            "bottom": 318,
            "right": 420
        },
        "type": "text",
        "id": 14,
        "isClick": false,
        "content": "Sure"
    },
    {
        "location": {
            "left": 435,
            "top": 288,
            "bottom": 324,
            "right": 608
        },
        "type": "text",
        "id": 15,
        "isClick": false,
        "content": "? Yes , You"
    },
    {
        "location": {
            "left": 623,
            "top": 288,
            "bottom": 318,
            "right": 694
        },
        "type": "text",
        "id": 16,
        "isClick": false,
        "content": "Can"
    },
    {
        "location": {
            "left": 710,
            "top": 288,
            "bottom": 318,
            "right": 813
        },
        "type": "text",
        "id": 17,
        "isClick": false,
        "content": "Know"
    },
    {
        "location": {
            "left": 828,
            "top": 288,
            "bottom": 318,
            "right": 994
        },
        "type": "text",
        "id": 18,
        "isClick": false,
        "content": "For Sure !"
    },
    {
        "location": {
            "left": 182,
            "top": 353,
            "bottom": 380,
            "right": 330
        },
        "type": "text",
        "id": 19,
        "isClick": false,
        "content": "ARE YOU"
    },
    {
        "location": {
            "left": 345,
            "top": 353,
            "bottom": 380,
            "right": 449
        },
        "type": "text",
        "id": 20,
        "isClick": false,
        "content": "SURE ?"
    },
    {
        "location": {
            "left": 182,
            "top": 393,
            "bottom": 428,
            "right": 337
        },
        "type": "text",
        "id": 21,
        "isClick": false,
        "content": "YES , YOU"
    },
    {
        "location": {
            "left": 352,
            "top": 394,
            "bottom": 425,
            "right": 421
        },
        "type": "text",
        "id": 22,
        "isClick": false,
        "content": "CAN"
    },
    {
        "location": {
            "left": 438,
            "top": 395,
            "bottom": 425,
            "right": 728
        },
        "type": "text",
        "id": 23,
        "isClick": false,
        "content": "KNOW FOR SURE !"
    },
    {
        "location": {
            "left": 182,
            "top": 490,
            "bottom": 522,
            "right": 492
        },
        "type": "text",
        "id": 24,
        "isClick": false,
        "content": "What our Heavenly"
    },
    {
        "location": {
            "left": 508,
            "top": 489,
            "bottom": 522,
            "right": 798
        },
        "type": "text",
        "id": 25,
        "isClick": false,
        "content": "Father has openly"
    },
    {
        "location": {
            "left": 814,
            "top": 490,
            "bottom": 521,
            "right": 1040
        },
        "type": "text",
        "id": 26,
        "isClick": false,
        "content": "intended for ..."
    },
    {
        "location": {
            "left": 62,
            "top": 656,
            "bottom": 687,
            "right": 112
        },
        "type": "text",
        "id": 27,
        "isClick": false,
        "content": "1.2"
    },
    {
        "location": {
            "left": 182,
            "top": 656,
            "bottom": 693,
            "right": 264
        },
        "type": "text",
        "id": 28,
        "isClick": false,
        "content": "Why"
    },
    {
        "location": {
            "left": 279,
            "top": 656,
            "bottom": 693,
            "right": 360
        },
        "type": "text",
        "id": 29,
        "isClick": false,
        "content": "Pray"
    },
    {
        "location": {
            "left": 182,
            "top": 721,
            "bottom": 755,
            "right": 251
        },
        "type": "text",
        "id": 30,
        "isClick": false,
        "content": "Why"
    },
    {
        "location": {
            "left": 267,
            "top": 720,
            "bottom": 755,
            "right": 424
        },
        "type": "text",
        "id": 31,
        "isClick": false,
        "content": "Pray ? ( The"
    },
    {
        "location": {
            "left": 439,
            "top": 721,
            "bottom": 755,
            "right": 876
        },
        "type": "text",
        "id": 32,
        "isClick": false,
        "content": "Importance of Prayer is our"
    },
    {
        "location": {
            "left": 184,
            "top": 762,
            "bottom": 799,
            "right": 454
        },
        "type": "text",
        "id": 33,
        "isClick": false,
        "content": "Relationship with"
    },
    {
        "location": {
            "left": 469,
            "top": 765,
            "bottom": 800,
            "right": 550
        },
        "type": "text",
        "id": 34,
        "isClick": false,
        "content": "God ! )"
    },
    {
        "location": {
            "left": 183,
            "top": 810,
            "bottom": 844,
            "right": 573
        },
        "type": "text",
        "id": 35,
        "isClick": false,
        "content": "Praying to our Heavenly"
    },
    {
        "location": {
            "left": 589,
            "top": 811,
            "bottom": 843,
            "right": 694
        },
        "type": "text",
        "id": 36,
        "isClick": false,
        "content": "Father ,"
    },
    {
        "location": {
            "left": 709,
            "top": 810,
            "bottom": 840,
            "right": 793
        },
        "type": "text",
        "id": 37,
        "isClick": false,
        "content": "in the"
    },
    {
        "location": {
            "left": 809,
            "top": 809,
            "bottom": 840,
            "right": 901
        },
        "type": "text",
        "id": 38,
        "isClick": false,
        "content": "Name"
    },
    {
        "location": {
            "left": 916,
            "top": 809,
            "bottom": 841,
            "right": 1045
        },
        "type": "text",
        "id": 39,
        "isClick": false,
        "content": "of Jesus"
    },
    {
        "location": {
            "left": 183,
            "top": 859,
            "bottom": 892,
            "right": 280
        },
        "type": "text",
        "id": 40,
        "isClick": false,
        "content": "Christ ,"
    },
    {
        "location": {
            "left": 332,
            "top": 861,
            "bottom": 889,
            "right": 376
        },
        "type": "text",
        "id": 41,
        "isClick": false,
        "content": "ing"
    },
    {
        "location": {
            "left": 391,
            "top": 858,
            "bottom": 889,
            "right": 479
        },
        "type": "text",
        "id": 42,
        "isClick": false,
        "content": "God's"
    },
    {
        "location": {
            "left": 494,
            "top": 857,
            "bottom": 891,
            "right": 866
        },
        "type": "text",
        "id": 43,
        "isClick": false,
        "content": "Holy Word ( scripture ) in"
    },
    {
        "location": {
            "left": 882,
            "top": 858,
            "bottom": 891,
            "right": 1019
        },
        "type": "text",
        "id": 44,
        "isClick": false,
        "content": "prayer is"
    },
    {
        "location": {
            "left": 1034,
            "top": 880,
            "bottom": 889,
            "right": 1054
        },
        "type": "text",
        "id": 45,
        "isClick": false,
        "content": "..."
    },
    {
        "location": {
            "left": 63,
            "top": 1024,
            "bottom": 1053,
            "right": 111
        },
        "type": "text",
        "id": 46,
        "isClick": false,
        "content": "1.3"
    },
    {
        "location": {
            "left": 183,
            "top": 1024,
            "bottom": 1063,
            "right": 390
        },
        "type": "text",
        "id": 47,
        "isClick": false,
        "content": "Dangers of"
    },
    {
        "location": {
            "left": 401,
            "top": 1024,
            "bottom": 1061,
            "right": 672
        },
        "type": "text",
        "id": 48,
        "isClick": false,
        "content": "Unforgiveness"
    },
    {
        "location": {
            "left": 687,
            "top": 1024,
            "bottom": 1055,
            "right": 716
        },
        "type": "text",
        "id": 49,
        "isClick": false,
        "content": "in"
    },
    {
        "location": {
            "left": 731,
            "top": 1024,
            "bottom": 1056,
            "right": 934
        },
        "type": "text",
        "id": 50,
        "isClick": false,
        "content": "Our Hearts"
    },
    {
        "location": {
            "left": 183,
            "top": 1075,
            "bottom": 1115,
            "right": 375
        },
        "type": "text",
        "id": 51,
        "isClick": false,
        "content": "( Teaching )"
    },
    {
        "location": {
            "left": 182,
            "top": 1137,
            "bottom": 1175,
            "right": 251
        },
        "type": "text",
        "id": 52,
        "isClick": false,
        "content": "Why"
    },
    {
        "location": {
            "left": 267,
            "top": 1139,
            "bottom": 1175,
            "right": 582
        },
        "type": "text",
        "id": 53,
        "isClick": false,
        "content": "Unforgiveness is So"
    },
    {
        "location": {
            "left": 597,
            "top": 1138,
            "bottom": 1175,
            "right": 1029
        },
        "type": "text",
        "id": 54,
        "isClick": false,
        "content": "Dangerous and & quot ; Why"
    },
    {
        "location": {
            "left": 184,
            "top": 1185,
            "bottom": 1221,
            "right": 253
        },
        "type": "text",
        "id": 55,
        "isClick": false,
        "content": "Pray"
    },
    {
        "location": {
            "left": 269,
            "top": 1185,
            "bottom": 1220,
            "right": 524
        },
        "type": "text",
        "id": 56,
        "isClick": false,
        "content": "For Forgiveness"
    },
    {
        "location": {
            "left": 539,
            "top": 1185,
            "bottom": 1221,
            "right": 858
        },
        "type": "text",
        "id": 57,
        "isClick": false,
        "content": "! & quot ; Our Father in"
    },
    {
        "location": {
            "left": 874,
            "top": 1186,
            "bottom": 1217,
            "right": 996
        },
        "type": "text",
        "id": 58,
        "isClick": false,
        "content": "Heaven"
    },
    {
        "location": {
            "left": 183,
            "top": 1231,
            "bottom": 1259,
            "right": 803
        },
        "type": "text",
        "id": 59,
        "isClick": false,
        "content": "sent His Son Jesus Christ to die for the"
    },
    {
        "location": {
            "left": 818,
            "top": 1231,
            "bottom": 1259,
            "right": 983
        },
        "type": "text",
        "id": 60,
        "isClick": false,
        "content": "sins of this"
    },
    {
        "location": {
            "left": 182,
            "top": 1280,
            "bottom": 1312,
            "right": 269
        },
        "type": "text",
        "id": 61,
        "isClick": false,
        "content": "world"
    },
    {
        "location": {
            "left": 284,
            "top": 1282,
            "bottom": 1311,
            "right": 368
        },
        "type": "text",
        "id": 62,
        "isClick": false,
        "content": "as an"
    },
    {
        "location": {
            "left": 383,
            "top": 1280,
            "bottom": 1312,
            "right": 734
        },
        "type": "text",
        "id": 63,
        "isClick": false,
        "content": "act of love , displaying"
    },
    {
        "location": {
            "left": 750,
            "top": 1280,
            "bottom": 1312,
            "right": 999
        },
        "type": "text",
        "id": 64,
        "isClick": false,
        "content": "His great loving"
    },
    {
        "location": {
            "left": 1014,
            "top": 1280,
            "bottom": 1312,
            "right": 1053
        },
        "type": "text",
        "id": 65,
        "isClick": false,
        "content": "K ..."
    },
    {
        "location": {
            "left": 61,
            "top": 1392,
            "bottom": 1420,
            "right": 113
        },
        "type": "text",
        "id": 66,
        "isClick": false,
        "content": "1.4"
    },
    {
        "location": {
            "left": 183,
            "top": 1392,
            "bottom": 1423,
            "right": 355
        },
        "type": "text",
        "id": 67,
        "isClick": true,
        "content": "Salvation"
    },
    {
        "location": {
            "left": 369,
            "top": 1392,
            "bottom": 1430,
            "right": 491
        },
        "type": "text",
        "id": 68,
        "isClick": false,
        "content": "Prayer"
    },
    {
        "location": {
            "left": 183,
            "top": 1457,
            "bottom": 1489,
            "right": 330
        },
        "type": "text",
        "id": 69,
        "isClick": false,
        "content": "Salvation"
    },
    {
        "location": {
            "left": 345,
            "top": 1457,
            "bottom": 1491,
            "right": 449
        },
        "type": "text",
        "id": 70,
        "isClick": false,
        "content": "Prayer"
    },
    {
        "location": {
            "left": 491,
            "top": 1457,
            "bottom": 1491,
            "right": 637
        },
        "type": "text",
        "id": 71,
        "isClick": false,
        "content": "( Pray this"
    },
    {
        "location": {
            "left": 652,
            "top": 1457,
            "bottom": 1491,
            "right": 912
        },
        "type": "text",
        "id": 72,
        "isClick": false,
        "content": "Prayer Out Loud"
    },
    {
        "location": {
            "left": 927,
            "top": 1456,
            "bottom": 1485,
            "right": 943
        },
        "type": "text",
        "id": 73,
        "isClick": false,
        "content": "if"
    },
    {
        "location": {
            "left": 184,
            "top": 1498,
            "bottom": 1537,
            "right": 325
        },
        "type": "text",
        "id": 74,
        "isClick": false,
        "content": "Possible )"
    },
    {
        "location": {
            "left": 184,
            "top": 1548,
            "bottom": 1584,
            "right": 336
        },
        "type": "text",
        "id": 75,
        "isClick": false,
        "content": "Heavenly"
    },
    {
        "location": {
            "left": 351,
            "top": 1548,
            "bottom": 1577,
            "right": 469
        },
        "type": "text",
        "id": 76,
        "isClick": false,
        "content": "Father I"
    },
    {
        "location": {
            "left": 484,
            "top": 1545,
            "bottom": 1577,
            "right": 680
        },
        "type": "text",
        "id": 77,
        "isClick": false,
        "content": "come to You"
    },
    {
        "location": {
            "left": 696,
            "top": 1546,
            "bottom": 1577,
            "right": 858
        },
        "type": "text",
        "id": 78,
        "isClick": false,
        "content": "now in the"
    },
    {
        "location": {
            "left": 873,
            "top": 1548,
            "bottom": 1577,
            "right": 1004
        },
        "type": "text",
        "id": 79,
        "isClick": false,
        "content": "name of"
    },
    {
        "location": {
            "left": 182,
            "top": 1595,
            "bottom": 1625,
            "right": 426
        },
        "type": "text",
        "id": 80,
        "isClick": false,
        "content": "Your Son Jesus"
    },
    {
        "location": {
            "left": 441,
            "top": 1595,
            "bottom": 1625,
            "right": 537
        },
        "type": "text",
        "id": 81,
        "isClick": false,
        "content": "Christ ."
    },
    {
        "location": {
            "left": 562,
            "top": 1596,
            "bottom": 1623,
            "right": 565
        },
        "type": "text",
        "id": 82,
        "isClick": false,
        "content": "I"
    },
    {
        "location": {
            "left": 580,
            "top": 1593,
            "bottom": 1625,
            "right": 790
        },
        "type": "text",
        "id": 83,
        "isClick": false,
        "content": "confess that I"
    },
    {
        "location": {
            "left": 806,
            "top": 1602,
            "bottom": 1624,
            "right": 851
        },
        "type": "text",
        "id": 84,
        "isClick": false,
        "content": "am"
    },
    {
        "location": {
            "left": 866,
            "top": 1603,
            "bottom": 1625,
            "right": 882
        },
        "type": "text",
        "id": 85,
        "isClick": false,
        "content": "a"
    },
    {
        "location": {
            "left": 897,
            "top": 1593,
            "bottom": 1624,
            "right": 1048
        },
        "type": "text",
        "id": 86,
        "isClick": false,
        "content": "sinner a ..."
    },
    {
        "location": {
            "left": 503,
            "top": 1667,
            "bottom": 1742,
            "right": 575
        },
        "type": "text",
        "id": 87,
        "isClick": false,
        "content": "i !!"
    },
    {
        "location": {
            "left": 128,
            "top": 1761,
            "bottom": 1788,
            "right": 231
        },
        "type": "text",
        "id": 88,
        "isClick": false,
        "content": "Prayers"
    },
    {
        "location": {
            "left": 442,
            "top": 1760,
            "bottom": 1790,
            "right": 634
        },
        "type": "text",
        "id": 89,
        "isClick": false,
        "content": "Tropical Index"
    },
    {
        "location": {
            "left": 866,
            "top": 1761,
            "bottom": 1785,
            "right": 933
        },
        "type": "text",
        "id": 90,
        "isClick": false,
        "content": "More"
    }
]