[
    {
        "isClick": false,
        "id": 0,
        "content": "X",
        "type": "text",
        "location": {
            "right": 68,
            "top": 42,
            "left": 41,
            "bottom": 80
        }
    },
    {
        "isClick": false,
        "id": 1,
        "content": "COLLECTOR",
        "type": "text",
        "location": {
            "right": 823,
            "top": 100,
            "left": 242,
            "bottom": 155
        }
    },
    {
        "isClick": false,
        "id": 2,
        "content": "SUPERCHARGERS",
        "type": "text",
        "location": {
            "right": 611,
            "top": 174,
            "left": 248,
            "bottom": 196
        }
    },
    {
        "isClick": false,
        "id": 3,
        "content": "EDITION",
        "type": "text",
        "location": {
            "right": 804,
            "top": 174,
            "left": 637,
            "bottom": 196
        }
    },
    {
        "isClick": false,
        "id": 4,
        "content": "DRIVER PAIRING",
        "type": "text",
        "location": {
            "right": 843,
            "top": 446,
            "left": 253,
            "bottom": 495
        }
    },
    {
        "isClick": false,
        "id": 5,
        "content": "Match",
        "type": "text",
        "location": {
            "right": 361,
            "top": 544,
            "left": 224,
            "bottom": 585
        }
    },
    {
        "isClick": false,
        "id": 6,
        "content": "the",
        "type": "text",
        "location": {
            "right": 451,
            "top": 544,
            "left": 380,
            "bottom": 585
        }
    },
    {
        "isClick": false,
        "id": 7,
        "content": "Skylander",
        "type": "text",
        "location": {
            "right": 691,
            "top": 544,
            "left": 469,
            "bottom": 588
        }
    },
    {
        "isClick": false,
        "id": 8,
        "content": "to",
        "type": "text",
        "location": {
            "right": 751,
            "top": 545,
            "left": 708,
            "bottom": 584
        }
    },
    {
        "isClick": false,
        "id": 9,
        "content": "their",
        "type": "text",
        "location": {
            "right": 871,
            "top": 544,
            "left": 769,
            "bottom": 585
        }
    },
    {
        "isClick": false,
        "id": 10,
        "content": "Supercharged",
        "type": "text",
        "location": {
            "right": 533,
            "top": 601,
            "left": 216,
            "bottom": 650
        }
    },
    {
        "isClick": false,
        "id": 11,
        "content": "vehicle",
        "type": "text",
        "location": {
            "right": 710,
            "top": 601,
            "left": 550,
            "bottom": 641
        }
    },
    {
        "isClick": false,
        "id": 12,
        "content": "below .",
        "type": "text",
        "location": {
            "right": 876,
            "top": 601,
            "left": 728,
            "bottom": 641
        }
    },
    {
        "isClick": false,
        "id": 13,
        "content": "HAMMER SLAM",
        "type": "text",
        "location": {
            "right": 376,
            "top": 1478,
            "left": 137,
            "bottom": 1500
        }
    },
    {
        "isClick": false,
        "id": 14,
        "content": "BDLUSER",
        "type": "text",
        "location": {
            "right": 322,
            "top": 1514,
            "left": 191,
            "bottom": 1535
        }
    },
    {
        "isClick": false,
        "id": 15,
        "content": "CLOLUN CRUISER",
        "type": "text",
        "location": {
            "right": 914,
            "top": 1497,
            "left": 659,
            "bottom": 1519
        }
    },
    {
        "isClick": false,
        "id": 16,
        "content": "Almost there !",
        "type": "text",
        "location": {
            "right": 332,
            "top": 1792,
            "left": 154,
            "bottom": 1814
        }
    },
    {
        "isClick": false,
        "id": 17,
        "content": "Your place in line : 1",
        "type": "text",
        "location": {
            "right": 322,
            "top": 1827,
            "left": 161,
            "bottom": 1845
        }
    },
    {
        "isClick": false,
        "id": 18,
        "content": "My",
        "type": "text",
        "location": {
            "right": 799,
            "top": 1809,
            "left": 737,
            "bottom": 1857
        }
    },
    {
        "isClick": false,
        "id": 19,
        "content": "Expert",
        "type": "text",
        "location": {
            "right": 953,
            "top": 1810,
            "left": 815,
            "bottom": 1859
        }
    },
    {
        "isClick": false,
        "id": 20,
        "content": "FREE",
        "type": "text",
        "location": {
            "right": 769,
            "top": 1872,
            "left": 691,
            "bottom": 1899
        }
    },
    {
        "isClick": false,
        "id": 21,
        "content": "INSTALL",
        "type": "text",
        "location": {
            "right": 988,
            "top": 1876,
            "left": 865,
            "bottom": 1896
        }
    }
]