[
    {
        "id": 0,
        "location": {
            "right": 318,
            "left": 280,
            "top": 12,
            "bottom": 27
        },
        "content": "FAK",
        "isClick": false,
        "type": "text"
    },
    {
        "id": 1,
        "location": {
            "right": 188,
            "left": 36,
            "top": 11,
            "bottom": 51
        },
        "content": "YNB",
        "isClick": false,
        "type": "text"
    },
    {
        "id": 2,
        "location": {
            "right": 246,
            "left": 225,
            "top": 21,
            "bottom": 41
        },
        "content": "5",
        "isClick": false,
        "type": "text"
    },
    {
        "id": 3,
        "location": {
            "right": 966,
            "left": 943,
            "top": 12,
            "bottom": 48
        },
        "content": "$",
        "isClick": false,
        "type": "text"
    },
    {
        "id": 4,
        "location": {
            "right": 1056,
            "left": 989,
            "top": 17,
            "bottom": 48
        },
        "content": "1:29",
        "isClick": false,
        "type": "text"
    },
    {
        "id": 5,
        "location": {
            "right": 293,
            "left": 248,
            "top": 78,
            "bottom": 105
        },
        "content": "\uc77c\ubc18",
        "isClick": false,
        "type": "text"
    },
    {
        "id": 6,
        "location": {
            "right": 319,
            "left": 310,
            "top": 78,
            "bottom": 104
        },
        "content": "\ud310",
        "isClick": false,
        "type": "text"
    },
    {
        "id": 7,
        "location": {
            "right": 201,
            "left": 76,
            "top": 100,
            "bottom": 141
        },
        "content": "\uc778\ud130\ub124\uc774",
        "isClick": false,
        "type": "text"
    },
    {
        "id": 8,
        "location": {
            "right": 513,
            "left": 457,
            "top": 105,
            "bottom": 121
        },
        "content": "mo",
        "isClick": false,
        "type": "text"
    },
    {
        "id": 9,
        "location": {
            "right": 774,
            "left": 672,
            "top": 105,
            "bottom": 121
        },
        "content": "OIL",
        "isClick": false,
        "type": "text"
    },
    {
        "id": 10,
        "location": {
            "right": 986,
            "left": 936,
            "top": 105,
            "bottom": 141
        },
        "content": "\ub85c\ub9cc",
        "isClick": false,
        "type": "text"
    },
    {
        "id": 11,
        "location": {
            "right": 1013,
            "left": 1002,
            "top": 105,
            "bottom": 141
        },
        "content": "\ud654",
        "isClick": false,
        "type": "text"
    },
    {
        "id": 12,
        "location": {
            "right": 111,
            "left": 59,
            "top": 217,
            "bottom": 245
        },
        "content": "\uc791\ud488",
        "isClick": false,
        "type": "text"
    },
    {
        "id": 13,
        "location": {
            "right": 137,
            "left": 128,
            "top": 217,
            "bottom": 245
        },
        "content": "\uba85",
        "isClick": false,
        "type": "text"
    },
    {
        "id": 14,
        "location": {
            "right": 403,
            "left": 226,
            "top": 185,
            "bottom": 217
        },
        "content": "\uc778\ud130\ub137 \ub9cc\ud654\ubc29",
        "isClick": false,
        "type": "text"
    },
    {
        "id": 15,
        "location": {
            "right": 471,
            "left": 422,
            "top": 185,
            "bottom": 217
        },
        "content": "\uc571 \uc0c8",
        "isClick": false,
        "type": "text"
    },
    {
        "id": 16,
        "location": {
            "right": 542,
            "left": 492,
            "top": 185,
            "bottom": 217
        },
        "content": "\ubc84\uc804",
        "isClick": false,
        "type": "text"
    },
    {
        "id": 17,
        "location": {
            "right": 569,
            "left": 558,
            "top": 185,
            "bottom": 217
        },
        "content": "\uc774",
        "isClick": false,
        "type": "text"
    },
    {
        "id": 18,
        "location": {
            "right": 739,
            "left": 584,
            "top": 185,
            "bottom": 217
        },
        "content": "\ub098\uc654\uc2b5\ub2c8\ub2e4 .",
        "isClick": false,
        "type": "text"
    },
    {
        "id": 19,
        "location": {
            "right": 873,
            "left": 754,
            "top": 185,
            "bottom": 217
        },
        "content": "\uc5c5\ub370\uc774\ud2b8",
        "isClick": false,
        "type": "text"
    },
    {
        "id": 20,
        "location": {
            "right": 645,
            "left": 449,
            "top": 236,
            "bottom": 267
        },
        "content": "\ud6c4 \uc774\uc6a9 \ud558\uc138\uc694 .",
        "isClick": false,
        "type": "text"
    },
    {
        "id": 21,
        "location": {
            "right": 575,
            "left": 519,
            "top": 321,
            "bottom": 353
        },
        "content": "\ud655\uc778",
        "isClick": false,
        "type": "text"
    },
    {
        "id": 22,
        "location": {
            "right": 421,
            "left": 367,
            "top": 533,
            "bottom": 565
        },
        "content": "\uc5bc\ub9c8 \ub294",
        "isClick": false,
        "type": "text"
    },
    {
        "id": 23,
        "location": {
            "right": 458,
            "left": 380,
            "top": 567,
            "bottom": 601
        },
        "content": "\uc808\ub300 \uace0\uc218",
        "isClick": false,
        "type": "text"
    },
    {
        "id": 24,
        "location": {
            "right": 81,
            "left": 37,
            "top": 593,
            "bottom": 613
        },
        "content": "\ubb35 \uac80\ud5a5",
        "isClick": false,
        "type": "text"
    },
    {
        "id": 25,
        "location": {
            "right": 852,
            "left": 832,
            "top": 699,
            "bottom": 707
        },
        "content": "15146",
        "isClick": false,
        "type": "text"
    },
    {
        "id": 26,
        "location": {
            "right": 913,
            "left": 883,
            "top": 699,
            "bottom": 707
        },
        "content": "TALL",
        "isClick": false,
        "type": "text"
    },
    {
        "id": 27,
        "location": {
            "right": 175,
            "left": 125,
            "top": 700,
            "bottom": 723
        },
        "content": "30 %",
        "isClick": false,
        "type": "text"
    },
    {
        "id": 28,
        "location": {
            "right": 497,
            "left": 447,
            "top": 699,
            "bottom": 728
        },
        "content": "30 %",
        "isClick": false,
        "type": "text"
    },
    {
        "id": 29,
        "location": {
            "right": 530,
            "left": 518,
            "top": 698,
            "bottom": 734
        },
        "content": "\ud558",
        "isClick": false,
        "type": "text"
    },
    {
        "id": 30,
        "location": {
            "right": 819,
            "left": 772,
            "top": 700,
            "bottom": 720
        },
        "content": "15 %",
        "isClick": false,
        "type": "text"
    },
    {
        "id": 31,
        "location": {
            "right": 558,
            "left": 514,
            "top": 776,
            "bottom": 794
        },
        "content": "wy",
        "isClick": true,
        "type": "text"
    },
    {
        "id": 32,
        "location": {
            "right": 182,
            "left": 171,
            "top": 876,
            "bottom": 902
        },
        "content": "2",
        "isClick": false,
        "type": "text"
    },
    {
        "id": 33,
        "location": {
            "right": 271,
            "left": 204,
            "top": 874,
            "bottom": 902
        },
        "content": "\uad8c \ubb34\ub8cc",
        "isClick": false,
        "type": "text"
    },
    {
        "id": 34,
        "location": {
            "right": 916,
            "left": 817,
            "top": 874,
            "bottom": 901
        },
        "content": "3 \ud654 \ubb34\ub8cc",
        "isClick": false,
        "type": "text"
    },
    {
        "id": 35,
        "location": {
            "right": 598,
            "left": 490,
            "top": 875,
            "bottom": 901
        },
        "content": "30P \ubb34\ub8cc",
        "isClick": false,
        "type": "text"
    },
    {
        "id": 36,
        "location": {
            "right": 506,
            "left": 454,
            "top": 913,
            "bottom": 949
        },
        "content": "Lica",
        "isClick": false,
        "type": "text"
    },
    {
        "id": 37,
        "location": {
            "right": 829,
            "left": 827,
            "top": 931,
            "bottom": 938
        },
        "content": "I",
        "isClick": false,
        "type": "text"
    },
    {
        "id": 38,
        "location": {
            "right": 630,
            "left": 587,
            "top": 1023,
            "bottom": 1034
        },
        "content": "SEGUN",
        "isClick": false,
        "type": "text"
    },
    {
        "id": 39,
        "location": {
            "right": 599,
            "left": 481,
            "top": 1043,
            "bottom": 1067
        },
        "content": "\uc5ec\ud589 \uc744 \uc0ac\ub791 \uc758 \uc2dc\uc791",
        "isClick": false,
        "type": "text"
    },
    {
        "id": 40,
        "location": {
            "right": 273,
            "left": 248,
            "top": 1094,
            "bottom": 1103
        },
        "content": "\uc758",
        "isClick": false,
        "type": "text"
    },
    {
        "id": 41,
        "location": {
            "right": 876,
            "left": 783,
            "top": 1184,
            "bottom": 1194
        },
        "content": "\uc11c \uc544 \uc5d0 \uac00\ub3d9 \ubc30\uc790",
        "isClick": false,
        "type": "text"
    },
    {
        "id": 42,
        "location": {
            "right": 597,
            "left": 489,
            "top": 1205,
            "bottom": 1233
        },
        "content": "20P \ubb34\ub8cc",
        "isClick": false,
        "type": "text"
    },
    {
        "id": 43,
        "location": {
            "right": 919,
            "left": 812,
            "top": 1205,
            "bottom": 1233
        },
        "content": "20P \ubb34\ub8cc",
        "isClick": false,
        "type": "text"
    },
    {
        "id": 44,
        "location": {
            "right": 286,
            "left": 213,
            "top": 1258,
            "bottom": 1273
        },
        "content": "Chapter 001",
        "isClick": false,
        "type": "text"
    },
    {
        "id": 45,
        "location": {
            "right": 466,
            "left": 301,
            "top": 1386,
            "bottom": 1408
        },
        "content": "\uad6c\uc911 \uad81\uad90 \ud769 \ub0a0\ub9ac\ub294",
        "isClick": false,
        "type": "text"
    },
    {
        "id": 46,
        "location": {
            "right": 421,
            "left": 374,
            "top": 1386,
            "bottom": 1479
        },
        "content": "\ub208",
        "isClick": false,
        "type": "text"
    },
    {
        "id": 47,
        "location": {
            "right": 503,
            "left": 419,
            "top": 1386,
            "bottom": 1485
        },
        "content": "\uc774\ub098",
        "isClick": false,
        "type": "text"
    },
    {
        "id": 48,
        "location": {
            "right": 658,
            "left": 637,
            "top": 1437,
            "bottom": 1508
        },
        "content": "\u7f8e",
        "isClick": false,
        "type": "text"
    },
    {
        "id": 49,
        "location": {
            "right": 714,
            "left": 656,
            "top": 1480,
            "bottom": 1497
        },
        "content": "\uc784\ud574 \uc5f0",
        "isClick": false,
        "type": "text"
    },
    {
        "id": 50,
        "location": {
            "right": 167,
            "left": 54,
            "top": 1576,
            "bottom": 1611
        },
        "content": "\uc778\uae30 \ub9cc\ud654",
        "isClick": false,
        "type": "text"
    },
    {
        "id": 51,
        "location": {
            "right": 126,
            "left": 78,
            "top": 1657,
            "bottom": 1678
        },
        "content": "15 %",
        "isClick": false,
        "type": "text"
    },
    {
        "id": 52,
        "location": {
            "right": 313,
            "left": 247,
            "top": 1649,
            "bottom": 1674
        },
        "content": "3 \ud654 \ubb34\ub8cc",
        "isClick": false,
        "type": "text"
    },
    {
        "id": 53,
        "location": {
            "right": 654,
            "left": 578,
            "top": 1648,
            "bottom": 1675
        },
        "content": "120P \ubb34\ub8cc",
        "isClick": false,
        "type": "text"
    },
    {
        "id": 54,
        "location": {
            "right": 473,
            "left": 466,
            "top": 1691,
            "bottom": 1703
        },
        "content": "10",
        "isClick": false,
        "type": "text"
    },
    {
        "id": 55,
        "location": {
            "right": 591,
            "left": 495,
            "top": 1678,
            "bottom": 1702
        },
        "content": "\uc0ac\ub791 \uc758 \uc21c\ub840\uc790",
        "isClick": false,
        "type": "text"
    },
    {
        "id": 56,
        "location": {
            "right": 818,
            "left": 771,
            "top": 1658,
            "bottom": 1678
        },
        "content": "15 %",
        "isClick": false,
        "type": "text"
    },
    {
        "id": 57,
        "location": {
            "right": 1003,
            "left": 938,
            "top": 1650,
            "bottom": 1675
        },
        "content": "3 \ud654 \ubb34\ub8cc",
        "isClick": false,
        "type": "text"
    },
    {
        "id": 58,
        "location": {
            "right": 769,
            "left": 735,
            "top": 1720,
            "bottom": 1754
        },
        "content": "G",
        "isClick": false,
        "type": "text"
    },
    {
        "id": 59,
        "location": {
            "right": 978,
            "left": 960,
            "top": 1734,
            "bottom": 1741
        },
        "content": "..",
        "isClick": false,
        "type": "text"
    },
    {
        "id": 60,
        "location": {
            "right": 123,
            "left": 121,
            "top": 1764,
            "bottom": 1775
        },
        "content": "\ud648",
        "isClick": false,
        "type": "text"
    },
    {
        "id": 61,
        "location": {
            "right": 353,
            "left": 300,
            "top": 1763,
            "bottom": 1774
        },
        "content": "\ub9c8\uc774 \ud398\uc774\uc9c0",
        "isClick": false,
        "type": "text"
    },
    {
        "id": 62,
        "location": {
            "right": 563,
            "left": 518,
            "top": 1762,
            "bottom": 1775
        },
        "content": "\uc774\uc804 \uc73c\ub85c",
        "isClick": false,
        "type": "text"
    },
    {
        "id": 63,
        "location": {
            "right": 772,
            "left": 728,
            "top": 1763,
            "bottom": 1774
        },
        "content": "\uc0c8\ub85c \uace0\uce68",
        "isClick": false,
        "type": "text"
    },
    {
        "id": 64,
        "location": {
            "right": 987,
            "left": 944,
            "top": 1761,
            "bottom": 1776
        },
        "content": "\uc804\uccb4 \ubcf4\uae30",
        "isClick": false,
        "type": "text"
    }
]