[
    {
        "location": {
            "left": 44,
            "top": 54,
            "bottom": 105,
            "right": 473
        },
        "type": "text",
        "id": 0,
        "isClick": false,
        "content": "FoodTwitter.com"
    },
    {
        "location": {
            "left": 79,
            "top": 244,
            "bottom": 280,
            "right": 213
        },
        "type": "text",
        "id": 1,
        "isClick": false,
        "content": "Search"
    },
    {
        "location": {
            "left": 219,
            "top": 255,
            "bottom": 280,
            "right": 223
        },
        "type": "text",
        "id": 2,
        "isClick": false,
        "content": ":"
    },
    {
        "location": {
            "left": 239,
            "top": 246,
            "bottom": 286,
            "right": 575
        },
        "type": "text",
        "id": 3,
        "isClick": false,
        "content": "250,000+ recipes"
    },
    {
        "location": {
            "left": 969,
            "top": 241,
            "bottom": 280,
            "right": 985
        },
        "type": "text",
        "id": 4,
        "isClick": false,
        "content": "Q"
    },
    {
        "location": {
            "left": 37,
            "top": 433,
            "bottom": 484,
            "right": 140
        },
        "type": "text",
        "id": 5,
        "isClick": false,
        "content": "lv"
    },
    {
        "location": {
            "left": 60,
            "top": 706,
            "bottom": 750,
            "right": 211
        },
        "type": "text",
        "id": 6,
        "isClick": false,
        "content": "Recipes"
    },
    {
        "location": {
            "left": 315,
            "top": 705,
            "bottom": 751,
            "right": 509
        },
        "type": "text",
        "id": 7,
        "isClick": false,
        "content": "Ingredient"
    },
    {
        "location": {
            "left": 635,
            "top": 706,
            "bottom": 744,
            "right": 717
        },
        "type": "text",
        "id": 8,
        "isClick": false,
        "content": "Plan"
    },
    {
        "location": {
            "left": 879,
            "top": 705,
            "bottom": 749,
            "right": 961
        },
        "type": "text",
        "id": 9,
        "isClick": false,
        "content": "Sign"
    },
    {
        "location": {
            "left": 979,
            "top": 707,
            "bottom": 745,
            "right": 1009
        },
        "type": "text",
        "id": 10,
        "isClick": false,
        "content": "In"
    }
]