[
    {
        "id": 0,
        "location": {
            "right": 528,
            "left": 494,
            "top": 10,
            "bottom": 22
        },
        "content": "2:15",
        "isClick": false,
        "type": "text"
    },
    {
        "id": 1,
        "location": {
            "right": 81,
            "left": 42,
            "top": 53,
            "bottom": 62
        },
        "content": "room",
        "isClick": false,
        "type": "text"
    },
    {
        "id": 2,
        "location": {
            "right": 344,
            "left": 312,
            "top": 49,
            "bottom": 62
        },
        "content": "chat",
        "isClick": false,
        "type": "text"
    },
    {
        "id": 3,
        "location": {
            "right": 250,
            "left": 60,
            "top": 96,
            "bottom": 117
        },
        "content": "( 6 ) FRISKY | feelin ' frisky ?",
        "isClick": false,
        "type": "text"
    },
    {
        "id": 4,
        "location": {
            "right": 282,
            "left": 71,
            "top": 385,
            "bottom": 413
        },
        "content": "queen_1213love",
        "isClick": false,
        "type": "text"
    },
    {
        "id": 5,
        "location": {
            "right": 403,
            "left": 292,
            "top": 385,
            "bottom": 409
        },
        "content": "wants to",
        "isClick": false,
        "type": "text"
    },
    {
        "id": 6,
        "location": {
            "right": 459,
            "left": 414,
            "top": 385,
            "bottom": 407
        },
        "content": "add",
        "isClick": false,
        "type": "text"
    },
    {
        "id": 7,
        "location": {
            "right": 153,
            "left": 70,
            "top": 425,
            "bottom": 450
        },
        "content": "you as",
        "isClick": false,
        "type": "text"
    },
    {
        "id": 8,
        "location": {
            "right": 176,
            "left": 163,
            "top": 425,
            "bottom": 446
        },
        "content": "a",
        "isClick": false,
        "type": "text"
    },
    {
        "id": 9,
        "location": {
            "right": 260,
            "left": 188,
            "top": 417,
            "bottom": 445
        },
        "content": "friend",
        "isClick": false,
        "type": "text"
    },
    {
        "id": 10,
        "location": {
            "right": 268,
            "left": 265,
            "top": 436,
            "bottom": 442
        },
        "content": ".",
        "isClick": false,
        "type": "text"
    },
    {
        "id": 11,
        "location": {
            "right": 539,
            "left": 526,
            "top": 504,
            "bottom": 517
        },
        "content": "ti",
        "isClick": false,
        "type": "text"
    },
    {
        "id": 12,
        "location": {
            "right": 535,
            "left": 527,
            "top": 529,
            "bottom": 543
        },
        "content": "ti",
        "isClick": false,
        "type": "text"
    },
    {
        "id": 13,
        "location": {
            "right": 162,
            "left": 70,
            "top": 533,
            "bottom": 559
        },
        "content": "Accept",
        "isClick": true,
        "type": "text"
    },
    {
        "id": 14,
        "location": {
            "right": 302,
            "left": 238,
            "top": 533,
            "bottom": 559
        },
        "content": "Deny",
        "isClick": false,
        "type": "text"
    },
    {
        "id": 15,
        "location": {
            "right": 465,
            "left": 383,
            "top": 533,
            "bottom": 559
        },
        "content": "Ignore",
        "isClick": false,
        "type": "text"
    },
    {
        "id": 16,
        "location": {
            "right": 531,
            "left": 479,
            "top": 608,
            "bottom": 618
        },
        "content": "yo_ricky .",
        "isClick": false,
        "type": "text"
    },
    {
        "id": 17,
        "location": {
            "right": 32,
            "left": 7,
            "top": 684,
            "bottom": 697
        },
        "content": "lilyuz",
        "isClick": false,
        "type": "text"
    },
    {
        "id": 18,
        "location": {
            "right": 289,
            "left": 71,
            "top": 685,
            "bottom": 697
        },
        "content": "-ghosttown user 145313088 appcrawler",
        "isClick": false,
        "type": "text"
    },
    {
        "id": 19,
        "location": {
            "right": 456,
            "left": 395,
            "top": 684,
            "bottom": 695
        },
        "content": "moonpluzes",
        "isClick": false,
        "type": "text"
    },
    {
        "id": 20,
        "location": {
            "right": 535,
            "left": 478,
            "top": 685,
            "bottom": 695
        },
        "content": "pirategirl - 1",
        "isClick": false,
        "type": "text"
    },
    {
        "id": 21,
        "location": {
            "right": 127,
            "left": 107,
            "top": 918,
            "bottom": 941
        },
        "content": "\u0394",
        "isClick": false,
        "type": "text"
    }
]