[
    {
        "isClick": false,
        "id": 0,
        "content": "Farming",
        "type": "text",
        "location": {
            "right": 421,
            "top": 128,
            "left": 74,
            "bottom": 307
        }
    },
    {
        "isClick": false,
        "id": 1,
        "content": "Simulator",
        "type": "text",
        "location": {
            "right": 880,
            "top": 113,
            "left": 469,
            "bottom": 285
        }
    },
    {
        "isClick": false,
        "id": 2,
        "content": "ox",
        "type": "text",
        "location": {
            "right": 730,
            "top": 394,
            "left": 686,
            "bottom": 426
        }
    },
    {
        "isClick": false,
        "id": 3,
        "content": "1969",
        "type": "text",
        "location": {
            "right": 878,
            "top": 512,
            "left": 843,
            "bottom": 528
        }
    },
    {
        "isClick": false,
        "id": 4,
        "content": "Launch",
        "type": "text",
        "location": {
            "right": 662,
            "top": 1401,
            "left": 311,
            "bottom": 1536
        }
    },
    {
        "isClick": false,
        "id": 5,
        "content": "Day",
        "type": "text",
        "location": {
            "right": 895,
            "top": 1409,
            "left": 696,
            "bottom": 1537
        }
    }
]