[
    {
        "location": {
            "left": 987,
            "top": 17,
            "bottom": 47,
            "right": 1056
        },
        "type": "text",
        "id": 0,
        "isClick": false,
        "content": "9:14"
    },
    {
        "location": {
            "left": 13,
            "top": 80,
            "bottom": 112,
            "right": 224
        },
        "type": "text",
        "id": 1,
        "isClick": false,
        "content": "MEO Remote"
    },
    {
        "location": {
            "left": 15,
            "top": 147,
            "bottom": 186,
            "right": 136
        },
        "type": "text",
        "id": 2,
        "isClick": false,
        "content": "IIEO"
    },
    {
        "location": {
            "left": 909,
            "top": 155,
            "bottom": 191,
            "right": 1064
        },
        "type": "text",
        "id": 3,
        "isClick": false,
        "content": "desligado"
    },
    {
        "location": {
            "left": 143,
            "top": 424,
            "bottom": 473,
            "right": 225
        },
        "type": "text",
        "id": 4,
        "isClick": false,
        "content": "V +"
    },
    {
        "location": {
            "left": 863,
            "top": 448,
            "bottom": 449,
            "right": 864
        },
        "type": "text",
        "id": 5,
        "isClick": false,
        "content": "P"
    },
    {
        "location": {
            "left": 889,
            "top": 418,
            "bottom": 487,
            "right": 934
        },
        "type": "text",
        "id": 6,
        "isClick": false,
        "content": "+"
    },
    {
        "location": {
            "left": 567,
            "top": 704,
            "bottom": 705,
            "right": 568
        },
        "type": "text",
        "id": 7,
        "isClick": false,
        "content": "OK"
    },
    {
        "location": {
            "left": 151,
            "top": 932,
            "bottom": 995,
            "right": 227
        },
        "type": "text",
        "id": 8,
        "isClick": false,
        "content": "V"
    },
    {
        "location": {
            "left": 875,
            "top": 968,
            "bottom": 969,
            "right": 876
        },
        "type": "text",
        "id": 9,
        "isClick": false,
        "content": "P"
    },
    {
        "location": {
            "left": 551,
            "top": 1160,
            "bottom": 1161,
            "right": 552
        },
        "type": "text",
        "id": 10,
        "isClick": false,
        "content": "menu"
    },
    {
        "location": {
            "left": 69,
            "top": 1547,
            "bottom": 1595,
            "right": 216
        },
        "type": "text",
        "id": 11,
        "isClick": false,
        "content": "Video"
    },
    {
        "location": {
            "left": 71,
            "top": 1624,
            "bottom": 1673,
            "right": 215
        },
        "type": "text",
        "id": 12,
        "isClick": false,
        "content": "Clube"
    },
    {
        "location": {
            "left": 345,
            "top": 1547,
            "bottom": 1596,
            "right": 448
        },
        "type": "text",
        "id": 13,
        "isClick": false,
        "content": "Guia"
    },
    {
        "location": {
            "left": 367,
            "top": 1624,
            "bottom": 1673,
            "right": 433
        },
        "type": "text",
        "id": 14,
        "isClick": false,
        "content": "TV"
    }
]