[
    {
        "id": 0,
        "location": {
            "bottom": 28,
            "right": 64,
            "top": 17,
            "left": 29
        },
        "type": "text",
        "isClick": false,
        "content": "English"
    },
    {
        "id": 1,
        "location": {
            "bottom": 26,
            "right": 191,
            "top": 12,
            "left": 154
        },
        "type": "text",
        "isClick": false,
        "content": "FAK"
    },
    {
        "id": 2,
        "location": {
            "bottom": 47,
            "right": 127,
            "top": 14,
            "left": 94
        },
        "type": "text",
        "isClick": false,
        "content": "f"
    },
    {
        "id": 3,
        "location": {
            "bottom": 47,
            "right": 193,
            "top": 11,
            "left": 154
        },
        "type": "text",
        "isClick": false,
        "content": "E"
    },
    {
        "id": 4,
        "location": {
            "bottom": 47,
            "right": 243,
            "top": 15,
            "left": 232
        },
        "type": "text",
        "isClick": false,
        "content": "O"
    },
    {
        "id": 5,
        "location": {
            "bottom": 47,
            "right": 309,
            "top": 12,
            "left": 286
        },
        "type": "text",
        "isClick": false,
        "content": "A"
    },
    {
        "id": 6,
        "location": {
            "bottom": 46,
            "right": 64,
            "top": 30,
            "left": 31
        },
        "type": "text",
        "isClick": false,
        "content": "\u0633\u06cc\u06a9\u06be\u06cc\u06ba"
    },
    {
        "id": 7,
        "location": {
            "bottom": 47,
            "right": 26,
            "top": 33,
            "left": 24
        },
        "type": "text",
        "isClick": false,
        "content": "|"
    },
    {
        "id": 8,
        "location": {
            "bottom": 49,
            "right": 801,
            "top": 14,
            "left": 782
        },
        "type": "text",
        "isClick": false,
        "content": "4"
    },
    {
        "id": 9,
        "location": {
            "bottom": 45,
            "right": 1056,
            "top": 19,
            "left": 989
        },
        "type": "text",
        "isClick": false,
        "content": "1:18"
    },
    {
        "id": 10,
        "location": {
            "bottom": 151,
            "right": 803,
            "top": 114,
            "left": 142
        },
        "type": "text",
        "isClick": false,
        "content": "www.walmart.com/store/weekly"
    },
    {
        "id": 11,
        "location": {
            "bottom": 155,
            "right": 1024,
            "top": 105,
            "left": 1009
        },
        "type": "text",
        "isClick": false,
        "content": "III"
    }
]