[
    {
        "id": 0,
        "location": {
            "bottom": 28,
            "right": 64,
            "top": 17,
            "left": 29
        },
        "type": "text",
        "isClick": false,
        "content": "English"
    },
    {
        "id": 1,
        "location": {
            "bottom": 26,
            "right": 191,
            "top": 12,
            "left": 154
        },
        "type": "text",
        "isClick": false,
        "content": "FAK"
    },
    {
        "id": 2,
        "location": {
            "bottom": 47,
            "right": 127,
            "top": 14,
            "left": 94
        },
        "type": "text",
        "isClick": false,
        "content": "f"
    },
    {
        "id": 3,
        "location": {
            "bottom": 49,
            "right": 1056,
            "top": 12,
            "left": 943
        },
        "type": "text",
        "isClick": false,
        "content": "51:20"
    },
    {
        "id": 4,
        "location": {
            "bottom": 158,
            "right": 99,
            "top": 108,
            "left": 56
        },
        "type": "text",
        "isClick": false,
        "content": "X"
    },
    {
        "id": 5,
        "location": {
            "bottom": 161,
            "right": 808,
            "top": 113,
            "left": 142
        },
        "type": "text",
        "isClick": false,
        "content": "https://www.walmart.com/seari"
    },
    {
        "id": 6,
        "location": {
            "bottom": 275,
            "right": 83,
            "top": 224,
            "left": 32
        },
        "type": "text",
        "isClick": false,
        "content": "="
    },
    {
        "id": 7,
        "location": {
            "bottom": 275,
            "right": 199,
            "top": 224,
            "left": 148
        },
        "type": "text",
        "isClick": false,
        "content": "Q"
    },
    {
        "id": 8,
        "location": {
            "bottom": 271,
            "right": 599,
            "top": 234,
            "left": 412
        },
        "type": "text",
        "isClick": false,
        "content": "Walmart"
    },
    {
        "id": 9,
        "location": {
            "bottom": 281,
            "right": 1051,
            "top": 234,
            "left": 1017
        },
        "type": "text",
        "isClick": false,
        "content": "ES"
    },
    {
        "id": 10,
        "location": {
            "bottom": 362,
            "right": 163,
            "top": 330,
            "left": 65
        },
        "type": "text",
        "isClick": false,
        "content": "cereal"
    },
    {
        "id": 11,
        "location": {
            "bottom": 365,
            "right": 902,
            "top": 336,
            "left": 872
        },
        "type": "text",
        "isClick": false,
        "content": "X"
    },
    {
        "id": 12,
        "location": {
            "bottom": 367,
            "right": 1023,
            "top": 326,
            "left": 982
        },
        "type": "text",
        "isClick": false,
        "content": "a"
    },
    {
        "id": 13,
        "location": {
            "bottom": 477,
            "right": 801,
            "top": 444,
            "left": 280
        },
        "type": "text",
        "isClick": false,
        "content": "Introducing FREE 2 - Day Shipping"
    },
    {
        "id": 14,
        "location": {
            "bottom": 574,
            "right": 297,
            "top": 549,
            "left": 33
        },
        "type": "text",
        "isClick": false,
        "content": "20 of 1766 results"
    },
    {
        "id": 15,
        "location": {
            "bottom": 581,
            "right": 694,
            "top": 548,
            "left": 691
        },
        "type": "text",
        "isClick": false,
        "content": ":"
    },
    {
        "id": 16,
        "location": {
            "bottom": 577,
            "right": 1004,
            "top": 548,
            "left": 802
        },
        "type": "text",
        "isClick": false,
        "content": "Sort & Refine"
    },
    {
        "id": 17,
        "location": {
            "bottom": 579,
            "right": 1052,
            "top": 549,
            "left": 1016
        },
        "type": "text",
        "isClick": false,
        "content": "( 1 )"
    },
    {
        "id": 18,
        "location": {
            "bottom": 688,
            "right": 114,
            "top": 658,
            "left": 34
        },
        "type": "text",
        "isClick": false,
        "content": "Food"
    },
    {
        "id": 19,
        "location": {
            "bottom": 803,
            "right": 904,
            "top": 779,
            "left": 848
        },
        "type": "text",
        "isClick": false,
        "content": "GIANT"
    },
    {
        "id": 20,
        "location": {
            "bottom": 797,
            "right": 949,
            "top": 775,
            "left": 911
        },
        "type": "text",
        "isClick": false,
        "content": "SIZE"
    },
    {
        "id": 21,
        "location": {
            "bottom": 817,
            "right": 944,
            "top": 797,
            "left": 885
        },
        "type": "text",
        "isClick": false,
        "content": "GUTINE"
    },
    {
        "id": 22,
        "location": {
            "bottom": 837,
            "right": 594,
            "top": 802,
            "left": 492
        },
        "type": "text",
        "isClick": false,
        "content": "Cheerios"
    },
    {
        "id": 23,
        "location": {
            "bottom": 859,
            "right": 944,
            "top": 812,
            "left": 851
        },
        "type": "text",
        "isClick": false,
        "content": "FRUITY"
    },
    {
        "id": 24,
        "location": {
            "bottom": 860,
            "right": 590,
            "top": 843,
            "left": 512
        },
        "type": "text",
        "isClick": false,
        "content": "OOTS"
    },
    {
        "id": 25,
        "location": {
            "bottom": 889,
            "right": 948,
            "top": 831,
            "left": 860
        },
        "type": "text",
        "isClick": false,
        "content": "PEBBLES"
    },
    {
        "id": 26,
        "location": {
            "bottom": 1029,
            "right": 303,
            "top": 996,
            "left": 72
        },
        "type": "text",
        "isClick": false,
        "content": "2 - Day Shipping"
    },
    {
        "id": 27,
        "location": {
            "bottom": 1020,
            "right": 605,
            "top": 995,
            "left": 475
        },
        "type": "text",
        "isClick": false,
        "content": "Cheerios"
    },
    {
        "id": 28,
        "location": {
            "bottom": 1020,
            "right": 924,
            "top": 996,
            "left": 862
        },
        "type": "text",
        "isClick": false,
        "content": "Post"
    },
    {
        "id": 29,
        "location": {
            "bottom": 1258,
            "right": 271,
            "top": 1241,
            "left": 146
        },
        "type": "text",
        "isClick": false,
        "content": "GIANT SIZE"
    },
    {
        "id": 30,
        "location": {
            "bottom": 1254,
            "right": 383,
            "top": 1226,
            "left": 373
        },
        "type": "text",
        "isClick": false,
        "content": "$"
    },
    {
        "id": 31,
        "location": {
            "bottom": 1261,
            "right": 493,
            "top": 1225,
            "left": 393
        },
        "type": "text",
        "isClick": false,
        "content": "4.48"
    },
    {
        "id": 32,
        "location": {
            "bottom": 1262,
            "right": 581,
            "top": 1236,
            "left": 509
        },
        "type": "text",
        "isClick": false,
        "content": "19.0c"
    },
    {
        "id": 33,
        "location": {
            "bottom": 1265,
            "right": 645,
            "top": 1236,
            "left": 593
        },
        "type": "text",
        "isClick": false,
        "content": "/ oz"
    },
    {
        "id": 34,
        "location": {
            "bottom": 1324,
            "right": 245,
            "top": 1286,
            "left": 117
        },
        "type": "text",
        "isClick": false,
        "content": "Cinnamon"
    },
    {
        "id": 35,
        "location": {
            "bottom": 1352,
            "right": 213,
            "top": 1307,
            "left": 152
        },
        "type": "text",
        "isClick": false,
        "content": "Toas"
    },
    {
        "id": 36,
        "location": {
            "bottom": 1408,
            "right": 264,
            "top": 1323,
            "left": 110
        },
        "type": "text",
        "isClick": false,
        "content": "Crunch"
    },
    {
        "id": 37,
        "location": {
            "bottom": 1354,
            "right": 878,
            "top": 1326,
            "left": 374
        },
        "type": "text",
        "isClick": false,
        "content": "General Mills Cinnamon Toast"
    },
    {
        "id": 38,
        "location": {
            "bottom": 1411,
            "right": 814,
            "top": 1371,
            "left": 374
        },
        "type": "text",
        "isClick": false,
        "content": "Crunch Crispy , Sweetened"
    },
    {
        "id": 39,
        "location": {
            "bottom": 1407,
            "right": 932,
            "top": 1372,
            "left": 825
        },
        "type": "text",
        "isClick": false,
        "content": "Whole"
    },
    {
        "id": 40,
        "location": {
            "bottom": 1450,
            "right": 708,
            "top": 1418,
            "left": 374
        },
        "type": "text",
        "isClick": false,
        "content": "Wheat & Rice Cereal"
    },
    {
        "id": 41,
        "location": {
            "bottom": 1448,
            "right": 771,
            "top": 1419,
            "left": 723
        },
        "type": "text",
        "isClick": false,
        "content": "11b"
    },
    {
        "id": 42,
        "location": {
            "bottom": 1514,
            "right": 637,
            "top": 1486,
            "left": 587
        },
        "type": "text",
        "isClick": false,
        "content": "( 78 )"
    },
    {
        "id": 43,
        "location": {
            "bottom": 1603,
            "right": 626,
            "top": 1570,
            "left": 374
        },
        "type": "text",
        "isClick": false,
        "content": "2 - Day Shipping"
    },
    {
        "id": 44,
        "location": {
            "bottom": 1673,
            "right": 440,
            "top": 1646,
            "left": 374
        },
        "type": "text",
        "isClick": false,
        "content": "FREE"
    },
    {
        "id": 45,
        "location": {
            "bottom": 1678,
            "right": 544,
            "top": 1644,
            "left": 450
        },
        "type": "text",
        "isClick": false,
        "content": "pickup"
    }
]