[
    {
        "location": {
            "left": 280,
            "top": 10,
            "bottom": 26,
            "right": 318
        },
        "type": "text",
        "id": 0,
        "isClick": false,
        "content": "FAK"
    },
    {
        "location": {
            "left": 36,
            "top": 10,
            "bottom": 53,
            "right": 57
        },
        "type": "text",
        "id": 1,
        "isClick": false,
        "content": "1"
    },
    {
        "location": {
            "left": 988,
            "top": 18,
            "bottom": 49,
            "right": 1056
        },
        "type": "text",
        "id": 2,
        "isClick": false,
        "content": "6:18"
    },
    {
        "location": {
            "left": 44,
            "top": 113,
            "bottom": 156,
            "right": 163
        },
        "type": "text",
        "id": 3,
        "isClick": false,
        "content": "Truth"
    },
    {
        "location": {
            "left": 182,
            "top": 128,
            "bottom": 156,
            "right": 225
        },
        "type": "text",
        "id": 4,
        "isClick": false,
        "content": "or"
    },
    {
        "location": {
            "left": 244,
            "top": 115,
            "bottom": 158,
            "right": 347
        },
        "type": "text",
        "id": 5,
        "isClick": false,
        "content": "Dare"
    },
    {
        "location": {
            "left": 368,
            "top": 117,
            "bottom": 158,
            "right": 463
        },
        "type": "text",
        "id": 6,
        "isClick": false,
        "content": "Free"
    },
    {
        "location": {
            "left": 1016,
            "top": 113,
            "bottom": 156,
            "right": 1027
        },
        "type": "text",
        "id": 7,
        "isClick": false,
        "content": ":"
    },
    {
        "location": {
            "left": 119,
            "top": 216,
            "bottom": 304,
            "right": 278
        },
        "type": "text",
        "id": 8,
        "isClick": false,
        "content": "tosh"
    },
    {
        "location": {
            "left": 275,
            "top": 252,
            "bottom": 301,
            "right": 301
        },
        "type": "text",
        "id": 9,
        "isClick": false,
        "content": "."
    },
    {
        "location": {
            "left": 314,
            "top": 235,
            "bottom": 319,
            "right": 433
        },
        "type": "text",
        "id": 10,
        "isClick": false,
        "content": "SHOW"
    },
    {
        "location": {
            "left": 510,
            "top": 228,
            "bottom": 275,
            "right": 689
        },
        "type": "text",
        "id": 11,
        "isClick": false,
        "content": "APRIL"
    },
    {
        "location": {
            "left": 720,
            "top": 228,
            "bottom": 275,
            "right": 769
        },
        "type": "text",
        "id": 12,
        "isClick": false,
        "content": "16"
    },
    {
        "location": {
            "left": 463,
            "top": 291,
            "bottom": 333,
            "right": 570
        },
        "type": "text",
        "id": 13,
        "isClick": false,
        "content": "STATE"
    },
    {
        "location": {
            "left": 587,
            "top": 297,
            "bottom": 324,
            "right": 668
        },
        "type": "text",
        "id": 14,
        "isClick": false,
        "content": "FARM"
    },
    {
        "location": {
            "left": 687,
            "top": 296,
            "bottom": 325,
            "right": 802
        },
        "type": "text",
        "id": 15,
        "isClick": false,
        "content": "CENTER"
    },
    {
        "location": {
            "left": 866,
            "top": 217,
            "bottom": 241,
            "right": 918
        },
        "type": "text",
        "id": 16,
        "isClick": false,
        "content": "GET"
    },
    {
        "location": {
            "left": 830,
            "top": 237,
            "bottom": 272,
            "right": 953
        },
        "type": "text",
        "id": 17,
        "isClick": false,
        "content": "TICKETS"
    },
    {
        "location": {
            "left": 863,
            "top": 280,
            "bottom": 303,
            "right": 923
        },
        "type": "text",
        "id": 18,
        "isClick": false,
        "content": "NON"
    },
    {
        "location": {
            "left": 841,
            "top": 310,
            "bottom": 329,
            "right": 945
        },
        "type": "text",
        "id": 19,
        "isClick": false,
        "content": "LIVE NATION"
    },
    {
        "location": {
            "left": 189,
            "top": 301,
            "bottom": 316,
            "right": 245
        },
        "type": "text",
        "id": 20,
        "isClick": false,
        "content": "IPUS"
    },
    {
        "location": {
            "left": 125,
            "top": 300,
            "bottom": 341,
            "right": 195
        },
        "type": "text",
        "id": 21,
        "isClick": false,
        "content": "XD"
    },
    {
        "location": {
            "left": 559,
            "top": 962,
            "bottom": 979,
            "right": 609
        },
        "type": "text",
        "id": 22,
        "isClick": false,
        "content": "Truth"
    },
    {
        "location": {
            "left": 469,
            "top": 956,
            "bottom": 974,
            "right": 512
        },
        "type": "text",
        "id": 23,
        "isClick": false,
        "content": "Next"
    },
    {
        "location": {
            "left": 469,
            "top": 980,
            "bottom": 1002,
            "right": 530
        },
        "type": "text",
        "id": 24,
        "isClick": false,
        "content": "Player"
    },
    {
        "location": {
            "left": 405,
            "top": 1009,
            "bottom": 1035,
            "right": 462
        },
        "type": "text",
        "id": 25,
        "isClick": false,
        "content": "Truth"
    },
    {
        "location": {
            "left": 418,
            "top": 1051,
            "bottom": 1070,
            "right": 462
        },
        "type": "text",
        "id": 26,
        "isClick": false,
        "content": "Dare"
    },
    {
        "location": {
            "left": 618,
            "top": 1031,
            "bottom": 1050,
            "right": 663
        },
        "type": "text",
        "id": 27,
        "isClick": false,
        "content": "Dare"
    },
    {
        "location": {
            "left": 420,
            "top": 1110,
            "bottom": 1127,
            "right": 464
        },
        "type": "text",
        "id": 28,
        "isClick": false,
        "content": "Dare"
    },
    {
        "location": {
            "left": 609,
            "top": 1090,
            "bottom": 1108,
            "right": 664
        },
        "type": "text",
        "id": 29,
        "isClick": false,
        "content": "Truth"
    },
    {
        "location": {
            "left": 633,
            "top": 1112,
            "bottom": 1121,
            "right": 643
        },
        "type": "text",
        "id": 30,
        "isClick": false,
        "content": "+"
    },
    {
        "location": {
            "left": 619,
            "top": 1126,
            "bottom": 1143,
            "right": 663
        },
        "type": "text",
        "id": 31,
        "isClick": false,
        "content": "Dare"
    },
    {
        "location": {
            "left": 555,
            "top": 1158,
            "bottom": 1176,
            "right": 599
        },
        "type": "text",
        "id": 32,
        "isClick": false,
        "content": "Next"
    },
    {
        "location": {
            "left": 555,
            "top": 1181,
            "bottom": 1205,
            "right": 622
        },
        "type": "text",
        "id": 33,
        "isClick": false,
        "content": "Player"
    },
    {
        "location": {
            "left": 470,
            "top": 1178,
            "bottom": 1194,
            "right": 521
        },
        "type": "text",
        "id": 34,
        "isClick": false,
        "content": "Truth"
    },
    {
        "location": {
            "left": 214,
            "top": 1833,
            "bottom": 1880,
            "right": 258
        },
        "type": "text",
        "id": 35,
        "isClick": false,
        "content": "V"
    }
]