[
    {
        "location": {
            "left": 280,
            "top": 11,
            "bottom": 27,
            "right": 318
        },
        "type": "text",
        "id": 0,
        "isClick": false,
        "content": "FAK"
    },
    {
        "location": {
            "left": 37,
            "top": 10,
            "bottom": 53,
            "right": 57
        },
        "type": "text",
        "id": 1,
        "isClick": false,
        "content": "I"
    },
    {
        "location": {
            "left": 768,
            "top": 10,
            "bottom": 47,
            "right": 803
        },
        "type": "text",
        "id": 2,
        "isClick": false,
        "content": "\u00a9"
    },
    {
        "location": {
            "left": 988,
            "top": 18,
            "bottom": 49,
            "right": 1056
        },
        "type": "text",
        "id": 3,
        "isClick": false,
        "content": "6:19"
    },
    {
        "location": {
            "left": 44,
            "top": 113,
            "bottom": 156,
            "right": 163
        },
        "type": "text",
        "id": 4,
        "isClick": false,
        "content": "Truth"
    },
    {
        "location": {
            "left": 182,
            "top": 128,
            "bottom": 156,
            "right": 225
        },
        "type": "text",
        "id": 5,
        "isClick": false,
        "content": "or"
    },
    {
        "location": {
            "left": 244,
            "top": 115,
            "bottom": 158,
            "right": 347
        },
        "type": "text",
        "id": 6,
        "isClick": false,
        "content": "Dare"
    },
    {
        "location": {
            "left": 368,
            "top": 117,
            "bottom": 158,
            "right": 463
        },
        "type": "text",
        "id": 7,
        "isClick": false,
        "content": "Free"
    },
    {
        "location": {
            "left": 865,
            "top": 217,
            "bottom": 239,
            "right": 917
        },
        "type": "text",
        "id": 8,
        "isClick": false,
        "content": "GET"
    },
    {
        "location": {
            "left": 143,
            "top": 230,
            "bottom": 294,
            "right": 278
        },
        "type": "text",
        "id": 9,
        "isClick": false,
        "content": "tosh"
    },
    {
        "location": {
            "left": 284,
            "top": 256,
            "bottom": 298,
            "right": 303
        },
        "type": "text",
        "id": 10,
        "isClick": false,
        "content": "."
    },
    {
        "location": {
            "left": 274,
            "top": 252,
            "bottom": 301,
            "right": 301
        },
        "type": "text",
        "id": 11,
        "isClick": false,
        "content": "1."
    },
    {
        "location": {
            "left": 306,
            "top": 244,
            "bottom": 312,
            "right": 434
        },
        "type": "text",
        "id": 12,
        "isClick": false,
        "content": "SHOW"
    },
    {
        "location": {
            "left": 508,
            "top": 210,
            "bottom": 275,
            "right": 691
        },
        "type": "text",
        "id": 13,
        "isClick": false,
        "content": "APRIL"
    },
    {
        "location": {
            "left": 718,
            "top": 228,
            "bottom": 275,
            "right": 770
        },
        "type": "text",
        "id": 14,
        "isClick": false,
        "content": "16"
    },
    {
        "location": {
            "left": 812,
            "top": 218,
            "bottom": 291,
            "right": 954
        },
        "type": "text",
        "id": 15,
        "isClick": false,
        "content": "TICKETS"
    },
    {
        "location": {
            "left": 189,
            "top": 301,
            "bottom": 315,
            "right": 243
        },
        "type": "text",
        "id": 16,
        "isClick": false,
        "content": "IPUS"
    },
    {
        "location": {
            "left": 120,
            "top": 302,
            "bottom": 341,
            "right": 196
        },
        "type": "text",
        "id": 17,
        "isClick": false,
        "content": "XD"
    },
    {
        "location": {
            "left": 216,
            "top": 304,
            "bottom": 342,
            "right": 255
        },
        "type": "text",
        "id": 18,
        "isClick": false,
        "content": "2012"
    },
    {
        "location": {
            "left": 463,
            "top": 292,
            "bottom": 325,
            "right": 570
        },
        "type": "text",
        "id": 19,
        "isClick": false,
        "content": "STATE"
    },
    {
        "location": {
            "left": 587,
            "top": 297,
            "bottom": 324,
            "right": 668
        },
        "type": "text",
        "id": 20,
        "isClick": false,
        "content": "FARM"
    },
    {
        "location": {
            "left": 686,
            "top": 296,
            "bottom": 325,
            "right": 803
        },
        "type": "text",
        "id": 21,
        "isClick": false,
        "content": "CENTER"
    },
    {
        "location": {
            "left": 863,
            "top": 280,
            "bottom": 304,
            "right": 922
        },
        "type": "text",
        "id": 22,
        "isClick": false,
        "content": "NON"
    },
    {
        "location": {
            "left": 841,
            "top": 310,
            "bottom": 329,
            "right": 945
        },
        "type": "text",
        "id": 23,
        "isClick": false,
        "content": "LIVE NATION"
    },
    {
        "location": {
            "left": 29,
            "top": 409,
            "bottom": 449,
            "right": 115
        },
        "type": "text",
        "id": 24,
        "isClick": false,
        "content": "use"
    },
    {
        "location": {
            "left": 135,
            "top": 406,
            "bottom": 457,
            "right": 315
        },
        "type": "text",
        "id": 25,
        "isClick": false,
        "content": "system"
    },
    {
        "location": {
            "left": 29,
            "top": 465,
            "bottom": 527,
            "right": 241
        },
        "type": "text",
        "id": 26,
        "isClick": false,
        "content": "provided"
    },
    {
        "location": {
            "left": 263,
            "top": 466,
            "bottom": 527,
            "right": 509
        },
        "type": "text",
        "id": 27,
        "isClick": false,
        "content": "questions"
    },
    {
        "location": {
            "left": 913,
            "top": 449,
            "bottom": 479,
            "right": 960
        },
        "type": "text",
        "id": 28,
        "isClick": false,
        "content": "ON"
    },
    {
        "location": {
            "left": 29,
            "top": 657,
            "bottom": 697,
            "right": 114
        },
        "type": "text",
        "id": 29,
        "isClick": false,
        "content": "use"
    },
    {
        "location": {
            "left": 136,
            "top": 657,
            "bottom": 697,
            "right": 242
        },
        "type": "text",
        "id": 30,
        "isClick": false,
        "content": "user"
    },
    {
        "location": {
            "left": 261,
            "top": 641,
            "bottom": 703,
            "right": 473
        },
        "type": "text",
        "id": 31,
        "isClick": false,
        "content": "provided"
    },
    {
        "location": {
            "left": 27,
            "top": 713,
            "bottom": 773,
            "right": 274
        },
        "type": "text",
        "id": 32,
        "isClick": false,
        "content": "questions"
    },
    {
        "location": {
            "left": 914,
            "top": 697,
            "bottom": 727,
            "right": 961
        },
        "type": "text",
        "id": 33,
        "isClick": false,
        "content": "ON"
    },
    {
        "location": {
            "left": 79,
            "top": 1435,
            "bottom": 1601,
            "right": 241
        },
        "type": "text",
        "id": 34,
        "isClick": false,
        "content": "PM"
    },
    {
        "location": {
            "left": 214,
            "top": 1833,
            "bottom": 1880,
            "right": 258
        },
        "type": "text",
        "id": 35,
        "isClick": true,
        "content": "V"
    }
]