[
    {
        "content": "FAK",
        "location": {
            "bottom": 22,
            "top": 13,
            "left": 468,
            "right": 499
        },
        "id": 0,
        "isClick": false,
        "type": "text"
    },
    {
        "content": "ffff",
        "location": {
            "bottom": 49,
            "top": 14,
            "left": 94,
            "right": 315
        },
        "id": 1,
        "isClick": false,
        "type": "text"
    },
    {
        "content": "5",
        "location": {
            "bottom": 46,
            "top": 16,
            "left": 944,
            "right": 966
        },
        "id": 2,
        "isClick": false,
        "type": "text"
    },
    {
        "content": "5:29",
        "location": {
            "bottom": 48,
            "top": 17,
            "left": 989,
            "right": 1056
        },
        "id": 3,
        "isClick": false,
        "type": "text"
    },
    {
        "content": "Group",
        "location": {
            "bottom": 163,
            "top": 122,
            "left": 190,
            "right": 300
        },
        "id": 4,
        "isClick": false,
        "type": "text"
    },
    {
        "content": "Deals",
        "location": {
            "bottom": 157,
            "top": 121,
            "left": 315,
            "right": 416
        },
        "id": 5,
        "isClick": false,
        "type": "text"
    },
    {
        "content": "Q",
        "location": {
            "bottom": 314,
            "top": 275,
            "left": 75,
            "right": 87
        },
        "id": 6,
        "isClick": false,
        "type": "text"
    },
    {
        "content": "Search",
        "location": {
            "bottom": 311,
            "top": 280,
            "left": 190,
            "right": 301
        },
        "id": 7,
        "isClick": false,
        "type": "text"
    },
    {
        "content": "Group",
        "location": {
            "bottom": 443,
            "top": 408,
            "left": 190,
            "right": 285
        },
        "id": 8,
        "isClick": false,
        "type": "text"
    },
    {
        "content": "Deals",
        "location": {
            "bottom": 440,
            "top": 406,
            "left": 299,
            "right": 387
        },
        "id": 9,
        "isClick": false,
        "type": "text"
    },
    {
        "content": "Top",
        "location": {
            "bottom": 566,
            "top": 534,
            "left": 189,
            "right": 246
        },
        "id": 10,
        "isClick": false,
        "type": "text"
    },
    {
        "content": "Products",
        "location": {
            "bottom": 562,
            "top": 532,
            "left": 261,
            "right": 404
        },
        "id": 11,
        "isClick": true,
        "type": "text"
    },
    {
        "content": "New Arrivals",
        "location": {
            "bottom": 689,
            "top": 658,
            "left": 190,
            "right": 394
        },
        "id": 12,
        "isClick": false,
        "type": "text"
    },
    {
        "content": "Bought",
        "location": {
            "bottom": 761,
            "top": 721,
            "left": 773,
            "right": 898
        },
        "id": 13,
        "isClick": false,
        "type": "text"
    },
    {
        "content": "304",
        "location": {
            "bottom": 754,
            "top": 728,
            "left": 931,
            "right": 983
        },
        "id": 14,
        "isClick": false,
        "type": "text"
    },
    {
        "content": "Bookmarks",
        "location": {
            "bottom": 816,
            "top": 784,
            "left": 192,
            "right": 375
        },
        "id": 15,
        "isClick": false,
        "type": "text"
    },
    {
        "content": "Bought",
        "location": {
            "bottom": 1385,
            "top": 1345,
            "left": 773,
            "right": 899
        },
        "id": 16,
        "isClick": false,
        "type": "text"
    },
    {
        "content": "122",
        "location": {
            "bottom": 1378,
            "top": 1352,
            "left": 932,
            "right": 984
        },
        "id": 17,
        "isClick": false,
        "type": "text"
    },
    {
        "content": "er Up",
        "location": {
            "bottom": 1731,
            "top": 1692,
            "left": 628,
            "right": 709
        },
        "id": 18,
        "isClick": false,
        "type": "text"
    },
    {
        "content": "V",
        "location": {
            "bottom": 1881,
            "top": 1833,
            "left": 214,
            "right": 258
        },
        "id": 19,
        "isClick": false,
        "type": "text"
    }
]