[
    {
        "content": "FAK",
        "location": {
            "bottom": 22,
            "top": 13,
            "left": 467,
            "right": 499
        },
        "id": 0,
        "isClick": false,
        "type": "text"
    },
    {
        "content": "ffff",
        "location": {
            "bottom": 50,
            "top": 14,
            "left": 94,
            "right": 315
        },
        "id": 1,
        "isClick": false,
        "type": "text"
    },
    {
        "content": "5",
        "location": {
            "bottom": 46,
            "top": 16,
            "left": 944,
            "right": 966
        },
        "id": 2,
        "isClick": false,
        "type": "text"
    },
    {
        "content": "5:29",
        "location": {
            "bottom": 48,
            "top": 17,
            "left": 989,
            "right": 1056
        },
        "id": 3,
        "isClick": false,
        "type": "text"
    },
    {
        "content": "E",
        "location": {
            "bottom": 154,
            "top": 118,
            "left": 49,
            "right": 96
        },
        "id": 4,
        "isClick": true,
        "type": "text"
    },
    {
        "content": "Top",
        "location": {
            "bottom": 162,
            "top": 123,
            "left": 189,
            "right": 255
        },
        "id": 5,
        "isClick": false,
        "type": "text"
    },
    {
        "content": "Products",
        "location": {
            "bottom": 160,
            "top": 121,
            "left": 270,
            "right": 435
        },
        "id": 6,
        "isClick": false,
        "type": "text"
    },
    {
        "content": "Noble",
        "location": {
            "bottom": 312,
            "top": 276,
            "left": 56,
            "right": 161
        },
        "id": 7,
        "isClick": false,
        "type": "text"
    },
    {
        "content": "Short",
        "location": {
            "bottom": 311,
            "top": 274,
            "left": 176,
            "right": 271
        },
        "id": 8,
        "isClick": false,
        "type": "text"
    },
    {
        "content": "Layered",
        "location": {
            "bottom": 314,
            "top": 276,
            "left": 288,
            "right": 429
        },
        "id": 9,
        "isClick": false,
        "type": "text"
    },
    {
        "content": "Capless",
        "location": {
            "bottom": 315,
            "top": 276,
            "left": 444,
            "right": 589
        },
        "id": 10,
        "isClick": false,
        "type": "text"
    },
    {
        "content": "Wigs",
        "location": {
            "bottom": 364,
            "top": 323,
            "left": 53,
            "right": 142
        },
        "id": 11,
        "isClick": false,
        "type": "text"
    },
    {
        "content": "Natural",
        "location": {
            "bottom": 361,
            "top": 323,
            "left": 159,
            "right": 286
        },
        "id": 12,
        "isClick": false,
        "type": "text"
    },
    {
        "content": "Wavy",
        "location": {
            "bottom": 363,
            "top": 321,
            "left": 303,
            "right": 398
        },
        "id": 13,
        "isClick": false,
        "type": "text"
    },
    {
        "content": "Human",
        "location": {
            "bottom": 361,
            "top": 323,
            "left": 415,
            "right": 544
        },
        "id": 14,
        "isClick": false,
        "type": "text"
    },
    {
        "content": "Hair",
        "location": {
            "bottom": 359,
            "top": 325,
            "left": 561,
            "right": 634
        },
        "id": 15,
        "isClick": false,
        "type": "text"
    },
    {
        "content": "LightintheBox",
        "location": {
            "bottom": 467,
            "top": 432,
            "left": 55,
            "right": 262
        },
        "id": 16,
        "isClick": false,
        "type": "text"
    },
    {
        "content": "Free / Paid Shipping",
        "location": {
            "bottom": 513,
            "top": 478,
            "left": 55,
            "right": 339
        },
        "id": 17,
        "isClick": false,
        "type": "text"
    },
    {
        "content": "In Stock",
        "location": {
            "bottom": 553,
            "top": 525,
            "left": 56,
            "right": 174
        },
        "id": 18,
        "isClick": false,
        "type": "text"
    },
    {
        "content": "$ 29.86",
        "location": {
            "bottom": 717,
            "top": 680,
            "left": 81,
            "right": 202
        },
        "id": 19,
        "isClick": false,
        "type": "text"
    },
    {
        "content": "[ HK Stock ] Xiaomi",
        "location": {
            "bottom": 898,
            "top": 855,
            "left": 54,
            "right": 374
        },
        "id": 20,
        "isClick": false,
        "type": "text"
    },
    {
        "content": "Mi5",
        "location": {
            "bottom": 897,
            "top": 858,
            "left": 389,
            "right": 454
        },
        "id": 21,
        "isClick": false,
        "type": "text"
    },
    {
        "content": "5.15inch",
        "location": {
            "bottom": 896,
            "top": 858,
            "left": 470,
            "right": 623
        },
        "id": 22,
        "isClick": false,
        "type": "text"
    },
    {
        "content": "FHD",
        "location": {
            "bottom": 943,
            "top": 908,
            "left": 56,
            "right": 130
        },
        "id": 23,
        "isClick": false,
        "type": "text"
    },
    {
        "content": "Android",
        "location": {
            "bottom": 943,
            "top": 906,
            "left": 145,
            "right": 287
        },
        "id": 24,
        "isClick": false,
        "type": "text"
    },
    {
        "content": "6.0",
        "location": {
            "bottom": 943,
            "top": 908,
            "left": 304,
            "right": 356
        },
        "id": 25,
        "isClick": false,
        "type": "text"
    },
    {
        "content": "OS",
        "location": {
            "bottom": 942,
            "top": 908,
            "left": 372,
            "right": 421
        },
        "id": 26,
        "isClick": false,
        "type": "text"
    },
    {
        "content": "3GB",
        "location": {
            "bottom": 942,
            "top": 909,
            "left": 436,
            "right": 509
        },
        "id": 27,
        "isClick": false,
        "type": "text"
    },
    {
        "content": "32GB",
        "location": {
            "bottom": 943,
            "top": 906,
            "left": 525,
            "right": 621
        },
        "id": 28,
        "isClick": false,
        "type": "text"
    },
    {
        "content": "4G",
        "location": {
            "bottom": 992,
            "top": 958,
            "left": 54,
            "right": 101
        },
        "id": 29,
        "isClick": false,
        "type": "text"
    },
    {
        "content": "LTE",
        "location": {
            "bottom": 991,
            "top": 958,
            "left": 118,
            "right": 177
        },
        "id": 30,
        "isClick": false,
        "type": "text"
    },
    {
        "content": "Smartphone",
        "location": {
            "bottom": 999,
            "top": 957,
            "left": 192,
            "right": 417
        },
        "id": 31,
        "isClick": false,
        "type": "text"
    },
    {
        "content": "64 - Bit",
        "location": {
            "bottom": 992,
            "top": 958,
            "left": 432,
            "right": 535
        },
        "id": 32,
        "isClick": false,
        "type": "text"
    },
    {
        "content": "Qualcomm",
        "location": {
            "bottom": 1046,
            "top": 1007,
            "left": 54,
            "right": 253
        },
        "id": 33,
        "isClick": false,
        "type": "text"
    },
    {
        "content": "Snapdragon",
        "location": {
            "bottom": 1047,
            "top": 1007,
            "left": 270,
            "right": 489
        },
        "id": 34,
        "isClick": false,
        "type": "text"
    },
    {
        "content": "820",
        "location": {
            "bottom": 1041,
            "top": 1008,
            "left": 504,
            "right": 569
        },
        "id": 35,
        "isClick": false,
        "type": "text"
    },
    {
        "content": "Quad",
        "location": {
            "bottom": 1095,
            "top": 1056,
            "left": 53,
            "right": 146
        },
        "id": 36,
        "isClick": false,
        "type": "text"
    },
    {
        "content": "Core Type - C",
        "location": {
            "bottom": 1094,
            "top": 1057,
            "left": 163,
            "right": 384
        },
        "id": 37,
        "isClick": false,
        "type": "text"
    },
    {
        "content": "3D",
        "location": {
            "bottom": 1091,
            "top": 1057,
            "left": 399,
            "right": 444
        },
        "id": 38,
        "isClick": false,
        "type": "text"
    },
    {
        "content": "Glass",
        "location": {
            "bottom": 1091,
            "top": 1056,
            "left": 461,
            "right": 560
        },
        "id": 39,
        "isClick": false,
        "type": "text"
    },
    {
        "content": "Cover - White",
        "location": {
            "bottom": 1143,
            "top": 1105,
            "left": 55,
            "right": 298
        },
        "id": 40,
        "isClick": false,
        "type": "text"
    },
    {
        "content": "Geekbuying",
        "location": {
            "bottom": 1054,
            "top": 1024,
            "left": 799,
            "right": 908
        },
        "id": 41,
        "isClick": false,
        "type": "text"
    },
    {
        "content": "GeekBuying",
        "location": {
            "bottom": 1247,
            "top": 1212,
            "left": 54,
            "right": 229
        },
        "id": 42,
        "isClick": false,
        "type": "text"
    },
    {
        "content": "Free",
        "location": {
            "bottom": 1288,
            "top": 1261,
            "left": 54,
            "right": 117
        },
        "id": 43,
        "isClick": false,
        "type": "text"
    },
    {
        "content": "Shipping",
        "location": {
            "bottom": 1294,
            "top": 1259,
            "left": 128,
            "right": 257
        },
        "id": 44,
        "isClick": false,
        "type": "text"
    },
    {
        "content": "In Stock",
        "location": {
            "bottom": 1334,
            "top": 1306,
            "left": 56,
            "right": 174
        },
        "id": 45,
        "isClick": false,
        "type": "text"
    },
    {
        "content": "$ 229.99",
        "location": {
            "bottom": 1427,
            "top": 1392,
            "left": 82,
            "right": 227
        },
        "id": 46,
        "isClick": false,
        "type": "text"
    },
    {
        "content": "1",
        "location": {
            "bottom": 1604,
            "top": 1572,
            "left": 56,
            "right": 67
        },
        "id": 47,
        "isClick": false,
        "type": "text"
    },
    {
        "content": "Pair",
        "location": {
            "bottom": 1604,
            "top": 1569,
            "left": 90,
            "right": 158
        },
        "id": 48,
        "isClick": false,
        "type": "text"
    },
    {
        "content": "Barefoot Sandals",
        "location": {
            "bottom": 1604,
            "top": 1569,
            "left": 174,
            "right": 487
        },
        "id": 49,
        "isClick": false,
        "type": "text"
    },
    {
        "content": "Beach",
        "location": {
            "bottom": 1604,
            "top": 1570,
            "left": 504,
            "right": 613
        },
        "id": 50,
        "isClick": false,
        "type": "text"
    },
    {
        "content": "Wedding",
        "location": {
            "bottom": 1661,
            "top": 1617,
            "left": 53,
            "right": 212
        },
        "id": 51,
        "isClick": false,
        "type": "text"
    },
    {
        "content": "Crochet",
        "location": {
            "bottom": 1657,
            "top": 1620,
            "left": 228,
            "right": 370
        },
        "id": 52,
        "isClick": false,
        "type": "text"
    },
    {
        "content": "Knit Anklet",
        "location": {
            "bottom": 1657,
            "top": 1617,
            "left": 385,
            "right": 582
        },
        "id": 53,
        "isClick": false,
        "type": "text"
    },
    {
        "content": "Foo",
        "location": {
            "bottom": 1702,
            "top": 1668,
            "left": 56,
            "right": 127
        },
        "id": 54,
        "isClick": false,
        "type": "text"
    },
    {
        "content": "Latest Gaugel . 50-80 %",
        "location": {
            "bottom": 1692,
            "top": 1663,
            "left": 267,
            "right": 607
        },
        "id": 55,
        "isClick": false,
        "type": "text"
    },
    {
        "content": "UIT",
        "location": {
            "bottom": 1689,
            "top": 1657,
            "left": 628,
            "right": 679
        },
        "id": 56,
        "isClick": false,
        "type": "text"
    },
    {
        "content": "Google Play",
        "location": {
            "bottom": 1724,
            "top": 1704,
            "left": 299,
            "right": 388
        },
        "id": 57,
        "isClick": false,
        "type": "text"
    },
    {
        "content": "14",
        "location": {
            "bottom": 1762,
            "top": 1697,
            "left": 867,
            "right": 921
        },
        "id": 58,
        "isClick": false,
        "type": "text"
    },
    {
        "content": "caonna",
        "location": {
            "bottom": 1794,
            "top": 1780,
            "left": 265,
            "right": 393
        },
        "id": 59,
        "isClick": false,
        "type": "text"
    },
    {
        "content": "Carancicos",
        "location": {
            "bottom": 1794,
            "top": 1782,
            "left": 414,
            "right": 571
        },
        "id": 60,
        "isClick": false,
        "type": "text"
    },
    {
        "content": "uuntaan",
        "location": {
            "bottom": 1793,
            "top": 1781,
            "left": 609,
            "right": 788
        },
        "id": 61,
        "isClick": false,
        "type": "text"
    }
]