[
    {
        "content": "FAK",
        "location": {
            "bottom": 22,
            "top": 13,
            "left": 467,
            "right": 499
        },
        "id": 0,
        "isClick": false,
        "type": "text"
    },
    {
        "content": "ffff",
        "location": {
            "bottom": 49,
            "top": 14,
            "left": 94,
            "right": 315
        },
        "id": 1,
        "isClick": false,
        "type": "text"
    },
    {
        "content": "5",
        "location": {
            "bottom": 47,
            "top": 16,
            "left": 942,
            "right": 963
        },
        "id": 2,
        "isClick": false,
        "type": "text"
    },
    {
        "content": "5:30",
        "location": {
            "bottom": 47,
            "top": 19,
            "left": 988,
            "right": 1055
        },
        "id": 3,
        "isClick": false,
        "type": "text"
    },
    {
        "content": "Top",
        "location": {
            "bottom": 163,
            "top": 123,
            "left": 189,
            "right": 254
        },
        "id": 4,
        "isClick": false,
        "type": "text"
    },
    {
        "content": "Products",
        "location": {
            "bottom": 160,
            "top": 121,
            "left": 270,
            "right": 435
        },
        "id": 5,
        "isClick": false,
        "type": "text"
    },
    {
        "content": "Q",
        "location": {
            "bottom": 315,
            "top": 276,
            "left": 76,
            "right": 88
        },
        "id": 6,
        "isClick": false,
        "type": "text"
    },
    {
        "content": "Search",
        "location": {
            "bottom": 311,
            "top": 280,
            "left": 190,
            "right": 301
        },
        "id": 7,
        "isClick": false,
        "type": "text"
    },
    {
        "content": "Group",
        "location": {
            "bottom": 443,
            "top": 408,
            "left": 190,
            "right": 285
        },
        "id": 8,
        "isClick": false,
        "type": "text"
    },
    {
        "content": "Deals",
        "location": {
            "bottom": 440,
            "top": 406,
            "left": 298,
            "right": 387
        },
        "id": 9,
        "isClick": false,
        "type": "text"
    },
    {
        "content": "Top",
        "location": {
            "bottom": 566,
            "top": 534,
            "left": 189,
            "right": 246
        },
        "id": 10,
        "isClick": false,
        "type": "text"
    },
    {
        "content": "Products",
        "location": {
            "bottom": 562,
            "top": 532,
            "left": 261,
            "right": 404
        },
        "id": 11,
        "isClick": false,
        "type": "text"
    },
    {
        "content": "New Arrivals",
        "location": {
            "bottom": 689,
            "top": 658,
            "left": 190,
            "right": 394
        },
        "id": 12,
        "isClick": false,
        "type": "text"
    },
    {
        "content": "Bookmarks",
        "location": {
            "bottom": 816,
            "top": 784,
            "left": 192,
            "right": 375
        },
        "id": 13,
        "isClick": true,
        "type": "text"
    },
    {
        "content": "Beek",
        "location": {
            "bottom": 1052,
            "top": 1021,
            "left": 799,
            "right": 854
        },
        "id": 14,
        "isClick": false,
        "type": "text"
    },
    {
        "content": "e Up",
        "location": {
            "bottom": 1726,
            "top": 1693,
            "left": 629,
            "right": 689
        },
        "id": 15,
        "isClick": false,
        "type": "text"
    },
    {
        "content": "to 90 %",
        "location": {
            "bottom": 1721,
            "top": 1697,
            "left": 699,
            "right": 787
        },
        "id": 16,
        "isClick": false,
        "type": "text"
    },
    {
        "content": "V",
        "location": {
            "bottom": 1881,
            "top": 1833,
            "left": 214,
            "right": 258
        },
        "id": 17,
        "isClick": false,
        "type": "text"
    }
]