[
    {
        "content": "FAK",
        "location": {
            "bottom": 23,
            "top": 13,
            "left": 468,
            "right": 498
        },
        "id": 0,
        "isClick": false,
        "type": "text"
    },
    {
        "content": "f",
        "location": {
            "bottom": 50,
            "top": 14,
            "left": 155,
            "right": 189
        },
        "id": 1,
        "isClick": false,
        "type": "text"
    },
    {
        "content": "f",
        "location": {
            "bottom": 50,
            "top": 14,
            "left": 218,
            "right": 251
        },
        "id": 2,
        "isClick": false,
        "type": "text"
    },
    {
        "content": "f",
        "location": {
            "bottom": 50,
            "top": 14,
            "left": 281,
            "right": 314
        },
        "id": 3,
        "isClick": false,
        "type": "text"
    },
    {
        "content": "Of",
        "location": {
            "bottom": 52,
            "top": 9,
            "left": 340,
            "right": 440
        },
        "id": 4,
        "isClick": false,
        "type": "text"
    },
    {
        "content": "0",
        "location": {
            "bottom": 44,
            "top": 16,
            "left": 535,
            "right": 564
        },
        "id": 5,
        "isClick": false,
        "type": "text"
    },
    {
        "content": "0",
        "location": {
            "bottom": 44,
            "top": 13,
            "left": 599,
            "right": 624
        },
        "id": 6,
        "isClick": false,
        "type": "text"
    },
    {
        "content": "5",
        "location": {
            "bottom": 47,
            "top": 16,
            "left": 942,
            "right": 965
        },
        "id": 7,
        "isClick": false,
        "type": "text"
    },
    {
        "content": "5:28",
        "location": {
            "bottom": 47,
            "top": 18,
            "left": 988,
            "right": 1055
        },
        "id": 8,
        "isClick": false,
        "type": "text"
    },
    {
        "content": "2016",
        "location": {
            "bottom": 155,
            "top": 121,
            "left": 191,
            "right": 282
        },
        "id": 9,
        "isClick": false,
        "type": "text"
    },
    {
        "content": "new",
        "location": {
            "bottom": 156,
            "top": 129,
            "left": 298,
            "right": 370
        },
        "id": 10,
        "isClick": false,
        "type": "text"
    },
    {
        "content": "arrivel",
        "location": {
            "bottom": 156,
            "top": 121,
            "left": 385,
            "right": 497
        },
        "id": 11,
        "isClick": false,
        "type": "text"
    },
    {
        "content": "M",
        "location": {
            "bottom": 155,
            "top": 121,
            "left": 514,
            "right": 543
        },
        "id": 12,
        "isClick": false,
        "type": "text"
    },
    {
        "content": "Remove ads",
        "location": {
            "bottom": 156,
            "top": 121,
            "left": 599,
            "right": 828
        },
        "id": 13,
        "isClick": false,
        "type": "text"
    },
    {
        "content": "Settings",
        "location": {
            "bottom": 289,
            "top": 248,
            "left": 599,
            "right": 747
        },
        "id": 14,
        "isClick": true,
        "type": "text"
    },
    {
        "content": "GO TO",
        "location": {
            "bottom": 304,
            "top": 274,
            "left": 407,
            "right": 509
        },
        "id": 15,
        "isClick": false,
        "type": "text"
    },
    {
        "content": "W",
        "location": {
            "bottom": 303,
            "top": 274,
            "left": 528,
            "right": 537
        },
        "id": 16,
        "isClick": false,
        "type": "text"
    },
    {
        "content": "About",
        "location": {
            "bottom": 408,
            "top": 369,
            "left": 597,
            "right": 707
        },
        "id": 17,
        "isClick": false,
        "type": "text"
    },
    {
        "content": "Rate",
        "location": {
            "bottom": 533,
            "top": 498,
            "left": 600,
            "right": 679
        },
        "id": 18,
        "isClick": false,
        "type": "text"
    },
    {
        "content": "Exit",
        "location": {
            "bottom": 660,
            "top": 625,
            "left": 600,
            "right": 664
        },
        "id": 19,
        "isClick": false,
        "type": "text"
    },
    {
        "content": "2016 new arrivel",
        "location": {
            "bottom": 1321,
            "top": 1289,
            "left": 55,
            "right": 317
        },
        "id": 20,
        "isClick": false,
        "type": "text"
    },
    {
        "content": "Men's Sexy cotton",
        "location": {
            "bottom": 1329,
            "top": 1291,
            "left": 333,
            "right": 625
        },
        "id": 21,
        "isClick": false,
        "type": "text"
    },
    {
        "content": "Boxer underwear Comfy",
        "location": {
            "bottom": 1329,
            "top": 1289,
            "left": 640,
            "right": 1027
        },
        "id": 22,
        "isClick": false,
        "type": "text"
    },
    {
        "content": "soft fabric Enhance Pouch Trunks",
        "location": {
            "bottom": 1377,
            "top": 1344,
            "left": 73,
            "right": 620
        },
        "id": 23,
        "isClick": false,
        "type": "text"
    },
    {
        "content": "Boxers",
        "location": {
            "bottom": 1376,
            "top": 1346,
            "left": 635,
            "right": 742
        },
        "id": 24,
        "isClick": false,
        "type": "text"
    },
    {
        "content": "U Convex Boxer",
        "location": {
            "bottom": 1377,
            "top": 1346,
            "left": 757,
            "right": 1009
        },
        "id": 25,
        "isClick": false,
        "type": "text"
    },
    {
        "content": "gay",
        "location": {
            "bottom": 1434,
            "top": 1402,
            "left": 513,
            "right": 567
        },
        "id": 26,
        "isClick": false,
        "type": "text"
    },
    {
        "content": "US",
        "location": {
            "bottom": 1523,
            "top": 1480,
            "left": 434,
            "right": 497
        },
        "id": 27,
        "isClick": false,
        "type": "text"
    },
    {
        "content": "$ 3.68",
        "location": {
            "bottom": 1527,
            "top": 1475,
            "left": 516,
            "right": 649
        },
        "id": 28,
        "isClick": false,
        "type": "text"
    },
    {
        "content": "US",
        "location": {
            "bottom": 1588,
            "top": 1561,
            "left": 472,
            "right": 509
        },
        "id": 29,
        "isClick": false,
        "type": "text"
    },
    {
        "content": "$ 4.33",
        "location": {
            "bottom": 1591,
            "top": 1557,
            "left": 530,
            "right": 613
        },
        "id": 30,
        "isClick": false,
        "type": "text"
    },
    {
        "content": "-15 %",
        "location": {
            "bottom": 1673,
            "top": 1648,
            "left": 302,
            "right": 366
        },
        "id": 31,
        "isClick": false,
        "type": "text"
    },
    {
        "content": "Price on the app : US $ 3.64",
        "location": {
            "bottom": 1678,
            "top": 1649,
            "left": 434,
            "right": 737
        },
        "id": 32,
        "isClick": false,
        "type": "text"
    },
    {
        "content": "\u25ba",
        "location": {
            "bottom": 1671,
            "top": 1651,
            "left": 756,
            "right": 764
        },
        "id": 33,
        "isClick": false,
        "type": "text"
    },
    {
        "content": "Bulk Price : get an additional 5 % off when you buy 30 piece or more",
        "location": {
            "bottom": 1753,
            "top": 1720,
            "left": 80,
            "right": 1002
        },
        "id": 34,
        "isClick": false,
        "type": "text"
    }
]