[
    {
        "content": "...",
        "location": {
            "bottom": 50,
            "top": 14,
            "left": 26,
            "right": 69
        },
        "id": 0,
        "isClick": false,
        "type": "text"
    },
    {
        "content": "ffff",
        "location": {
            "bottom": 54,
            "top": 9,
            "left": 156,
            "right": 441
        },
        "id": 1,
        "isClick": false,
        "type": "text"
    },
    {
        "content": "5",
        "location": {
            "bottom": 48,
            "top": 16,
            "left": 942,
            "right": 965
        },
        "id": 2,
        "isClick": false,
        "type": "text"
    },
    {
        "content": "5:28",
        "location": {
            "bottom": 48,
            "top": 18,
            "left": 988,
            "right": 1055
        },
        "id": 3,
        "isClick": false,
        "type": "text"
    },
    {
        "content": "Preview",
        "location": {
            "bottom": 152,
            "top": 119,
            "left": 45,
            "right": 187
        },
        "id": 4,
        "isClick": false,
        "type": "text"
    },
    {
        "content": "Preview product page in the application .",
        "location": {
            "bottom": 209,
            "top": 171,
            "left": 44,
            "right": 691
        },
        "id": 5,
        "isClick": false,
        "type": "text"
    },
    {
        "content": "Exclude",
        "location": {
            "bottom": 345,
            "top": 312,
            "left": 45,
            "right": 185
        },
        "id": 6,
        "isClick": false,
        "type": "text"
    },
    {
        "content": "shops",
        "location": {
            "bottom": 350,
            "top": 312,
            "left": 201,
            "right": 311
        },
        "id": 7,
        "isClick": false,
        "type": "text"
    },
    {
        "content": "aliexpress.com",
        "location": {
            "bottom": 403,
            "top": 361,
            "left": 44,
            "right": 287
        },
        "id": 8,
        "isClick": false,
        "type": "text"
    },
    {
        "content": "Currency",
        "location": {
            "bottom": 545,
            "top": 505,
            "left": 44,
            "right": 205
        },
        "id": 9,
        "isClick": false,
        "type": "text"
    },
    {
        "content": "USD ( United States dollar )",
        "location": {
            "bottom": 598,
            "top": 558,
            "left": 44,
            "right": 464
        },
        "id": 10,
        "isClick": false,
        "type": "text"
    },
    {
        "content": "Clear",
        "location": {
            "bottom": 733,
            "top": 697,
            "left": 43,
            "right": 137
        },
        "id": 11,
        "isClick": false,
        "type": "text"
    },
    {
        "content": "search",
        "location": {
            "bottom": 735,
            "top": 697,
            "left": 151,
            "right": 271
        },
        "id": 12,
        "isClick": false,
        "type": "text"
    },
    {
        "content": "history",
        "location": {
            "bottom": 739,
            "top": 697,
            "left": 287,
            "right": 409
        },
        "id": 13,
        "isClick": false,
        "type": "text"
    }
]