[
    {
        "content": "FAK",
        "location": {
            "bottom": 22,
            "top": 13,
            "left": 468,
            "right": 499
        },
        "id": 0,
        "isClick": false,
        "type": "text"
    },
    {
        "content": "ffff",
        "location": {
            "bottom": 50,
            "top": 14,
            "left": 94,
            "right": 315
        },
        "id": 1,
        "isClick": false,
        "type": "text"
    },
    {
        "content": "f",
        "location": {
            "bottom": 50,
            "top": 14,
            "left": 407,
            "right": 443
        },
        "id": 2,
        "isClick": false,
        "type": "text"
    },
    {
        "content": "5",
        "location": {
            "bottom": 46,
            "top": 16,
            "left": 944,
            "right": 966
        },
        "id": 3,
        "isClick": false,
        "type": "text"
    },
    {
        "content": "5:29",
        "location": {
            "bottom": 48,
            "top": 17,
            "left": 989,
            "right": 1056
        },
        "id": 4,
        "isClick": false,
        "type": "text"
    },
    {
        "content": "=",
        "location": {
            "bottom": 152,
            "top": 118,
            "left": 49,
            "right": 96
        },
        "id": 5,
        "isClick": true,
        "type": "text"
    },
    {
        "content": "Group",
        "location": {
            "bottom": 163,
            "top": 122,
            "left": 190,
            "right": 300
        },
        "id": 6,
        "isClick": false,
        "type": "text"
    },
    {
        "content": "Deals",
        "location": {
            "bottom": 157,
            "top": 121,
            "left": 315,
            "right": 416
        },
        "id": 7,
        "isClick": false,
        "type": "text"
    },
    {
        "content": "Ultrafire XML T6",
        "location": {
            "bottom": 307,
            "top": 273,
            "left": 56,
            "right": 351
        },
        "id": 8,
        "isClick": false,
        "type": "text"
    },
    {
        "content": "1200LM",
        "location": {
            "bottom": 307,
            "top": 274,
            "left": 368,
            "right": 511
        },
        "id": 9,
        "isClick": false,
        "type": "text"
    },
    {
        "content": "5",
        "location": {
            "bottom": 359,
            "top": 327,
            "left": 56,
            "right": 73
        },
        "id": 10,
        "isClick": false,
        "type": "text"
    },
    {
        "content": "Mode",
        "location": {
            "bottom": 359,
            "top": 323,
            "left": 90,
            "right": 191
        },
        "id": 11,
        "isClick": false,
        "type": "text"
    },
    {
        "content": "Zoomable",
        "location": {
            "bottom": 359,
            "top": 325,
            "left": 206,
            "right": 389
        },
        "id": 12,
        "isClick": false,
        "type": "text"
    },
    {
        "content": "LED",
        "location": {
            "bottom": 359,
            "top": 322,
            "left": 406,
            "right": 473
        },
        "id": 13,
        "isClick": false,
        "type": "text"
    },
    {
        "content": "Flashlight",
        "location": {
            "bottom": 413,
            "top": 370,
            "left": 56,
            "right": 233
        },
        "id": 14,
        "isClick": false,
        "type": "text"
    },
    {
        "content": "tmart.com",
        "location": {
            "bottom": 473,
            "top": 445,
            "left": 53,
            "right": 210
        },
        "id": 15,
        "isClick": false,
        "type": "text"
    },
    {
        "content": "Daily deal",
        "location": {
            "bottom": 524,
            "top": 489,
            "left": 54,
            "right": 196
        },
        "id": 16,
        "isClick": false,
        "type": "text"
    },
    {
        "content": "Time left : 2 days 18:30",
        "location": {
            "bottom": 569,
            "top": 535,
            "left": 53,
            "right": 395
        },
        "id": 17,
        "isClick": false,
        "type": "text"
    },
    {
        "content": "$ 4.99",
        "location": {
            "bottom": 662,
            "top": 621,
            "left": 81,
            "right": 180
        },
        "id": 18,
        "isClick": false,
        "type": "text"
    },
    {
        "content": "Discount :",
        "location": {
            "bottom": 759,
            "top": 724,
            "left": 82,
            "right": 251
        },
        "id": 19,
        "isClick": false,
        "type": "text"
    },
    {
        "content": "58 %",
        "location": {
            "bottom": 759,
            "top": 725,
            "left": 268,
            "right": 341
        },
        "id": 20,
        "isClick": false,
        "type": "text"
    },
    {
        "content": "$",
        "location": {
            "bottom": 755,
            "top": 723,
            "left": 395,
            "right": 409
        },
        "id": 21,
        "isClick": false,
        "type": "text"
    },
    {
        "content": "11.99",
        "location": {
            "bottom": 756,
            "top": 727,
            "left": 424,
            "right": 509
        },
        "id": 22,
        "isClick": false,
        "type": "text"
    },
    {
        "content": "Bought",
        "location": {
            "bottom": 762,
            "top": 722,
            "left": 773,
            "right": 898
        },
        "id": 23,
        "isClick": false,
        "type": "text"
    },
    {
        "content": "304",
        "location": {
            "bottom": 755,
            "top": 728,
            "left": 931,
            "right": 983
        },
        "id": 24,
        "isClick": false,
        "type": "text"
    },
    {
        "content": "S02",
        "location": {
            "bottom": 933,
            "top": 900,
            "left": 54,
            "right": 121
        },
        "id": 25,
        "isClick": false,
        "type": "text"
    },
    {
        "content": "Portable",
        "location": {
            "bottom": 933,
            "top": 899,
            "left": 138,
            "right": 289
        },
        "id": 26,
        "isClick": false,
        "type": "text"
    },
    {
        "content": "1X - 500X",
        "location": {
            "bottom": 933,
            "top": 897,
            "left": 306,
            "right": 455
        },
        "id": 27,
        "isClick": false,
        "type": "text"
    },
    {
        "content": "Continuous",
        "location": {
            "bottom": 981,
            "top": 947,
            "left": 54,
            "right": 263
        },
        "id": 28,
        "isClick": false,
        "type": "text"
    },
    {
        "content": "Zoom",
        "location": {
            "bottom": 981,
            "top": 951,
            "left": 278,
            "right": 383
        },
        "id": 29,
        "isClick": false,
        "type": "text"
    },
    {
        "content": "2.0MP",
        "location": {
            "bottom": 981,
            "top": 948,
            "left": 398,
            "right": 515
        },
        "id": 30,
        "isClick": false,
        "type": "text"
    },
    {
        "content": "Digital",
        "location": {
            "bottom": 1041,
            "top": 999,
            "left": 55,
            "right": 166
        },
        "id": 31,
        "isClick": false,
        "type": "text"
    },
    {
        "content": "USB",
        "location": {
            "bottom": 1033,
            "top": 1000,
            "left": 183,
            "right": 255
        },
        "id": 32,
        "isClick": false,
        "type": "text"
    },
    {
        "content": "Microscope",
        "location": {
            "bottom": 1041,
            "top": 1000,
            "left": 272,
            "right": 486
        },
        "id": 33,
        "isClick": false,
        "type": "text"
    },
    {
        "content": "Black",
        "location": {
            "bottom": 1033,
            "top": 999,
            "left": 502,
            "right": 600
        },
        "id": 34,
        "isClick": false,
        "type": "text"
    },
    {
        "content": "tmart.com",
        "location": {
            "bottom": 1097,
            "top": 1069,
            "left": 53,
            "right": 210
        },
        "id": 35,
        "isClick": false,
        "type": "text"
    },
    {
        "content": "Daily deal",
        "location": {
            "bottom": 1147,
            "top": 1113,
            "left": 54,
            "right": 196
        },
        "id": 36,
        "isClick": false,
        "type": "text"
    },
    {
        "content": "Time left : 2 days 18:30",
        "location": {
            "bottom": 1195,
            "top": 1159,
            "left": 53,
            "right": 395
        },
        "id": 37,
        "isClick": false,
        "type": "text"
    },
    {
        "content": "$ 15.59",
        "location": {
            "bottom": 1282,
            "top": 1245,
            "left": 80,
            "right": 203
        },
        "id": 38,
        "isClick": false,
        "type": "text"
    },
    {
        "content": "Discount :",
        "location": {
            "bottom": 1381,
            "top": 1348,
            "left": 82,
            "right": 251
        },
        "id": 39,
        "isClick": false,
        "type": "text"
    },
    {
        "content": "65 %",
        "location": {
            "bottom": 1381,
            "top": 1349,
            "left": 268,
            "right": 339
        },
        "id": 40,
        "isClick": false,
        "type": "text"
    },
    {
        "content": "$ 45",
        "location": {
            "bottom": 1382,
            "top": 1347,
            "left": 395,
            "right": 458
        },
        "id": 41,
        "isClick": false,
        "type": "text"
    },
    {
        "content": "Bought",
        "location": {
            "bottom": 1384,
            "top": 1350,
            "left": 775,
            "right": 879
        },
        "id": 42,
        "isClick": false,
        "type": "text"
    },
    {
        "content": "122",
        "location": {
            "bottom": 1379,
            "top": 1352,
            "left": 932,
            "right": 986
        },
        "id": 43,
        "isClick": false,
        "type": "text"
    },
    {
        "content": "2pcs",
        "location": {
            "bottom": 1565,
            "top": 1524,
            "left": 54,
            "right": 139
        },
        "id": 44,
        "isClick": false,
        "type": "text"
    },
    {
        "content": "Furniture",
        "location": {
            "bottom": 1561,
            "top": 1521,
            "left": 156,
            "right": 317
        },
        "id": 45,
        "isClick": false,
        "type": "text"
    },
    {
        "content": "Moving",
        "location": {
            "bottom": 1565,
            "top": 1524,
            "left": 334,
            "right": 465
        },
        "id": 46,
        "isClick": false,
        "type": "text"
    },
    {
        "content": "Belt",
        "location": {
            "bottom": 1559,
            "top": 1524,
            "left": 482,
            "right": 549
        },
        "id": 47,
        "isClick": false,
        "type": "text"
    },
    {
        "content": "Team",
        "location": {
            "bottom": 1609,
            "top": 1575,
            "left": 53,
            "right": 153
        },
        "id": 48,
        "isClick": false,
        "type": "text"
    },
    {
        "content": "Straps Adjustable",
        "location": {
            "bottom": 1615,
            "top": 1570,
            "left": 169,
            "right": 493
        },
        "id": 49,
        "isClick": false,
        "type": "text"
    },
    {
        "content": "Mover",
        "location": {
            "bottom": 1609,
            "top": 1572,
            "left": 510,
            "right": 623
        },
        "id": 50,
        "isClick": false,
        "type": "text"
    },
    {
        "content": "Easier",
        "location": {
            "bottom": 1668,
            "top": 1624,
            "left": 57,
            "right": 168
        },
        "id": 51,
        "isClick": false,
        "type": "text"
    },
    {
        "content": "Lifting",
        "location": {
            "bottom": 1668,
            "top": 1621,
            "left": 184,
            "right": 297
        },
        "id": 52,
        "isClick": false,
        "type": "text"
    },
    {
        "content": "Conveying",
        "location": {
            "bottom": 1667,
            "top": 1624,
            "left": 312,
            "right": 502
        },
        "id": 53,
        "isClick": false,
        "type": "text"
    },
    {
        "content": "Belt",
        "location": {
            "bottom": 1667,
            "top": 1623,
            "left": 517,
            "right": 588
        },
        "id": 54,
        "isClick": false,
        "type": "text"
    },
    {
        "content": "Ora",
        "location": {
            "bottom": 1706,
            "top": 1673,
            "left": 55,
            "right": 112
        },
        "id": 55,
        "isClick": false,
        "type": "text"
    },
    {
        "content": "OfferUp",
        "location": {
            "bottom": 1753,
            "top": 1702,
            "left": 136,
            "right": 224
        },
        "id": 56,
        "isClick": false,
        "type": "text"
    },
    {
        "content": "OfferUp",
        "location": {
            "bottom": 1736,
            "top": 1689,
            "left": 265,
            "right": 394
        },
        "id": 57,
        "isClick": false,
        "type": "text"
    },
    {
        "content": "-",
        "location": {
            "bottom": 1714,
            "top": 1709,
            "left": 403,
            "right": 413
        },
        "id": 58,
        "isClick": false,
        "type": "text"
    },
    {
        "content": "Buy .",
        "location": {
            "bottom": 1730,
            "top": 1695,
            "left": 423,
            "right": 492
        },
        "id": 59,
        "isClick": false,
        "type": "text"
    },
    {
        "content": "Sell .",
        "location": {
            "bottom": 1726,
            "top": 1690,
            "left": 503,
            "right": 565
        },
        "id": 60,
        "isClick": false,
        "type": "text"
    },
    {
        "content": "Offer",
        "location": {
            "bottom": 1728,
            "top": 1690,
            "left": 573,
            "right": 654
        },
        "id": 61,
        "isClick": false,
        "type": "text"
    },
    {
        "content": "Up",
        "location": {
            "bottom": 1731,
            "top": 1695,
            "left": 664,
            "right": 706
        },
        "id": 62,
        "isClick": false,
        "type": "text"
    },
    {
        "content": "tmar",
        "location": {
            "bottom": 1769,
            "top": 1741,
            "left": 52,
            "right": 125
        },
        "id": 63,
        "isClick": false,
        "type": "text"
    },
    {
        "content": "FREE",
        "location": {
            "bottom": 1762,
            "top": 1738,
            "left": 267,
            "right": 327
        },
        "id": 64,
        "isClick": false,
        "type": "text"
    },
    {
        "content": "**",
        "location": {
            "bottom": 1761,
            "top": 1730,
            "left": 440,
            "right": 492
        },
        "id": 65,
        "isClick": false,
        "type": "text"
    },
    {
        "content": "(",
        "location": {
            "bottom": 1766,
            "top": 1737,
            "left": 517,
            "right": 523
        },
        "id": 66,
        "isClick": false,
        "type": "text"
    },
    {
        "content": "368,020",
        "location": {
            "bottom": 1766,
            "top": 1737,
            "left": 526,
            "right": 627
        },
        "id": 67,
        "isClick": false,
        "type": "text"
    },
    {
        "content": ")",
        "location": {
            "bottom": 1767,
            "top": 1737,
            "left": 630,
            "right": 636
        },
        "id": 68,
        "isClick": false,
        "type": "text"
    },
    {
        "content": "I",
        "location": {
            "bottom": 1760,
            "top": 1696,
            "left": 867,
            "right": 921
        },
        "id": 69,
        "isClick": false,
        "type": "text"
    }
]