[
    {
        "isClick": false,
        "id": 0,
        "content": "NI",
        "type": "text",
        "location": {
            "right": 1083,
            "top": 628,
            "left": 1066,
            "bottom": 643
        }
    },
    {
        "isClick": false,
        "id": 1,
        "content": "IT",
        "type": "text",
        "location": {
            "right": 1071,
            "top": 690,
            "left": 1057,
            "bottom": 705
        }
    },
    {
        "isClick": false,
        "id": 2,
        "content": "EL",
        "type": "text",
        "location": {
            "right": 1056,
            "top": 785,
            "left": 1039,
            "bottom": 799
        }
    },
    {
        "isClick": false,
        "id": 3,
        "content": "SV",
        "type": "text",
        "location": {
            "right": 1042,
            "top": 876,
            "left": 1023,
            "bottom": 891
        }
    },
    {
        "isClick": true,
        "id": 4,
        "content": "O",
        "type": "text",
        "location": {
            "right": 531,
            "top": 1611,
            "left": 526,
            "bottom": 1662
        }
    }
]