[
    {
        "isClick": false,
        "id": 0,
        "content": "FAK",
        "type": "text",
        "location": {
            "right": 506,
            "top": 12,
            "left": 469,
            "bottom": 25
        }
    },
    {
        "isClick": false,
        "id": 1,
        "content": "f",
        "type": "text",
        "location": {
            "right": 63,
            "top": 15,
            "left": 31,
            "bottom": 48
        }
    },
    {
        "isClick": false,
        "id": 2,
        "content": "f",
        "type": "text",
        "location": {
            "right": 126,
            "top": 14,
            "left": 94,
            "bottom": 53
        }
    },
    {
        "isClick": false,
        "id": 3,
        "content": "f",
        "type": "text",
        "location": {
            "right": 188,
            "top": 12,
            "left": 156,
            "bottom": 51
        }
    },
    {
        "isClick": false,
        "id": 4,
        "content": "f",
        "type": "text",
        "location": {
            "right": 251,
            "top": 14,
            "left": 219,
            "bottom": 50
        }
    },
    {
        "isClick": false,
        "id": 5,
        "content": "f",
        "type": "text",
        "location": {
            "right": 377,
            "top": 14,
            "left": 345,
            "bottom": 51
        }
    },
    {
        "isClick": false,
        "id": 6,
        "content": "O",
        "type": "text",
        "location": {
            "right": 431,
            "top": 15,
            "left": 419,
            "bottom": 49
        }
    },
    {
        "isClick": false,
        "id": 7,
        "content": "5:22",
        "type": "text",
        "location": {
            "right": 1057,
            "top": 19,
            "left": 989,
            "bottom": 45
        }
    },
    {
        "isClick": false,
        "id": 8,
        "content": "Select",
        "type": "text",
        "location": {
            "right": 254,
            "top": 105,
            "left": 129,
            "bottom": 151
        }
    },
    {
        "isClick": false,
        "id": 9,
        "content": "photo",
        "type": "text",
        "location": {
            "right": 387,
            "top": 107,
            "left": 271,
            "bottom": 155
        }
    },
    {
        "isClick": false,
        "id": 10,
        "content": "CANCEL",
        "type": "text",
        "location": {
            "right": 1057,
            "top": 115,
            "left": 941,
            "bottom": 137
        }
    },
    {
        "isClick": false,
        "id": 11,
        "content": "are",
        "type": "text",
        "location": {
            "right": 118,
            "top": 232,
            "left": 62,
            "bottom": 258
        }
    },
    {
        "isClick": false,
        "id": 12,
        "content": "to",
        "type": "text",
        "location": {
            "right": 164,
            "top": 232,
            "left": 133,
            "bottom": 257
        }
    },
    {
        "isClick": false,
        "id": 13,
        "content": "make",
        "type": "text",
        "location": {
            "right": 273,
            "top": 227,
            "left": 177,
            "bottom": 256
        }
    },
    {
        "isClick": true,
        "id": 14,
        "content": "come true ,",
        "type": "text",
        "location": {
            "right": 244,
            "top": 276,
            "left": 63,
            "bottom": 303
        }
    },
    {
        "isClick": false,
        "id": 15,
        "content": "don't",
        "type": "text",
        "location": {
            "right": 153,
            "top": 312,
            "left": 62,
            "bottom": 344
        }
    },
    {
        "isClick": true,
        "id": 16,
        "content": "sleep",
        "type": "text",
        "location": {
            "right": 255,
            "top": 313,
            "left": 165,
            "bottom": 347
        }
    },
    {
        "isClick": true,
        "id": 17,
        "content": "to rest ,",
        "type": "text",
        "location": {
            "right": 184,
            "top": 361,
            "left": 63,
            "bottom": 389
        }
    },
    {
        "isClick": false,
        "id": 18,
        "content": "dream",
        "type": "text",
        "location": {
            "right": 173,
            "top": 402,
            "left": 63,
            "bottom": 427
        }
    },
    {
        "isClick": false,
        "id": 19,
        "content": "just",
        "type": "text",
        "location": {
            "right": 126,
            "top": 445,
            "left": 60,
            "bottom": 479
        }
    },
    {
        "isClick": false,
        "id": 20,
        "content": "for",
        "type": "text",
        "location": {
            "right": 188,
            "top": 446,
            "left": 137,
            "bottom": 476
        }
    },
    {
        "isClick": false,
        "id": 21,
        "content": "dreams \"",
        "type": "text",
        "location": {
            "right": 216,
            "top": 489,
            "left": 63,
            "bottom": 514
        }
    },
    {
        "isClick": false,
        "id": 22,
        "content": "Download",
        "type": "text",
        "location": {
            "right": 208,
            "top": 666,
            "left": 74,
            "bottom": 691
        }
    },
    {
        "isClick": false,
        "id": 23,
        "content": "2",
        "type": "text",
        "location": {
            "right": 469,
            "top": 671,
            "left": 458,
            "bottom": 688
        }
    },
    {
        "isClick": false,
        "id": 24,
        "content": "Face Warp Photo Effect B ...",
        "type": "text",
        "location": {
            "right": 975,
            "top": 668,
            "left": 602,
            "bottom": 697
        }
    },
    {
        "isClick": false,
        "id": 25,
        "content": "2",
        "type": "text",
        "location": {
            "right": 998,
            "top": 671,
            "left": 988,
            "bottom": 687
        }
    },
    {
        "isClick": false,
        "id": 26,
        "content": "E",
        "type": "text",
        "location": {
            "right": 740,
            "top": 755,
            "left": 713,
            "bottom": 775
        }
    },
    {
        "isClick": false,
        "id": 27,
        "content": "Stockage",
        "type": "text",
        "location": {
            "right": 831,
            "top": 757,
            "left": 747,
            "bottom": 786
        }
    },
    {
        "isClick": false,
        "id": 28,
        "content": "suppl\u00e9mentaire",
        "type": "text",
        "location": {
            "right": 985,
            "top": 767,
            "left": 836,
            "bottom": 793
        }
    },
    {
        "isClick": false,
        "id": 29,
        "content": "pour",
        "type": "text",
        "location": {
            "right": 1039,
            "top": 771,
            "left": 989,
            "bottom": 803
        }
    },
    {
        "isClick": false,
        "id": 30,
        "content": "votre",
        "type": "text",
        "location": {
            "right": 788,
            "top": 785,
            "left": 745,
            "bottom": 803
        }
    },
    {
        "isClick": false,
        "id": 31,
        "content": "PC",
        "type": "text",
        "location": {
            "right": 821,
            "top": 787,
            "left": 794,
            "bottom": 804
        }
    },
    {
        "isClick": false,
        "id": 32,
        "content": "DE",
        "type": "text",
        "location": {
            "right": 736,
            "top": 823,
            "left": 710,
            "bottom": 842
        }
    },
    {
        "isClick": false,
        "id": 33,
        "content": "Zusatzspeicher",
        "type": "text",
        "location": {
            "right": 876,
            "top": 825,
            "left": 742,
            "bottom": 857
        }
    },
    {
        "isClick": false,
        "id": 34,
        "content": "f\u00fcr",
        "type": "text",
        "location": {
            "right": 906,
            "top": 838,
            "left": 881,
            "bottom": 859
        }
    },
    {
        "isClick": false,
        "id": 35,
        "content": "Ihren",
        "type": "text",
        "location": {
            "right": 958,
            "top": 841,
            "left": 911,
            "bottom": 864
        }
    },
    {
        "isClick": false,
        "id": 36,
        "content": "PC",
        "type": "text",
        "location": {
            "right": 997,
            "top": 846,
            "left": 964,
            "bottom": 868
        }
    },
    {
        "isClick": false,
        "id": 37,
        "content": "E",
        "type": "text",
        "location": {
            "right": 734,
            "top": 864,
            "left": 708,
            "bottom": 883
        }
    },
    {
        "isClick": false,
        "id": 38,
        "content": "Almacenamiento",
        "type": "text",
        "location": {
            "right": 885,
            "top": 867,
            "left": 739,
            "bottom": 902
        }
    },
    {
        "isClick": false,
        "id": 39,
        "content": "adicional",
        "type": "text",
        "location": {
            "right": 976,
            "top": 886,
            "left": 889,
            "bottom": 910
        }
    },
    {
        "isClick": false,
        "id": 40,
        "content": "para",
        "type": "text",
        "location": {
            "right": 1025,
            "top": 896,
            "left": 979,
            "bottom": 915
        }
    },
    {
        "isClick": false,
        "id": 41,
        "content": "su PC",
        "type": "text",
        "location": {
            "right": 789,
            "top": 894,
            "left": 739,
            "bottom": 910
        }
    },
    {
        "isClick": false,
        "id": 42,
        "content": "NL",
        "type": "text",
        "location": {
            "right": 730,
            "top": 926,
            "left": 705,
            "bottom": 945
        }
    },
    {
        "isClick": false,
        "id": 43,
        "content": "Extra",
        "type": "text",
        "location": {
            "right": 778,
            "top": 929,
            "left": 736,
            "bottom": 952
        }
    },
    {
        "isClick": false,
        "id": 44,
        "content": "opslag",
        "type": "text",
        "location": {
            "right": 839,
            "top": 940,
            "left": 783,
            "bottom": 964
        }
    },
    {
        "isClick": false,
        "id": 45,
        "content": "voor",
        "type": "text",
        "location": {
            "right": 884,
            "top": 949,
            "left": 844,
            "bottom": 968
        }
    },
    {
        "isClick": false,
        "id": 46,
        "content": "uw",
        "type": "text",
        "location": {
            "right": 916,
            "top": 953,
            "left": 888,
            "bottom": 971
        }
    },
    {
        "isClick": false,
        "id": 47,
        "content": "pc",
        "type": "text",
        "location": {
            "right": 946,
            "top": 959,
            "left": 921,
            "bottom": 976
        }
    },
    {
        "isClick": false,
        "id": 48,
        "content": "Dispositivo",
        "type": "text",
        "location": {
            "right": 821,
            "top": 968,
            "left": 733,
            "bottom": 1000
        }
    },
    {
        "isClick": false,
        "id": 49,
        "content": "di",
        "type": "text",
        "location": {
            "right": 842,
            "top": 983,
            "left": 826,
            "bottom": 999
        }
    },
    {
        "isClick": false,
        "id": 50,
        "content": "memoria",
        "type": "text",
        "location": {
            "right": 925,
            "top": 988,
            "left": 846,
            "bottom": 1012
        }
    },
    {
        "isClick": false,
        "id": 51,
        "content": "aggiuntiva",
        "type": "text",
        "location": {
            "right": 1027,
            "top": 1001,
            "left": 929,
            "bottom": 1027
        }
    },
    {
        "isClick": false,
        "id": 52,
        "content": "per",
        "type": "text",
        "location": {
            "right": 759,
            "top": 994,
            "left": 733,
            "bottom": 1009
        }
    },
    {
        "isClick": false,
        "id": 53,
        "content": "PC",
        "type": "text",
        "location": {
            "right": 788,
            "top": 994,
            "left": 763,
            "bottom": 1012
        }
    },
    {
        "isClick": false,
        "id": 54,
        "content": "\u039f",
        "type": "text",
        "location": {
            "right": 724,
            "top": 1022,
            "left": 699,
            "bottom": 1041
        }
    },
    {
        "isClick": false,
        "id": 55,
        "content": "\u03a0\u03c1\u03cc\u03c3\u03b8\u03b5\u03c4\u03bf\u03c2",
        "type": "text",
        "location": {
            "right": 818,
            "top": 1027,
            "left": 728,
            "bottom": 1060
        }
    },
    {
        "isClick": false,
        "id": 56,
        "content": "\u03c7\u03ce\u03c1\u03bf\u03c2",
        "type": "text",
        "location": {
            "right": 874,
            "top": 1045,
            "left": 818,
            "bottom": 1069
        }
    },
    {
        "isClick": false,
        "id": 57,
        "content": "\u03b1\u03c0\u03bf\u03b8\u03ae\u03ba\u03b5\u03c5\u03c3\u03b7\u03c2",
        "type": "text",
        "location": {
            "right": 999,
            "top": 1056,
            "left": 876,
            "bottom": 1091
        }
    },
    {
        "isClick": false,
        "id": 58,
        "content": "\u03b3\u03b9\u03b1",
        "type": "text",
        "location": {
            "right": 751,
            "top": 1046,
            "left": 728,
            "bottom": 1067
        }
    },
    {
        "isClick": false,
        "id": 59,
        "content": "\u03c4\u03bf\u03bd",
        "type": "text",
        "location": {
            "right": 781,
            "top": 1056,
            "left": 754,
            "bottom": 1072
        }
    },
    {
        "isClick": false,
        "id": 60,
        "content": "\u03c5\u03c0\u03bf\u03bb\u03bf\u03b3\u03b9\u03c3\u03c4\u03ae",
        "type": "text",
        "location": {
            "right": 878,
            "top": 1056,
            "left": 783,
            "bottom": 1091
        }
    },
    {
        "isClick": false,
        "id": 61,
        "content": "\u03c3\u03b1\u03c2",
        "type": "text",
        "location": {
            "right": 912,
            "top": 1080,
            "left": 881,
            "bottom": 1097
        }
    },
    {
        "isClick": false,
        "id": 62,
        "content": "Extra",
        "type": "text",
        "location": {
            "right": 765,
            "top": 1083,
            "left": 725,
            "bottom": 1105
        }
    },
    {
        "isClick": false,
        "id": 63,
        "content": "lagringsutrymme",
        "type": "text",
        "location": {
            "right": 912,
            "top": 1087,
            "left": 769,
            "bottom": 1133
        }
    },
    {
        "isClick": false,
        "id": 64,
        "content": "till",
        "type": "text",
        "location": {
            "right": 935,
            "top": 1120,
            "left": 913,
            "bottom": 1137
        }
    },
    {
        "isClick": false,
        "id": 65,
        "content": "din",
        "type": "text",
        "location": {
            "right": 962,
            "top": 1121,
            "left": 934,
            "bottom": 1143
        }
    },
    {
        "isClick": false,
        "id": 66,
        "content": "dator",
        "type": "text",
        "location": {
            "right": 1018,
            "top": 1130,
            "left": 967,
            "bottom": 1152
        }
    },
    {
        "isClick": false,
        "id": 67,
        "content": "baconreader",
        "type": "text",
        "location": {
            "right": 246,
            "top": 1197,
            "left": 73,
            "bottom": 1220
        }
    },
    {
        "isClick": false,
        "id": 68,
        "content": "pic",
        "type": "text",
        "location": {
            "right": 640,
            "top": 1198,
            "left": 602,
            "bottom": 1226
        }
    },
    {
        "isClick": false,
        "id": 69,
        "content": "1",
        "type": "text",
        "location": {
            "right": 994,
            "top": 1201,
            "left": 988,
            "bottom": 1216
        }
    },
    {
        "isClick": false,
        "id": 70,
        "content": "welcome ! benvenuto ( a ) !",
        "type": "text",
        "location": {
            "right": 920,
            "top": 1265,
            "left": 570,
            "bottom": 1290
        }
    },
    {
        "isClick": false,
        "id": 71,
        "content": "whye Hurry up We taset",
        "type": "text",
        "location": {
            "right": 272,
            "top": 1266,
            "left": 103,
            "bottom": 1282
        }
    },
    {
        "isClick": false,
        "id": 72,
        "content": "I",
        "type": "text",
        "location": {
            "right": 127,
            "top": 1285,
            "left": 124,
            "bottom": 1294
        }
    },
    {
        "isClick": false,
        "id": 73,
        "content": "mente e",
        "type": "text",
        "location": {
            "right": 238,
            "top": 1279,
            "left": 182,
            "bottom": 1295
        }
    },
    {
        "isClick": false,
        "id": 74,
        "content": "Oet , pranet",
        "type": "text",
        "location": {
            "right": 333,
            "top": 1279,
            "left": 269,
            "bottom": 1295
        }
    },
    {
        "isClick": false,
        "id": 75,
        "content": "Yes ,",
        "type": "text",
        "location": {
            "right": 203,
            "top": 1298,
            "left": 182,
            "bottom": 1309
        }
    },
    {
        "isClick": false,
        "id": 76,
        "content": "Rowy",
        "type": "text",
        "location": {
            "right": 208,
            "top": 1309,
            "left": 183,
            "bottom": 1322
        }
    },
    {
        "isClick": false,
        "id": 77,
        "content": "\u0627\u06cc\u0627",
        "type": "text",
        "location": {
            "right": 442,
            "top": 1293,
            "left": 429,
            "bottom": 1307
        }
    },
    {
        "isClick": false,
        "id": 78,
        "content": "\u2022 welcome to Britain ! benvenuti",
        "type": "text",
        "location": {
            "right": 1013,
            "top": 1308,
            "left": 548,
            "bottom": 1329
        }
    },
    {
        "isClick": false,
        "id": 79,
        "content": "Pin",
        "type": "text",
        "location": {
            "right": 463,
            "top": 1362,
            "left": 414,
            "bottom": 1377
        }
    },
    {
        "isClick": false,
        "id": 80,
        "content": "\u0644\u0628\u0646\u0627\u0646\u06d2",
        "type": "text",
        "location": {
            "right": 463,
            "top": 1377,
            "left": 395,
            "bottom": 1396
        }
    },
    {
        "isClick": false,
        "id": 81,
        "content": "\u0645\u06cc\u06af\u0645",
        "type": "text",
        "location": {
            "right": 459,
            "top": 1393,
            "left": 408,
            "bottom": 1410
        }
    },
    {
        "isClick": false,
        "id": 82,
        "content": "Thanks !",
        "type": "text",
        "location": {
            "right": 218,
            "top": 1335,
            "left": 184,
            "bottom": 1350
        }
    },
    {
        "isClick": false,
        "id": 83,
        "content": "Thank you",
        "type": "text",
        "location": {
            "right": 226,
            "top": 1352,
            "left": 185,
            "bottom": 1367
        }
    },
    {
        "isClick": false,
        "id": 84,
        "content": "Thank God",
        "type": "text",
        "location": {
            "right": 231,
            "top": 1365,
            "left": 184,
            "bottom": 1380
        }
    },
    {
        "isClick": false,
        "id": 85,
        "content": "Ich w",
        "type": "text",
        "location": {
            "right": 126,
            "top": 1384,
            "left": 92,
            "bottom": 1395
        }
    },
    {
        "isClick": false,
        "id": 86,
        "content": "Many happy return of the day !",
        "type": "text",
        "location": {
            "right": 327,
            "top": 1379,
            "left": 182,
            "bottom": 1396
        }
    },
    {
        "isClick": false,
        "id": 87,
        "content": "WT Hurant have wort",
        "type": "text",
        "location": {
            "right": 271,
            "top": 1394,
            "left": 115,
            "bottom": 1410
        }
    },
    {
        "isClick": false,
        "id": 88,
        "content": "weteror your good",
        "type": "text",
        "location": {
            "right": 245,
            "top": 1408,
            "left": 135,
            "bottom": 1424
        }
    },
    {
        "isClick": false,
        "id": 89,
        "content": "A Donghal",
        "type": "text",
        "location": {
            "right": 255,
            "top": 1423,
            "left": 168,
            "bottom": 1438
        }
    },
    {
        "isClick": false,
        "id": 90,
        "content": "nonsense",
        "type": "text",
        "location": {
            "right": 253,
            "top": 1440,
            "left": 211,
            "bottom": 1452
        }
    },
    {
        "isClick": false,
        "id": 91,
        "content": "What a shame",
        "type": "text",
        "location": {
            "right": 247,
            "top": 1452,
            "left": 182,
            "bottom": 1466
        }
    },
    {
        "isClick": false,
        "id": 92,
        "content": "How tagit",
        "type": "text",
        "location": {
            "right": 234,
            "top": 1471,
            "left": 184,
            "bottom": 1482
        }
    },
    {
        "isClick": false,
        "id": 93,
        "content": "ut",
        "type": "text",
        "location": {
            "right": 153,
            "top": 1482,
            "left": 125,
            "bottom": 1497
        }
    },
    {
        "isClick": false,
        "id": 94,
        "content": "What a pleasant surprise",
        "type": "text",
        "location": {
            "right": 300,
            "top": 1482,
            "left": 183,
            "bottom": 1497
        }
    },
    {
        "isClick": false,
        "id": 95,
        "content": "Vis Wonderful",
        "type": "text",
        "location": {
            "right": 230,
            "top": 1496,
            "left": 154,
            "bottom": 1510
        }
    },
    {
        "isClick": false,
        "id": 96,
        "content": "How dagusting !",
        "type": "text",
        "location": {
            "right": 255,
            "top": 1508,
            "left": 183,
            "bottom": 1525
        }
    },
    {
        "isClick": false,
        "id": 97,
        "content": "the town",
        "type": "text",
        "location": {
            "right": 217,
            "top": 1526,
            "left": 160,
            "bottom": 1538
        }
    },
    {
        "isClick": false,
        "id": 98,
        "content": "\u062e\u0627\u0635\u0647",
        "type": "text",
        "location": {
            "right": 463,
            "top": 1448,
            "left": 404,
            "bottom": 1470
        }
    },
    {
        "isClick": false,
        "id": 99,
        "content": "\u062a\u0647 \u0627\u0646\u0647\u0627",
        "type": "text",
        "location": {
            "right": 443,
            "top": 1464,
            "left": 394,
            "bottom": 1482
        }
    },
    {
        "isClick": false,
        "id": 100,
        "content": "\u062f\u06a9\u0644\u0645\u0647 22",
        "type": "text",
        "location": {
            "right": 459,
            "top": 1478,
            "left": 401,
            "bottom": 1496
        }
    },
    {
        "isClick": false,
        "id": 101,
        "content": "in Gran Bretagna !",
        "type": "text",
        "location": {
            "right": 793,
            "top": 1351,
            "left": 547,
            "bottom": 1382
        }
    },
    {
        "isClick": false,
        "id": 102,
        "content": "\u2022 to be welcome",
        "type": "text",
        "location": {
            "right": 781,
            "top": 1395,
            "left": 548,
            "bottom": 1419
        }
    },
    {
        "isClick": false,
        "id": 103,
        "content": "( person ) essere il ( la ) benvenuto ( a )",
        "type": "text",
        "location": {
            "right": 1023,
            "top": 1439,
            "left": 548,
            "bottom": 1468
        }
    },
    {
        "isClick": false,
        "id": 104,
        "content": "\u2022 welcome back ! bentornato ( a",
        "type": "text",
        "location": {
            "right": 977,
            "top": 1482,
            "left": 548,
            "bottom": 1507
        }
    },
    {
        "isClick": false,
        "id": 105,
        "content": ") !",
        "type": "text",
        "location": {
            "right": 1003,
            "top": 1484,
            "left": 986,
            "bottom": 1507
        }
    },
    {
        "isClick": false,
        "id": 106,
        "content": "\u2022 you will always be welcome",
        "type": "text",
        "location": {
            "right": 978,
            "top": 1526,
            "left": 548,
            "bottom": 1558
        }
    },
    {
        "isClick": false,
        "id": 107,
        "content": "here qui sarai sempre il",
        "type": "text",
        "location": {
            "right": 882,
            "top": 1571,
            "left": 547,
            "bottom": 1600
        }
    },
    {
        "isClick": false,
        "id": 108,
        "content": "benvenuto",
        "type": "text",
        "location": {
            "right": 693,
            "top": 1614,
            "left": 547,
            "bottom": 1640
        }
    },
    {
        "isClick": false,
        "id": 109,
        "content": "\u2022 to make sb welcome accogliere",
        "type": "text",
        "location": {
            "right": 1019,
            "top": 1657,
            "left": 548,
            "bottom": 1688
        }
    },
    {
        "isClick": false,
        "id": 110,
        "content": "was pany \u0627\u0645\u0627\u0645",
        "type": "text",
        "location": {
            "right": 232,
            "top": 1539,
            "left": 140,
            "bottom": 1554
        }
    },
    {
        "isClick": false,
        "id": 111,
        "content": "\u06a9\u0648\u062f\u0647\u0627",
        "type": "text",
        "location": {
            "right": 442,
            "top": 1539,
            "left": 407,
            "bottom": 1553
        }
    },
    {
        "isClick": false,
        "id": 112,
        "content": "\u0627\u0644\u0628\u062f\u0644\u0647\u0627",
        "type": "text",
        "location": {
            "right": 457,
            "top": 1549,
            "left": 410,
            "bottom": 1568
        }
    },
    {
        "isClick": false,
        "id": 113,
        "content": "What an ideal",
        "type": "text",
        "location": {
            "right": 245,
            "top": 1557,
            "left": 183,
            "bottom": 1566
        }
    },
    {
        "isClick": false,
        "id": 114,
        "content": "Welcome",
        "type": "text",
        "location": {
            "right": 225,
            "top": 1566,
            "left": 183,
            "bottom": 1582
        }
    },
    {
        "isClick": false,
        "id": 115,
        "content": "& Cheer",
        "type": "text",
        "location": {
            "right": 217,
            "top": 1586,
            "left": 161,
            "bottom": 1596
        }
    },
    {
        "isClick": false,
        "id": 116,
        "content": "What bother",
        "type": "text",
        "location": {
            "right": 248,
            "top": 1595,
            "left": 185,
            "bottom": 1611
        }
    },
    {
        "isClick": false,
        "id": 117,
        "content": "Walch our",
        "type": "text",
        "location": {
            "right": 230,
            "top": 1610,
            "left": 184,
            "bottom": 1625
        }
    },
    {
        "isClick": false,
        "id": 118,
        "content": "Touch wood",
        "type": "text",
        "location": {
            "right": 239,
            "top": 1629,
            "left": 185,
            "bottom": 1640
        }
    },
    {
        "isClick": false,
        "id": 119,
        "content": "Come what may",
        "type": "text",
        "location": {
            "right": 257,
            "top": 1641,
            "left": 185,
            "bottom": 1654
        }
    },
    {
        "isClick": false,
        "id": 120,
        "content": "\u0628\u0648\u0644\u0646\u06d2",
        "type": "text",
        "location": {
            "right": 465,
            "top": 1608,
            "left": 427,
            "bottom": 1627
        }
    },
    {
        "isClick": false,
        "id": 121,
        "content": "\u06a9\u0627",
        "type": "text",
        "location": {
            "right": 410,
            "top": 1612,
            "left": 402,
            "bottom": 1624
        }
    },
    {
        "isClick": false,
        "id": 122,
        "content": "\u06a9\u0631\u06cc\u06af\u06cc",
        "type": "text",
        "location": {
            "right": 463,
            "top": 1621,
            "left": 419,
            "bottom": 1637
        }
    },
    {
        "isClick": false,
        "id": 123,
        "content": "\u0645\u0627\u0644 \u062f\u0627\u0634\u062a",
        "type": "text",
        "location": {
            "right": 336,
            "top": 1665,
            "left": 282,
            "bottom": 1682
        }
    },
    {
        "isClick": false,
        "id": 124,
        "content": "( Remember To",
        "type": "text",
        "location": {
            "right": 267,
            "top": 1665,
            "left": 182,
            "bottom": 1684
        }
    },
    {
        "isClick": false,
        "id": 125,
        "content": "\u06af\u0631\u0645\u06cc \u0645\u06cc\u06ba \u062f\u0645 \u0644\u06cc\u06ba \u0645\u0639\u062c",
        "type": "text",
        "location": {
            "right": 456,
            "top": 1680,
            "left": 373,
            "bottom": 1697
        }
    },
    {
        "isClick": false,
        "id": 126,
        "content": "( . )",
        "type": "text",
        "location": {
            "right": 350,
            "top": 1678,
            "left": 326,
            "bottom": 1697
        }
    },
    {
        "isClick": false,
        "id": 127,
        "content": "\u0628\u06cc",
        "type": "text",
        "location": {
            "right": 306,
            "top": 1678,
            "left": 281,
            "bottom": 1698
        }
    },
    {
        "isClick": false,
        "id": 128,
        "content": ")",
        "type": "text",
        "location": {
            "right": 265,
            "top": 1679,
            "left": 261,
            "bottom": 1698
        }
    },
    {
        "isClick": false,
        "id": 129,
        "content": "\u0633\u06d2 \u0645\u0627\u0644\u0627\u0645\u0627\u0645",
        "type": "text",
        "location": {
            "right": 246,
            "top": 1679,
            "left": 203,
            "bottom": 1698
        }
    },
    {
        "isClick": false,
        "id": 130,
        "content": "\u0639\u0644\u06cc ( 9 )",
        "type": "text",
        "location": {
            "right": 167,
            "top": 1683,
            "left": 127,
            "bottom": 1698
        }
    },
    {
        "isClick": false,
        "id": 131,
        "content": "Tohfa",
        "type": "text",
        "location": {
            "right": 149,
            "top": 1725,
            "left": 72,
            "bottom": 1748
        }
    },
    {
        "isClick": false,
        "id": 132,
        "content": "2",
        "type": "text",
        "location": {
            "right": 469,
            "top": 1729,
            "left": 459,
            "bottom": 1745
        }
    },
    {
        "isClick": false,
        "id": 133,
        "content": "3",
        "type": "text",
        "location": {
            "right": 997,
            "top": 1729,
            "left": 987,
            "bottom": 1745
        }
    },
    {
        "isClick": false,
        "id": 134,
        "content": "image",
        "type": "text",
        "location": {
            "right": 685,
            "top": 1726,
            "left": 602,
            "bottom": 1755
        }
    },
    {
        "isClick": false,
        "id": 135,
        "content": "me welcome",
        "type": "text",
        "location": {
            "right": 811,
            "top": 1741,
            "left": 608,
            "bottom": 1776
        }
    }
]