[
    {
        "content": "ffff0",
        "location": {
            "bottom": 26,
            "top": 3,
            "left": 13,
            "right": 158
        },
        "id": 0,
        "isClick": true,
        "type": "text"
    },
    {
        "content": "A",
        "location": {
            "bottom": 26,
            "top": 6,
            "left": 173,
            "right": 185
        },
        "id": 1,
        "isClick": false,
        "type": "text"
    },
    {
        "content": "2:25",
        "location": {
            "bottom": 25,
            "top": 9,
            "left": 494,
            "right": 528
        },
        "id": 2,
        "isClick": false,
        "type": "text"
    },
    {
        "content": "Phrases editor",
        "location": {
            "bottom": 81,
            "top": 57,
            "left": 81,
            "right": 248
        },
        "id": 3,
        "isClick": true,
        "type": "text"
    },
    {
        "content": "OK",
        "location": {
            "bottom": 143,
            "top": 123,
            "left": 5,
            "right": 33
        },
        "id": 4,
        "isClick": false,
        "type": "text"
    },
    {
        "content": "Hi",
        "location": {
            "bottom": 177,
            "top": 156,
            "left": 6,
            "right": 26
        },
        "id": 5,
        "isClick": false,
        "type": "text"
    },
    {
        "content": "How are",
        "location": {
            "bottom": 214,
            "top": 191,
            "left": 6,
            "right": 91
        },
        "id": 6,
        "isClick": false,
        "type": "text"
    },
    {
        "content": "you ?",
        "location": {
            "bottom": 214,
            "top": 191,
            "left": 97,
            "right": 145
        },
        "id": 7,
        "isClick": false,
        "type": "text"
    },
    {
        "content": "What are you doing ?",
        "location": {
            "bottom": 249,
            "top": 216,
            "left": 6,
            "right": 220
        },
        "id": 8,
        "isClick": false,
        "type": "text"
    }
]