[
    {
        "id": 0,
        "location": {
            "right": 241,
            "left": 227,
            "top": 10,
            "bottom": 16
        },
        "content": "1",
        "isClick": false,
        "type": "text"
    },
    {
        "id": 1,
        "location": {
            "right": 66,
            "left": 41,
            "top": 14,
            "bottom": 50
        },
        "content": "...",
        "isClick": false,
        "type": "text"
    },
    {
        "id": 2,
        "location": {
            "right": 191,
            "left": 91,
            "top": 14,
            "bottom": 51
        },
        "content": "ff",
        "isClick": false,
        "type": "text"
    },
    {
        "id": 3,
        "location": {
            "right": 363,
            "left": 361,
            "top": 11,
            "bottom": 39
        },
        "content": "$",
        "isClick": false,
        "type": "text"
    },
    {
        "id": 4,
        "location": {
            "right": 436,
            "left": 414,
            "top": 13,
            "bottom": 46
        },
        "content": "$",
        "isClick": false,
        "type": "text"
    },
    {
        "id": 5,
        "location": {
            "right": 488,
            "left": 485,
            "top": 16,
            "bottom": 46
        },
        "content": "$",
        "isClick": false,
        "type": "text"
    },
    {
        "id": 6,
        "location": {
            "right": 619,
            "left": 617,
            "top": 11,
            "bottom": 45
        },
        "content": "$",
        "isClick": false,
        "type": "text"
    },
    {
        "id": 7,
        "location": {
            "right": 688,
            "left": 666,
            "top": 11,
            "bottom": 46
        },
        "content": "$",
        "isClick": false,
        "type": "text"
    },
    {
        "id": 8,
        "location": {
            "right": 741,
            "left": 738,
            "top": 10,
            "bottom": 46
        },
        "content": "3",
        "isClick": false,
        "type": "text"
    },
    {
        "id": 9,
        "location": {
            "right": 1056,
            "left": 977,
            "top": 17,
            "bottom": 48
        },
        "content": "7:54",
        "isClick": false,
        "type": "text"
    },
    {
        "id": 10,
        "location": {
            "right": 333,
            "left": 186,
            "top": 620,
            "bottom": 653
        },
        "content": "ORIGIN",
        "isClick": true,
        "type": "text"
    },
    {
        "id": 11,
        "location": {
            "right": 288,
            "left": 184,
            "top": 680,
            "bottom": 699
        },
        "content": "AIRPORT",
        "isClick": true,
        "type": "text"
    },
    {
        "id": 12,
        "location": {
            "right": 475,
            "left": 188,
            "top": 788,
            "bottom": 821
        },
        "content": "DESTINATION",
        "isClick": false,
        "type": "text"
    },
    {
        "id": 13,
        "location": {
            "right": 288,
            "left": 184,
            "top": 847,
            "bottom": 867
        },
        "content": "AIRPORT",
        "isClick": false,
        "type": "text"
    },
    {
        "id": 14,
        "location": {
            "right": 89,
            "left": 41,
            "top": 1034,
            "bottom": 1080
        },
        "content": "\u25ba",
        "isClick": false,
        "type": "text"
    },
    {
        "id": 15,
        "location": {
            "right": 412,
            "left": 191,
            "top": 1020,
            "bottom": 1056
        },
        "content": "07 April , 2017",
        "isClick": false,
        "type": "text"
    },
    {
        "id": 16,
        "location": {
            "right": 273,
            "left": 191,
            "top": 1067,
            "bottom": 1098
        },
        "content": "Friday",
        "isClick": false,
        "type": "text"
    },
    {
        "id": 17,
        "location": {
            "right": 89,
            "left": 42,
            "top": 1196,
            "bottom": 1241
        },
        "content": "E",
        "isClick": false,
        "type": "text"
    },
    {
        "id": 18,
        "location": {
            "right": 375,
            "left": 192,
            "top": 1185,
            "bottom": 1213
        },
        "content": "Return date",
        "isClick": false,
        "type": "text"
    },
    {
        "id": 19,
        "location": {
            "right": 406,
            "left": 190,
            "top": 1231,
            "bottom": 1262
        },
        "content": "day of the week",
        "isClick": false,
        "type": "text"
    },
    {
        "id": 20,
        "location": {
            "right": 262,
            "left": 188,
            "top": 1413,
            "bottom": 1437
        },
        "content": "Class",
        "isClick": false,
        "type": "text"
    },
    {
        "id": 21,
        "location": {
            "right": 775,
            "left": 615,
            "top": 1415,
            "bottom": 1444
        },
        "content": "Passengers",
        "isClick": false,
        "type": "text"
    },
    {
        "id": 22,
        "location": {
            "right": 639,
            "left": 614,
            "top": 1462,
            "bottom": 1509
        },
        "content": "o",
        "isClick": false,
        "type": "text"
    },
    {
        "id": 23,
        "location": {
            "right": 666,
            "left": 656,
            "top": 1474,
            "bottom": 1501
        },
        "content": "1",
        "isClick": false,
        "type": "text"
    },
    {
        "id": 24,
        "location": {
            "right": 746,
            "left": 698,
            "top": 1464,
            "bottom": 1508
        },
        "content": "0",
        "isClick": false,
        "type": "text"
    },
    {
        "id": 25,
        "location": {
            "right": 832,
            "left": 777,
            "top": 1467,
            "bottom": 1507
        },
        "content": "0",
        "isClick": false,
        "type": "text"
    },
    {
        "id": 26,
        "location": {
            "right": 337,
            "left": 190,
            "top": 1473,
            "bottom": 1506
        },
        "content": "Economy",
        "isClick": false,
        "type": "text"
    },
    {
        "id": 27,
        "location": {
            "right": 686,
            "left": 393,
            "top": 1662,
            "bottom": 1688
        },
        "content": "SEARCH TICKETS",
        "isClick": false,
        "type": "text"
    }
]