[
    {
        "id": 0,
        "location": {
            "right": 68,
            "left": 26,
            "top": 14,
            "bottom": 47
        },
        "content": "...",
        "isClick": false,
        "type": "text"
    },
    {
        "id": 1,
        "location": {
            "right": 127,
            "left": 94,
            "top": 14,
            "bottom": 47
        },
        "content": "f",
        "isClick": false,
        "type": "text"
    },
    {
        "id": 2,
        "location": {
            "right": 188,
            "left": 155,
            "top": 15,
            "bottom": 48
        },
        "content": "f",
        "isClick": false,
        "type": "text"
    },
    {
        "id": 3,
        "location": {
            "right": 310,
            "left": 286,
            "top": 10,
            "bottom": 46
        },
        "content": "$",
        "isClick": false,
        "type": "text"
    },
    {
        "id": 4,
        "location": {
            "right": 363,
            "left": 361,
            "top": 11,
            "bottom": 39
        },
        "content": "$",
        "isClick": false,
        "type": "text"
    },
    {
        "id": 5,
        "location": {
            "right": 436,
            "left": 414,
            "top": 13,
            "bottom": 46
        },
        "content": "$",
        "isClick": false,
        "type": "text"
    },
    {
        "id": 6,
        "location": {
            "right": 617,
            "left": 614,
            "top": 11,
            "bottom": 43
        },
        "content": "3",
        "isClick": false,
        "type": "text"
    },
    {
        "id": 7,
        "location": {
            "right": 681,
            "left": 679,
            "top": 11,
            "bottom": 45
        },
        "content": "$",
        "isClick": false,
        "type": "text"
    },
    {
        "id": 8,
        "location": {
            "right": 1056,
            "left": 977,
            "top": 17,
            "bottom": 48
        },
        "content": "7:54",
        "isClick": false,
        "type": "text"
    },
    {
        "id": 9,
        "location": {
            "right": 259,
            "left": 186,
            "top": 620,
            "bottom": 657
        },
        "content": "San",
        "isClick": false,
        "type": "text"
    },
    {
        "id": 10,
        "location": {
            "right": 402,
            "left": 279,
            "top": 620,
            "bottom": 664
        },
        "content": "Diego ,",
        "isClick": true,
        "type": "text"
    },
    {
        "id": 11,
        "location": {
            "right": 476,
            "left": 419,
            "top": 620,
            "bottom": 657
        },
        "content": "CA",
        "isClick": true,
        "type": "text"
    },
    {
        "id": 12,
        "location": {
            "right": 444,
            "left": 184,
            "top": 680,
            "bottom": 704
        },
        "content": "ANY AIRPORT , UNITED",
        "isClick": true,
        "type": "text"
    },
    {
        "id": 13,
        "location": {
            "right": 544,
            "left": 454,
            "top": 680,
            "bottom": 701
        },
        "content": "STATES",
        "isClick": false,
        "type": "text"
    },
    {
        "id": 14,
        "location": {
            "right": 1037,
            "left": 999,
            "top": 719,
            "bottom": 766
        },
        "content": "11",
        "isClick": false,
        "type": "text"
    },
    {
        "id": 15,
        "location": {
            "right": 474,
            "left": 188,
            "top": 785,
            "bottom": 823
        },
        "content": "DESTINATION",
        "isClick": false,
        "type": "text"
    },
    {
        "id": 16,
        "location": {
            "right": 289,
            "left": 184,
            "top": 847,
            "bottom": 867
        },
        "content": "AIRPORT",
        "isClick": false,
        "type": "text"
    },
    {
        "id": 17,
        "location": {
            "right": 89,
            "left": 41,
            "top": 1034,
            "bottom": 1080
        },
        "content": "\u25ba",
        "isClick": false,
        "type": "text"
    },
    {
        "id": 18,
        "location": {
            "right": 413,
            "left": 191,
            "top": 1021,
            "bottom": 1055
        },
        "content": "07 April , 2017",
        "isClick": false,
        "type": "text"
    },
    {
        "id": 19,
        "location": {
            "right": 273,
            "left": 191,
            "top": 1068,
            "bottom": 1098
        },
        "content": "Friday",
        "isClick": false,
        "type": "text"
    },
    {
        "id": 20,
        "location": {
            "right": 89,
            "left": 42,
            "top": 1197,
            "bottom": 1242
        },
        "content": "E",
        "isClick": false,
        "type": "text"
    },
    {
        "id": 21,
        "location": {
            "right": 292,
            "left": 192,
            "top": 1187,
            "bottom": 1213
        },
        "content": "Return",
        "isClick": false,
        "type": "text"
    },
    {
        "id": 22,
        "location": {
            "right": 375,
            "left": 307,
            "top": 1185,
            "bottom": 1212
        },
        "content": "date",
        "isClick": false,
        "type": "text"
    },
    {
        "id": 23,
        "location": {
            "right": 406,
            "left": 190,
            "top": 1231,
            "bottom": 1262
        },
        "content": "day of the week",
        "isClick": false,
        "type": "text"
    },
    {
        "id": 24,
        "location": {
            "right": 262,
            "left": 188,
            "top": 1413,
            "bottom": 1439
        },
        "content": "Class",
        "isClick": false,
        "type": "text"
    },
    {
        "id": 25,
        "location": {
            "right": 775,
            "left": 615,
            "top": 1415,
            "bottom": 1444
        },
        "content": "Passengers",
        "isClick": false,
        "type": "text"
    },
    {
        "id": 26,
        "location": {
            "right": 639,
            "left": 614,
            "top": 1462,
            "bottom": 1509
        },
        "content": "*",
        "isClick": false,
        "type": "text"
    },
    {
        "id": 27,
        "location": {
            "right": 666,
            "left": 656,
            "top": 1473,
            "bottom": 1502
        },
        "content": "1",
        "isClick": false,
        "type": "text"
    },
    {
        "id": 28,
        "location": {
            "right": 746,
            "left": 698,
            "top": 1464,
            "bottom": 1508
        },
        "content": "0",
        "isClick": false,
        "type": "text"
    },
    {
        "id": 29,
        "location": {
            "right": 832,
            "left": 779,
            "top": 1467,
            "bottom": 1507
        },
        "content": "0",
        "isClick": false,
        "type": "text"
    },
    {
        "id": 30,
        "location": {
            "right": 337,
            "left": 190,
            "top": 1473,
            "bottom": 1506
        },
        "content": "Economy",
        "isClick": false,
        "type": "text"
    },
    {
        "id": 31,
        "location": {
            "right": 686,
            "left": 393,
            "top": 1662,
            "bottom": 1688
        },
        "content": "SEARCH TICKETS",
        "isClick": false,
        "type": "text"
    }
]