[
    {
        "id": 0,
        "location": {
            "right": 1057,
            "left": 977,
            "top": 18,
            "bottom": 47
        },
        "content": "7:54",
        "isClick": false,
        "type": "text"
    },
    {
        "id": 1,
        "location": {
            "right": 1014,
            "left": 985,
            "top": 116,
            "bottom": 157
        },
        "content": "\u0425 X",
        "isClick": false,
        "type": "text"
    },
    {
        "id": 2,
        "location": {
            "right": 752,
            "left": 726,
            "top": 10,
            "bottom": 47
        },
        "content": "$",
        "isClick": false,
        "type": "text"
    },
    {
        "id": 3,
        "location": {
            "right": 688,
            "left": 666,
            "top": 11,
            "bottom": 46
        },
        "content": "3",
        "isClick": false,
        "type": "text"
    },
    {
        "id": 4,
        "location": {
            "right": 624,
            "left": 602,
            "top": 11,
            "bottom": 45
        },
        "content": "$",
        "isClick": false,
        "type": "text"
    },
    {
        "id": 5,
        "location": {
            "right": 562,
            "left": 540,
            "top": 11,
            "bottom": 44
        },
        "content": "$",
        "isClick": false,
        "type": "text"
    },
    {
        "id": 6,
        "location": {
            "right": 488,
            "left": 485,
            "top": 11,
            "bottom": 46
        },
        "content": "$",
        "isClick": false,
        "type": "text"
    },
    {
        "id": 7,
        "location": {
            "right": 436,
            "left": 412,
            "top": 10,
            "bottom": 46
        },
        "content": "$",
        "isClick": false,
        "type": "text"
    },
    {
        "id": 8,
        "location": {
            "right": 374,
            "left": 350,
            "top": 10,
            "bottom": 46
        },
        "content": "$",
        "isClick": false,
        "type": "text"
    },
    {
        "id": 9,
        "location": {
            "right": 312,
            "left": 286,
            "top": 10,
            "bottom": 49
        },
        "content": "$",
        "isClick": false,
        "type": "text"
    },
    {
        "id": 10,
        "location": {
            "right": 189,
            "left": 156,
            "top": 14,
            "bottom": 47
        },
        "content": "f",
        "isClick": false,
        "type": "text"
    }
]