[
    {
        "id": 0,
        "location": {
            "right": 192,
            "left": 153,
            "top": 12,
            "bottom": 48
        },
        "content": "f",
        "isClick": false,
        "type": "text"
    },
    {
        "id": 1,
        "location": {
            "right": 363,
            "left": 360,
            "top": 10,
            "bottom": 46
        },
        "content": "$",
        "isClick": false,
        "type": "text"
    },
    {
        "id": 2,
        "location": {
            "right": 437,
            "left": 415,
            "top": 12,
            "bottom": 48
        },
        "content": "W",
        "isClick": false,
        "type": "text"
    },
    {
        "id": 3,
        "location": {
            "right": 552,
            "left": 549,
            "top": 11,
            "bottom": 39
        },
        "content": "$",
        "isClick": false,
        "type": "text"
    },
    {
        "id": 4,
        "location": {
            "right": 688,
            "left": 666,
            "top": 9,
            "bottom": 46
        },
        "content": "$",
        "isClick": false,
        "type": "text"
    },
    {
        "id": 5,
        "location": {
            "right": 752,
            "left": 728,
            "top": 10,
            "bottom": 48
        },
        "content": "$",
        "isClick": false,
        "type": "text"
    },
    {
        "id": 6,
        "location": {
            "right": 956,
            "left": 932,
            "top": 11,
            "bottom": 48
        },
        "content": "\u00a7",
        "isClick": false,
        "type": "text"
    },
    {
        "id": 7,
        "location": {
            "right": 1056,
            "left": 977,
            "top": 17,
            "bottom": 50
        },
        "content": "7:56",
        "isClick": false,
        "type": "text"
    },
    {
        "id": 8,
        "location": {
            "right": 625,
            "left": 605,
            "top": 33,
            "bottom": 38
        },
        "content": "W",
        "isClick": false,
        "type": "text"
    },
    {
        "id": 9,
        "location": {
            "right": 499,
            "left": 479,
            "top": 36,
            "bottom": 41
        },
        "content": "W",
        "isClick": false,
        "type": "text"
    },
    {
        "id": 10,
        "location": {
            "right": 330,
            "left": 227,
            "top": 333,
            "bottom": 367
        },
        "content": "2017",
        "isClick": false,
        "type": "text"
    },
    {
        "id": 11,
        "location": {
            "right": 391,
            "left": 226,
            "top": 408,
            "bottom": 491
        },
        "content": "Thu ,",
        "isClick": false,
        "type": "text"
    },
    {
        "id": 12,
        "location": {
            "right": 557,
            "left": 421,
            "top": 409,
            "bottom": 493
        },
        "content": "Apr",
        "isClick": false,
        "type": "text"
    },
    {
        "id": 13,
        "location": {
            "right": 677,
            "left": 585,
            "top": 409,
            "bottom": 480
        },
        "content": "20",
        "isClick": false,
        "type": "text"
    },
    {
        "id": 14,
        "location": {
            "right": 527,
            "left": 442,
            "top": 617,
            "bottom": 661
        },
        "content": "April",
        "isClick": false,
        "type": "text"
    },
    {
        "id": 15,
        "location": {
            "right": 635,
            "left": 541,
            "top": 620,
            "bottom": 654
        },
        "content": "2017",
        "isClick": false,
        "type": "text"
    },
    {
        "id": 16,
        "location": {
            "right": 829,
            "left": 810,
            "top": 622,
            "bottom": 651
        },
        "content": ">",
        "isClick": false,
        "type": "text"
    },
    {
        "id": 17,
        "location": {
            "right": 270,
            "left": 252,
            "top": 743,
            "bottom": 769
        },
        "content": "S",
        "isClick": false,
        "type": "text"
    },
    {
        "id": 18,
        "location": {
            "right": 366,
            "left": 341,
            "top": 743,
            "bottom": 769
        },
        "content": "M",
        "isClick": false,
        "type": "text"
    },
    {
        "id": 19,
        "location": {
            "right": 456,
            "left": 437,
            "top": 743,
            "bottom": 769
        },
        "content": "T",
        "isClick": false,
        "type": "text"
    },
    {
        "id": 20,
        "location": {
            "right": 554,
            "left": 525,
            "top": 744,
            "bottom": 769
        },
        "content": "W",
        "isClick": false,
        "type": "text"
    },
    {
        "id": 21,
        "location": {
            "right": 642,
            "left": 624,
            "top": 744,
            "bottom": 768
        },
        "content": "T",
        "isClick": false,
        "type": "text"
    },
    {
        "id": 22,
        "location": {
            "right": 734,
            "left": 719,
            "top": 744,
            "bottom": 768
        },
        "content": "F",
        "isClick": false,
        "type": "text"
    },
    {
        "id": 23,
        "location": {
            "right": 827,
            "left": 810,
            "top": 744,
            "bottom": 768
        },
        "content": "S",
        "isClick": false,
        "type": "text"
    },
    {
        "id": 24,
        "location": {
            "right": 822,
            "left": 812,
            "top": 844,
            "bottom": 869
        },
        "content": "1",
        "isClick": false,
        "type": "text"
    },
    {
        "id": 25,
        "location": {
            "right": 270,
            "left": 253,
            "top": 948,
            "bottom": 974
        },
        "content": "2",
        "isClick": false,
        "type": "text"
    },
    {
        "id": 26,
        "location": {
            "right": 361,
            "left": 346,
            "top": 948,
            "bottom": 974
        },
        "content": "3",
        "isClick": false,
        "type": "text"
    },
    {
        "id": 27,
        "location": {
            "right": 457,
            "left": 443,
            "top": 948,
            "bottom": 976
        },
        "content": "4 .",
        "isClick": false,
        "type": "text"
    },
    {
        "id": 28,
        "location": {
            "right": 543,
            "left": 533,
            "top": 948,
            "bottom": 976
        },
        "content": "5",
        "isClick": false,
        "type": "text"
    },
    {
        "id": 29,
        "location": {
            "right": 641,
            "left": 626,
            "top": 948,
            "bottom": 976
        },
        "content": "6",
        "isClick": false,
        "type": "text"
    },
    {
        "id": 30,
        "location": {
            "right": 734,
            "left": 717,
            "top": 948,
            "bottom": 976
        },
        "content": "7",
        "isClick": false,
        "type": "text"
    },
    {
        "id": 31,
        "location": {
            "right": 827,
            "left": 811,
            "top": 948,
            "bottom": 977
        },
        "content": "8",
        "isClick": false,
        "type": "text"
    },
    {
        "id": 32,
        "location": {
            "right": 268,
            "left": 253,
            "top": 1053,
            "bottom": 1078
        },
        "content": "9",
        "isClick": false,
        "type": "text"
    },
    {
        "id": 33,
        "location": {
            "right": 371,
            "left": 337,
            "top": 1053,
            "bottom": 1079
        },
        "content": "10",
        "isClick": false,
        "type": "text"
    },
    {
        "id": 34,
        "location": {
            "right": 459,
            "left": 430,
            "top": 1054,
            "bottom": 1078
        },
        "content": "11",
        "isClick": false,
        "type": "text"
    },
    {
        "id": 35,
        "location": {
            "right": 557,
            "left": 523,
            "top": 1053,
            "bottom": 1078
        },
        "content": "12",
        "isClick": false,
        "type": "text"
    },
    {
        "id": 36,
        "location": {
            "right": 650,
            "left": 616,
            "top": 1053,
            "bottom": 1079
        },
        "content": "13",
        "isClick": false,
        "type": "text"
    },
    {
        "id": 37,
        "location": {
            "right": 745,
            "left": 709,
            "top": 1054,
            "bottom": 1078
        },
        "content": "14",
        "isClick": false,
        "type": "text"
    },
    {
        "id": 38,
        "location": {
            "right": 837,
            "left": 802,
            "top": 1053,
            "bottom": 1079
        },
        "content": "15",
        "isClick": false,
        "type": "text"
    },
    {
        "id": 39,
        "location": {
            "right": 279,
            "left": 244,
            "top": 1159,
            "bottom": 1184
        },
        "content": "16",
        "isClick": false,
        "type": "text"
    },
    {
        "id": 40,
        "location": {
            "right": 371,
            "left": 337,
            "top": 1158,
            "bottom": 1183
        },
        "content": "17",
        "isClick": false,
        "type": "text"
    },
    {
        "id": 41,
        "location": {
            "right": 463,
            "left": 430,
            "top": 1158,
            "bottom": 1184
        },
        "content": "18",
        "isClick": false,
        "type": "text"
    },
    {
        "id": 42,
        "location": {
            "right": 556,
            "left": 523,
            "top": 1158,
            "bottom": 1183
        },
        "content": "19",
        "isClick": false,
        "type": "text"
    },
    {
        "id": 43,
        "location": {
            "right": 649,
            "left": 614,
            "top": 1158,
            "bottom": 1184
        },
        "content": "20",
        "isClick": false,
        "type": "text"
    },
    {
        "id": 44,
        "location": {
            "right": 737,
            "left": 707,
            "top": 1158,
            "bottom": 1183
        },
        "content": "21",
        "isClick": false,
        "type": "text"
    },
    {
        "id": 45,
        "location": {
            "right": 836,
            "left": 800,
            "top": 1158,
            "bottom": 1183
        },
        "content": "22",
        "isClick": false,
        "type": "text"
    },
    {
        "id": 46,
        "location": {
            "right": 89,
            "left": 42,
            "top": 1195,
            "bottom": 1241
        },
        "content": "E",
        "isClick": false,
        "type": "text"
    },
    {
        "id": 47,
        "location": {
            "right": 277,
            "left": 242,
            "top": 1263,
            "bottom": 1289
        },
        "content": "23",
        "isClick": false,
        "type": "text"
    },
    {
        "id": 48,
        "location": {
            "right": 372,
            "left": 335,
            "top": 1263,
            "bottom": 1288
        },
        "content": "24",
        "isClick": false,
        "type": "text"
    },
    {
        "id": 49,
        "location": {
            "right": 464,
            "left": 428,
            "top": 1263,
            "bottom": 1289
        },
        "content": "25",
        "isClick": false,
        "type": "text"
    },
    {
        "id": 50,
        "location": {
            "right": 557,
            "left": 521,
            "top": 1263,
            "bottom": 1289
        },
        "content": "26",
        "isClick": false,
        "type": "text"
    },
    {
        "id": 51,
        "location": {
            "right": 650,
            "left": 614,
            "top": 1263,
            "bottom": 1288
        },
        "content": "27",
        "isClick": false,
        "type": "text"
    },
    {
        "id": 52,
        "location": {
            "right": 743,
            "left": 707,
            "top": 1263,
            "bottom": 1289
        },
        "content": "28",
        "isClick": false,
        "type": "text"
    },
    {
        "id": 53,
        "location": {
            "right": 835,
            "left": 800,
            "top": 1263,
            "bottom": 1288
        },
        "content": "29",
        "isClick": false,
        "type": "text"
    },
    {
        "id": 54,
        "location": {
            "right": 278,
            "left": 241,
            "top": 1368,
            "bottom": 1396
        },
        "content": "30",
        "isClick": false,
        "type": "text"
    },
    {
        "id": 55,
        "location": {
            "right": 684,
            "left": 530,
            "top": 1494,
            "bottom": 1525
        },
        "content": "CANCEL",
        "isClick": false,
        "type": "text"
    },
    {
        "id": 56,
        "location": {
            "right": 828,
            "left": 776,
            "top": 1494,
            "bottom": 1523
        },
        "content": "OK",
        "isClick": true,
        "type": "text"
    },
    {
        "id": 57,
        "location": {
            "right": 686,
            "left": 393,
            "top": 1662,
            "bottom": 1688
        },
        "content": "SEARCH TICKETS",
        "isClick": false,
        "type": "text"
    },
    {
        "id": 58,
        "location": {
            "right": 257,
            "left": 215,
            "top": 1833,
            "bottom": 1881
        },
        "content": "V",
        "isClick": false,
        "type": "text"
    }
]