[
    {
        "id": 0,
        "location": {
            "right": 127,
            "left": 94,
            "top": 14,
            "bottom": 47
        },
        "content": "f",
        "isClick": false,
        "type": "text"
    },
    {
        "id": 1,
        "location": {
            "right": 438,
            "left": 414,
            "top": 10,
            "bottom": 44
        },
        "content": "$",
        "isClick": false,
        "type": "text"
    },
    {
        "id": 2,
        "location": {
            "right": 500,
            "left": 474,
            "top": 10,
            "bottom": 45
        },
        "content": "$",
        "isClick": false,
        "type": "text"
    },
    {
        "id": 3,
        "location": {
            "right": 564,
            "left": 540,
            "top": 10,
            "bottom": 44
        },
        "content": "3",
        "isClick": false,
        "type": "text"
    },
    {
        "id": 4,
        "location": {
            "right": 626,
            "left": 602,
            "top": 10,
            "bottom": 46
        },
        "content": "$",
        "isClick": false,
        "type": "text"
    },
    {
        "id": 5,
        "location": {
            "right": 752,
            "left": 726,
            "top": 10,
            "bottom": 47
        },
        "content": "$",
        "isClick": false,
        "type": "text"
    },
    {
        "id": 6,
        "location": {
            "right": 1056,
            "left": 977,
            "top": 18,
            "bottom": 47
        },
        "content": "7:57",
        "isClick": false,
        "type": "text"
    },
    {
        "id": 7,
        "location": {
            "right": 141,
            "left": 44,
            "top": 119,
            "bottom": 156
        },
        "content": "SAN",
        "isClick": false,
        "type": "text"
    },
    {
        "id": 8,
        "location": {
            "right": 190,
            "left": 160,
            "top": 120,
            "bottom": 153
        },
        "content": "+",
        "isClick": false,
        "type": "text"
    },
    {
        "id": 9,
        "location": {
            "right": 300,
            "left": 207,
            "top": 119,
            "bottom": 156
        },
        "content": "SEA",
        "isClick": false,
        "type": "text"
    },
    {
        "id": 10,
        "location": {
            "right": 774,
            "left": 759,
            "top": 112,
            "bottom": 161
        },
        "content": "?",
        "isClick": false,
        "type": "text"
    },
    {
        "id": 11,
        "location": {
            "right": 927,
            "left": 915,
            "top": 112,
            "bottom": 160
        },
        "content": "1",
        "isClick": false,
        "type": "text"
    },
    {
        "id": 12,
        "location": {
            "right": 1068,
            "left": 974,
            "top": 118,
            "bottom": 157
        },
        "content": "USD",
        "isClick": false,
        "type": "text"
    },
    {
        "id": 13,
        "location": {
            "right": 196,
            "left": 61,
            "top": 251,
            "bottom": 313
        },
        "content": "366",
        "isClick": false,
        "type": "text"
    },
    {
        "id": 14,
        "location": {
            "right": 260,
            "left": 211,
            "top": 292,
            "bottom": 312
        },
        "content": "usb",
        "isClick": false,
        "type": "text"
    },
    {
        "id": 15,
        "location": {
            "right": 894,
            "left": 807,
            "top": 260,
            "bottom": 295
        },
        "content": "Alaska",
        "isClick": false,
        "type": "text"
    },
    {
        "id": 16,
        "location": {
            "right": 1014,
            "left": 917,
            "top": 260,
            "bottom": 296
        },
        "content": "Airlines",
        "isClick": false,
        "type": "text"
    },
    {
        "id": 17,
        "location": {
            "right": 208,
            "left": 67,
            "top": 352,
            "bottom": 374
        },
        "content": "SAN \u2022 SEA",
        "isClick": false,
        "type": "text"
    },
    {
        "id": 18,
        "location": {
            "right": 214,
            "left": 67,
            "top": 389,
            "bottom": 417
        },
        "content": "07 : 00a \u2013",
        "isClick": false,
        "type": "text"
    },
    {
        "id": 19,
        "location": {
            "right": 338,
            "left": 229,
            "top": 389,
            "bottom": 421
        },
        "content": "12 : 35p",
        "isClick": false,
        "type": "text"
    },
    {
        "id": 20,
        "location": {
            "right": 591,
            "left": 514,
            "top": 352,
            "bottom": 380
        },
        "content": "Stops",
        "isClick": false,
        "type": "text"
    },
    {
        "id": 21,
        "location": {
            "right": 576,
            "left": 514,
            "top": 389,
            "bottom": 414
        },
        "content": "SFO",
        "isClick": false,
        "type": "text"
    },
    {
        "id": 22,
        "location": {
            "right": 921,
            "left": 808,
            "top": 352,
            "bottom": 375
        },
        "content": "Duration",
        "isClick": false,
        "type": "text"
    },
    {
        "id": 23,
        "location": {
            "right": 949,
            "left": 808,
            "top": 387,
            "bottom": 416
        },
        "content": "05h 35m",
        "isClick": false,
        "type": "text"
    },
    {
        "id": 24,
        "location": {
            "right": 206,
            "left": 66,
            "top": 455,
            "bottom": 477
        },
        "content": "SEA . SAN",
        "isClick": false,
        "type": "text"
    },
    {
        "id": 25,
        "location": {
            "right": 177,
            "left": 66,
            "top": 492,
            "bottom": 525
        },
        "content": "01 : 00p",
        "isClick": false,
        "type": "text"
    },
    {
        "id": 26,
        "location": {
            "right": 215,
            "left": 192,
            "top": 503,
            "bottom": 508
        },
        "content": "-",
        "isClick": false,
        "type": "text"
    },
    {
        "id": 27,
        "location": {
            "right": 339,
            "left": 230,
            "top": 492,
            "bottom": 525
        },
        "content": "10 : 14p",
        "isClick": false,
        "type": "text"
    },
    {
        "id": 28,
        "location": {
            "right": 591,
            "left": 513,
            "top": 455,
            "bottom": 484
        },
        "content": "Stops",
        "isClick": false,
        "type": "text"
    },
    {
        "id": 29,
        "location": {
            "right": 579,
            "left": 515,
            "top": 492,
            "bottom": 518
        },
        "content": "PDX",
        "isClick": false,
        "type": "text"
    },
    {
        "id": 30,
        "location": {
            "right": 922,
            "left": 809,
            "top": 455,
            "bottom": 478
        },
        "content": "Duration",
        "isClick": false,
        "type": "text"
    },
    {
        "id": 31,
        "location": {
            "right": 866,
            "left": 808,
            "top": 490,
            "bottom": 518
        },
        "content": "09h",
        "isClick": false,
        "type": "text"
    },
    {
        "id": 32,
        "location": {
            "right": 949,
            "left": 881,
            "top": 492,
            "bottom": 519
        },
        "content": "14m",
        "isClick": false,
        "type": "text"
    },
    {
        "id": 33,
        "location": {
            "right": 196,
            "left": 62,
            "top": 659,
            "bottom": 721
        },
        "content": "366",
        "isClick": false,
        "type": "text"
    },
    {
        "id": 34,
        "location": {
            "right": 260,
            "left": 211,
            "top": 700,
            "bottom": 721
        },
        "content": "uso",
        "isClick": false,
        "type": "text"
    },
    {
        "id": 35,
        "location": {
            "right": 893,
            "left": 808,
            "top": 668,
            "bottom": 707
        },
        "content": "Alaska",
        "isClick": false,
        "type": "text"
    },
    {
        "id": 36,
        "location": {
            "right": 1014,
            "left": 911,
            "top": 668,
            "bottom": 707
        },
        "content": "Airlines",
        "isClick": false,
        "type": "text"
    },
    {
        "id": 37,
        "location": {
            "right": 208,
            "left": 67,
            "top": 760,
            "bottom": 782
        },
        "content": "SAN \u2022 SEA",
        "isClick": false,
        "type": "text"
    },
    {
        "id": 38,
        "location": {
            "right": 176,
            "left": 67,
            "top": 797,
            "bottom": 825
        },
        "content": "07 : 00a",
        "isClick": false,
        "type": "text"
    },
    {
        "id": 39,
        "location": {
            "right": 214,
            "left": 191,
            "top": 808,
            "bottom": 814
        },
        "content": "\u2013",
        "isClick": false,
        "type": "text"
    },
    {
        "id": 40,
        "location": {
            "right": 338,
            "left": 229,
            "top": 797,
            "bottom": 828
        },
        "content": "12 : 35p",
        "isClick": false,
        "type": "text"
    },
    {
        "id": 41,
        "location": {
            "right": 592,
            "left": 514,
            "top": 760,
            "bottom": 790
        },
        "content": "Stops",
        "isClick": false,
        "type": "text"
    },
    {
        "id": 42,
        "location": {
            "right": 576,
            "left": 514,
            "top": 797,
            "bottom": 822
        },
        "content": "SFO",
        "isClick": false,
        "type": "text"
    },
    {
        "id": 43,
        "location": {
            "right": 922,
            "left": 809,
            "top": 760,
            "bottom": 781
        },
        "content": "Duration",
        "isClick": false,
        "type": "text"
    },
    {
        "id": 44,
        "location": {
            "right": 949,
            "left": 808,
            "top": 795,
            "bottom": 824
        },
        "content": "05h 35m",
        "isClick": false,
        "type": "text"
    },
    {
        "id": 45,
        "location": {
            "right": 185,
            "left": 149,
            "top": 863,
            "bottom": 885
        },
        "content": "SA",
        "isClick": false,
        "type": "text"
    },
    {
        "id": 46,
        "location": {
            "right": 339,
            "left": 67,
            "top": 901,
            "bottom": 933
        },
        "content": "05 : 00p - 10 : 14p",
        "isClick": false,
        "type": "text"
    },
    {
        "id": 47,
        "location": {
            "right": 591,
            "left": 514,
            "top": 863,
            "bottom": 892
        },
        "content": "Stops",
        "isClick": false,
        "type": "text"
    },
    {
        "id": 48,
        "location": {
            "right": 579,
            "left": 515,
            "top": 900,
            "bottom": 926
        },
        "content": "PDX",
        "isClick": false,
        "type": "text"
    },
    {
        "id": 49,
        "location": {
            "right": 922,
            "left": 808,
            "top": 863,
            "bottom": 885
        },
        "content": "Duration",
        "isClick": false,
        "type": "text"
    },
    {
        "id": 50,
        "location": {
            "right": 864,
            "left": 808,
            "top": 899,
            "bottom": 926
        },
        "content": "05h",
        "isClick": false,
        "type": "text"
    },
    {
        "id": 51,
        "location": {
            "right": 949,
            "left": 881,
            "top": 900,
            "bottom": 927
        },
        "content": "14m",
        "isClick": false,
        "type": "text"
    },
    {
        "id": 52,
        "location": {
            "right": 196,
            "left": 61,
            "top": 1067,
            "bottom": 1129
        },
        "content": "366",
        "isClick": false,
        "type": "text"
    },
    {
        "id": 53,
        "location": {
            "right": 260,
            "left": 211,
            "top": 1108,
            "bottom": 1128
        },
        "content": "uso",
        "isClick": false,
        "type": "text"
    },
    {
        "id": 54,
        "location": {
            "right": 892,
            "left": 807,
            "top": 1076,
            "bottom": 1114
        },
        "content": "Alaska",
        "isClick": false,
        "type": "text"
    },
    {
        "id": 55,
        "location": {
            "right": 1013,
            "left": 916,
            "top": 1076,
            "bottom": 1114
        },
        "content": "Airlines",
        "isClick": false,
        "type": "text"
    },
    {
        "id": 56,
        "location": {
            "right": 208,
            "left": 66,
            "top": 1168,
            "bottom": 1190
        },
        "content": "SAN \u2022 SEA",
        "isClick": false,
        "type": "text"
    },
    {
        "id": 57,
        "location": {
            "right": 214,
            "left": 67,
            "top": 1205,
            "bottom": 1233
        },
        "content": "07 : 00a \u2013",
        "isClick": false,
        "type": "text"
    },
    {
        "id": 58,
        "location": {
            "right": 338,
            "left": 229,
            "top": 1205,
            "bottom": 1237
        },
        "content": "12 : 35p",
        "isClick": false,
        "type": "text"
    },
    {
        "id": 59,
        "location": {
            "right": 591,
            "left": 514,
            "top": 1168,
            "bottom": 1196
        },
        "content": "Stops",
        "isClick": false,
        "type": "text"
    },
    {
        "id": 60,
        "location": {
            "right": 577,
            "left": 514,
            "top": 1205,
            "bottom": 1231
        },
        "content": "SFO",
        "isClick": false,
        "type": "text"
    },
    {
        "id": 61,
        "location": {
            "right": 922,
            "left": 808,
            "top": 1168,
            "bottom": 1190
        },
        "content": "Duration",
        "isClick": false,
        "type": "text"
    },
    {
        "id": 62,
        "location": {
            "right": 949,
            "left": 808,
            "top": 1203,
            "bottom": 1232
        },
        "content": "05h 35m",
        "isClick": false,
        "type": "text"
    },
    {
        "id": 63,
        "location": {
            "right": 117,
            "left": 67,
            "top": 1271,
            "bottom": 1295
        },
        "content": "SEA",
        "isClick": false,
        "type": "text"
    },
    {
        "id": 64,
        "location": {
            "right": 206,
            "left": 149,
            "top": 1271,
            "bottom": 1295
        },
        "content": "SAN",
        "isClick": false,
        "type": "text"
    },
    {
        "id": 65,
        "location": {
            "right": 266,
            "left": 66,
            "top": 1307,
            "bottom": 1337
        },
        "content": "07 : 00a \u2013 04",
        "isClick": false,
        "type": "text"
    },
    {
        "id": 66,
        "location": {
            "right": 338,
            "left": 269,
            "top": 1308,
            "bottom": 1341
        },
        "content": ": 50p",
        "isClick": false,
        "type": "text"
    },
    {
        "id": 67,
        "location": {
            "right": 591,
            "left": 514,
            "top": 1271,
            "bottom": 1300
        },
        "content": "Stops",
        "isClick": false,
        "type": "text"
    },
    {
        "id": 68,
        "location": {
            "right": 576,
            "left": 514,
            "top": 1308,
            "bottom": 1334
        },
        "content": "SFO",
        "isClick": false,
        "type": "text"
    },
    {
        "id": 69,
        "location": {
            "right": 922,
            "left": 809,
            "top": 1271,
            "bottom": 1294
        },
        "content": "Duration",
        "isClick": false,
        "type": "text"
    },
    {
        "id": 70,
        "location": {
            "right": 865,
            "left": 808,
            "top": 1306,
            "bottom": 1334
        },
        "content": "09h",
        "isClick": false,
        "type": "text"
    },
    {
        "id": 71,
        "location": {
            "right": 949,
            "left": 881,
            "top": 1308,
            "bottom": 1335
        },
        "content": "50m",
        "isClick": false,
        "type": "text"
    },
    {
        "id": 72,
        "location": {
            "right": 195,
            "left": 63,
            "top": 1475,
            "bottom": 1537
        },
        "content": "366",
        "isClick": false,
        "type": "text"
    },
    {
        "id": 73,
        "location": {
            "right": 259,
            "left": 213,
            "top": 1516,
            "bottom": 1536
        },
        "content": "uso",
        "isClick": false,
        "type": "text"
    },
    {
        "id": 74,
        "location": {
            "right": 892,
            "left": 802,
            "top": 1484,
            "bottom": 1523
        },
        "content": "Alaska",
        "isClick": false,
        "type": "text"
    },
    {
        "id": 75,
        "location": {
            "right": 1014,
            "left": 911,
            "top": 1484,
            "bottom": 1522
        },
        "content": "Airlines",
        "isClick": false,
        "type": "text"
    },
    {
        "id": 76,
        "location": {
            "right": 208,
            "left": 67,
            "top": 1576,
            "bottom": 1597
        },
        "content": "SAN \u2022 SEA",
        "isClick": false,
        "type": "text"
    },
    {
        "id": 77,
        "location": {
            "right": 338,
            "left": 67,
            "top": 1613,
            "bottom": 1645
        },
        "content": "07 : 00a \u2013 12 : 35p",
        "isClick": false,
        "type": "text"
    },
    {
        "id": 78,
        "location": {
            "right": 592,
            "left": 513,
            "top": 1576,
            "bottom": 1606
        },
        "content": "Stops",
        "isClick": false,
        "type": "text"
    },
    {
        "id": 79,
        "location": {
            "right": 577,
            "left": 514,
            "top": 1613,
            "bottom": 1639
        },
        "content": "SFO",
        "isClick": false,
        "type": "text"
    },
    {
        "id": 80,
        "location": {
            "right": 921,
            "left": 808,
            "top": 1576,
            "bottom": 1599
        },
        "content": "Duration",
        "isClick": false,
        "type": "text"
    },
    {
        "id": 81,
        "location": {
            "right": 864,
            "left": 808,
            "top": 1611,
            "bottom": 1638
        },
        "content": "05h",
        "isClick": false,
        "type": "text"
    },
    {
        "id": 82,
        "location": {
            "right": 949,
            "left": 879,
            "top": 1613,
            "bottom": 1638
        },
        "content": "35m",
        "isClick": false,
        "type": "text"
    },
    {
        "id": 83,
        "location": {
            "right": 119,
            "left": 70,
            "top": 1679,
            "bottom": 1703
        },
        "content": "SEA",
        "isClick": false,
        "type": "text"
    },
    {
        "id": 84,
        "location": {
            "right": 206,
            "left": 149,
            "top": 1679,
            "bottom": 1703
        },
        "content": "SAN",
        "isClick": false,
        "type": "text"
    },
    {
        "id": 85,
        "location": {
            "right": 215,
            "left": 67,
            "top": 1716,
            "bottom": 1745
        },
        "content": "11 : 55a \u2013",
        "isClick": false,
        "type": "text"
    },
    {
        "id": 86,
        "location": {
            "right": 338,
            "left": 228,
            "top": 1716,
            "bottom": 1749
        },
        "content": "10 : 14p",
        "isClick": false,
        "type": "text"
    },
    {
        "id": 87,
        "location": {
            "right": 591,
            "left": 514,
            "top": 1679,
            "bottom": 1707
        },
        "content": "Stops",
        "isClick": false,
        "type": "text"
    },
    {
        "id": 88,
        "location": {
            "right": 579,
            "left": 515,
            "top": 1716,
            "bottom": 1742
        },
        "content": "PDX",
        "isClick": false,
        "type": "text"
    },
    {
        "id": 89,
        "location": {
            "right": 923,
            "left": 809,
            "top": 1679,
            "bottom": 1703
        },
        "content": "Duration",
        "isClick": false,
        "type": "text"
    },
    {
        "id": 90,
        "location": {
            "right": 949,
            "left": 809,
            "top": 1714,
            "bottom": 1743
        },
        "content": "10h 19m",
        "isClick": false,
        "type": "text"
    }
]