[
    {
        "id": 0,
        "location": {
            "right": 504,
            "left": 469,
            "top": 11,
            "bottom": 26
        },
        "content": "FAK",
        "isClick": false,
        "type": "text"
    },
    {
        "id": 1,
        "location": {
            "right": 66,
            "left": 28,
            "top": 13,
            "bottom": 50
        },
        "content": "f",
        "isClick": false,
        "type": "text"
    },
    {
        "id": 2,
        "location": {
            "right": 1056,
            "left": 968,
            "top": 19,
            "bottom": 45
        },
        "content": "11:54",
        "isClick": false,
        "type": "text"
    },
    {
        "id": 3,
        "location": {
            "right": 386,
            "left": 316,
            "top": 115,
            "bottom": 159
        },
        "content": "Log",
        "isClick": false,
        "type": "text"
    },
    {
        "id": 4,
        "location": {
            "right": 435,
            "left": 405,
            "top": 114,
            "bottom": 152
        },
        "content": "in",
        "isClick": false,
        "type": "text"
    },
    {
        "id": 5,
        "location": {
            "right": 542,
            "left": 453,
            "top": 113,
            "bottom": 153
        },
        "content": "with",
        "isClick": false,
        "type": "text"
    },
    {
        "id": 6,
        "location": {
            "right": 762,
            "left": 561,
            "top": 113,
            "bottom": 153
        },
        "content": "Facebook",
        "isClick": false,
        "type": "text"
    },
    {
        "id": 7,
        "location": {
            "right": 533,
            "left": 330,
            "top": 773,
            "bottom": 811
        },
        "content": "Continue",
        "isClick": false,
        "type": "text"
    },
    {
        "id": 8,
        "location": {
            "right": 601,
            "left": 551,
            "top": 782,
            "bottom": 811
        },
        "content": "as",
        "isClick": false,
        "type": "text"
    },
    {
        "id": 9,
        "location": {
            "right": 752,
            "left": 620,
            "top": 773,
            "bottom": 811
        },
        "content": "Grace",
        "isClick": false,
        "type": "text"
    },
    {
        "id": 10,
        "location": {
            "right": 571,
            "left": 364,
            "top": 888,
            "bottom": 920
        },
        "content": "Stickerz will",
        "isClick": false,
        "type": "text"
    },
    {
        "id": 11,
        "location": {
            "right": 717,
            "left": 588,
            "top": 889,
            "bottom": 921
        },
        "content": "receive :",
        "isClick": false,
        "type": "text"
    },
    {
        "id": 12,
        "location": {
            "right": 452,
            "left": 380,
            "top": 945,
            "bottom": 977
        },
        "content": "your",
        "isClick": false,
        "type": "text"
    },
    {
        "id": 13,
        "location": {
            "right": 696,
            "left": 467,
            "top": 937,
            "bottom": 976
        },
        "content": "public profile .",
        "isClick": false,
        "type": "text"
    },
    {
        "id": 14,
        "location": {
            "right": 569,
            "left": 478,
            "top": 1039,
            "bottom": 1070
        },
        "content": "Learn",
        "isClick": false,
        "type": "text"
    },
    {
        "id": 15,
        "location": {
            "right": 672,
            "left": 584,
            "top": 1039,
            "bottom": 1073
        },
        "content": "More",
        "isClick": false,
        "type": "text"
    },
    {
        "id": 16,
        "location": {
            "right": 612,
            "left": 470,
            "top": 1476,
            "bottom": 1501
        },
        "content": "Continue",
        "isClick": true,
        "type": "text"
    },
    {
        "id": 17,
        "location": {
            "right": 877,
            "left": 249,
            "top": 1641,
            "bottom": 1673
        },
        "content": "This doesn't let the app post to Facebook .",
        "isClick": false,
        "type": "text"
    }
]