[
    {
        "location": {
            "left": 217,
            "top": 11,
            "bottom": 25,
            "right": 255
        },
        "type": "text",
        "id": 0,
        "isClick": false,
        "content": "FAKT"
    },
    {
        "location": {
            "left": 768,
            "top": 13,
            "bottom": 48,
            "right": 792
        },
        "type": "text",
        "id": 1,
        "isClick": false,
        "content": "4"
    },
    {
        "location": {
            "left": 978,
            "top": 17,
            "bottom": 48,
            "right": 1055
        },
        "type": "text",
        "id": 2,
        "isClick": false,
        "content": "3:49"
    },
    {
        "location": {
            "left": 51,
            "top": 984,
            "bottom": 1017,
            "right": 153
        },
        "type": "text",
        "id": 3,
        "isClick": false,
        "content": "Week"
    },
    {
        "location": {
            "left": 167,
            "top": 985,
            "bottom": 1017,
            "right": 181
        },
        "type": "text",
        "id": 4,
        "isClick": false,
        "content": "1"
    },
    {
        "location": {
            "left": 52,
            "top": 1039,
            "bottom": 1072,
            "right": 183
        },
        "type": "text",
        "id": 5,
        "isClick": false,
        "content": "You will"
    },
    {
        "location": {
            "left": 198,
            "top": 1039,
            "bottom": 1080,
            "right": 549
        },
        "type": "text",
        "id": 6,
        "isClick": true,
        "content": "not see any physical"
    },
    {
        "location": {
            "left": 564,
            "top": 1039,
            "bottom": 1079,
            "right": 689
        },
        "type": "text",
        "id": 7,
        "isClick": false,
        "content": "change"
    },
    {
        "location": {
            "left": 704,
            "top": 1041,
            "bottom": 1071,
            "right": 729
        },
        "type": "text",
        "id": 8,
        "isClick": false,
        "content": "in"
    },
    {
        "location": {
            "left": 744,
            "top": 1048,
            "bottom": 1080,
            "right": 803
        },
        "type": "text",
        "id": 9,
        "isClick": false,
        "content": "you"
    },
    {
        "location": {
            "left": 818,
            "top": 1039,
            "bottom": 1073,
            "right": 921
        },
        "type": "text",
        "id": 10,
        "isClick": false,
        "content": "at this"
    },
    {
        "location": {
            "left": 936,
            "top": 1043,
            "bottom": 1080,
            "right": 1031
        },
        "type": "text",
        "id": 11,
        "isClick": false,
        "content": "stage"
    },
    {
        "location": {
            "left": 52,
            "top": 1086,
            "bottom": 1118,
            "right": 155
        },
        "type": "text",
        "id": 12,
        "isClick": false,
        "content": "as the"
    },
    {
        "location": {
            "left": 170,
            "top": 1086,
            "bottom": 1125,
            "right": 251
        },
        "type": "text",
        "id": 13,
        "isClick": false,
        "content": "baby"
    },
    {
        "location": {
            "left": 266,
            "top": 1087,
            "bottom": 1125,
            "right": 401
        },
        "type": "text",
        "id": 14,
        "isClick": false,
        "content": "is pretty"
    },
    {
        "location": {
            "left": 416,
            "top": 1085,
            "bottom": 1118,
            "right": 509
        },
        "type": "text",
        "id": 15,
        "isClick": true,
        "content": "much"
    },
    {
        "location": {
            "left": 524,
            "top": 1086,
            "bottom": 1118,
            "right": 581
        },
        "type": "text",
        "id": 16,
        "isClick": true,
        "content": "still"
    },
    {
        "location": {
            "left": 596,
            "top": 1094,
            "bottom": 1125,
            "right": 709
        },
        "type": "text",
        "id": 17,
        "isClick": false,
        "content": "an egg"
    },
    {
        "location": {
            "left": 726,
            "top": 1087,
            "bottom": 1118,
            "right": 781
        },
        "type": "text",
        "id": 18,
        "isClick": false,
        "content": "in ..."
    },
    {
        "location": {
            "left": 51,
            "top": 1207,
            "bottom": 1241,
            "right": 186
        },
        "type": "text",
        "id": 19,
        "isClick": false,
        "content": "Week 2"
    },
    {
        "location": {
            "left": 52,
            "top": 1263,
            "bottom": 1297,
            "right": 355
        },
        "type": "text",
        "id": 20,
        "isClick": false,
        "content": "The second week"
    },
    {
        "location": {
            "left": 370,
            "top": 1264,
            "bottom": 1295,
            "right": 395
        },
        "type": "text",
        "id": 21,
        "isClick": false,
        "content": "is"
    },
    {
        "location": {
            "left": 410,
            "top": 1271,
            "bottom": 1297,
            "right": 447
        },
        "type": "text",
        "id": 22,
        "isClick": false,
        "content": "an"
    },
    {
        "location": {
            "left": 464,
            "top": 1262,
            "bottom": 1303,
            "right": 857
        },
        "type": "text",
        "id": 23,
        "isClick": false,
        "content": "important week for the"
    },
    {
        "location": {
            "left": 872,
            "top": 1263,
            "bottom": 1303,
            "right": 979
        },
        "type": "text",
        "id": 24,
        "isClick": false,
        "content": "baby's"
    },
    {
        "location": {
            "left": 52,
            "top": 1309,
            "bottom": 1349,
            "right": 351
        },
        "type": "text",
        "id": 25,
        "isClick": false,
        "content": "development and"
    },
    {
        "location": {
            "left": 366,
            "top": 1302,
            "bottom": 1342,
            "right": 543
        },
        "type": "text",
        "id": 26,
        "isClick": false,
        "content": "formation ."
    },
    {
        "location": {
            "left": 560,
            "top": 1309,
            "bottom": 1349,
            "right": 685
        },
        "type": "text",
        "id": 27,
        "isClick": false,
        "content": "Did you"
    },
    {
        "location": {
            "left": 700,
            "top": 1302,
            "bottom": 1344,
            "right": 965
        },
        "type": "text",
        "id": 28,
        "isClick": false,
        "content": "know that the ..."
    },
    {
        "location": {
            "left": 51,
            "top": 1431,
            "bottom": 1465,
            "right": 186
        },
        "type": "text",
        "id": 29,
        "isClick": false,
        "content": "Week 3"
    },
    {
        "location": {
            "left": 54,
            "top": 1486,
            "bottom": 1527,
            "right": 943
        },
        "type": "text",
        "id": 30,
        "isClick": false,
        "content": "Early in week three of pregnancy is when your baby"
    },
    {
        "location": {
            "left": 958,
            "top": 1488,
            "bottom": 1519,
            "right": 983
        },
        "type": "text",
        "id": 31,
        "isClick": false,
        "content": "is"
    },
    {
        "location": {
            "left": 52,
            "top": 1525,
            "bottom": 1567,
            "right": 307
        },
        "type": "text",
        "id": 32,
        "isClick": false,
        "content": "assumed to be"
    },
    {
        "location": {
            "left": 322,
            "top": 1527,
            "bottom": 1570,
            "right": 659
        },
        "type": "text",
        "id": 33,
        "isClick": false,
        "content": "conceived . The egg"
    },
    {
        "location": {
            "left": 674,
            "top": 1533,
            "bottom": 1572,
            "right": 947
        },
        "type": "text",
        "id": 34,
        "isClick": false,
        "content": "meets the spe ..."
    },
    {
        "location": {
            "left": 119,
            "top": 1696,
            "bottom": 1757,
            "right": 265
        },
        "type": "text",
        "id": 35,
        "isClick": false,
        "content": "Next"
    },
    {
        "location": {
            "left": 280,
            "top": 1705,
            "bottom": 1753,
            "right": 503
        },
        "type": "text",
        "id": 36,
        "isClick": false,
        "content": "generation"
    },
    {
        "location": {
            "left": 520,
            "top": 1705,
            "bottom": 1744,
            "right": 555
        },
        "type": "text",
        "id": 37,
        "isClick": false,
        "content": "in"
    },
    {
        "location": {
            "left": 570,
            "top": 1705,
            "bottom": 1753,
            "right": 695
        },
        "type": "text",
        "id": 38,
        "isClick": false,
        "content": "single"
    },
    {
        "location": {
            "left": 710,
            "top": 1705,
            "bottom": 1745,
            "right": 811
        },
        "type": "text",
        "id": 39,
        "isClick": false,
        "content": "dose"
    }
]