[
    {
        "location": {
            "left": 216,
            "top": 11,
            "bottom": 24,
            "right": 252
        },
        "type": "text",
        "id": 0,
        "isClick": false,
        "content": "FAK"
    },
    {
        "location": {
            "left": 768,
            "top": 13,
            "bottom": 48,
            "right": 792
        },
        "type": "text",
        "id": 1,
        "isClick": false,
        "content": "4"
    },
    {
        "location": {
            "left": 978,
            "top": 17,
            "bottom": 48,
            "right": 1057
        },
        "type": "text",
        "id": 2,
        "isClick": false,
        "content": "3:52"
    },
    {
        "location": {
            "left": 127,
            "top": 106,
            "bottom": 150,
            "right": 247
        },
        "type": "text",
        "id": 3,
        "isClick": false,
        "content": "Week"
    },
    {
        "location": {
            "left": 269,
            "top": 102,
            "bottom": 157,
            "right": 616
        },
        "type": "text",
        "id": 4,
        "isClick": false,
        "content": "by Week Guide"
    },
    {
        "location": {
            "left": 242,
            "top": 235,
            "bottom": 268,
            "right": 327
        },
        "type": "text",
        "id": 5,
        "isClick": false,
        "content": "WEEK"
    },
    {
        "location": {
            "left": 354,
            "top": 240,
            "bottom": 268,
            "right": 360
        },
        "type": "text",
        "id": 6,
        "isClick": false,
        "content": "1"
    },
    {
        "location": {
            "left": 586,
            "top": 216,
            "bottom": 249,
            "right": 876
        },
        "type": "text",
        "id": 7,
        "isClick": false,
        "content": "PREGNANCY Q & A"
    },
    {
        "location": {
            "left": 585,
            "top": 256,
            "bottom": 290,
            "right": 797
        },
        "type": "text",
        "id": 8,
        "isClick": false,
        "content": "COMMUNITY"
    },
    {
        "location": {
            "left": 40,
            "top": 653,
            "bottom": 707,
            "right": 241
        },
        "type": "text",
        "id": 9,
        "isClick": false,
        "content": "Your Baby"
    },
    {
        "location": {
            "left": 41,
            "top": 716,
            "bottom": 768,
            "right": 118
        },
        "type": "text",
        "id": 10,
        "isClick": false,
        "content": "You"
    },
    {
        "location": {
            "left": 133,
            "top": 723,
            "bottom": 756,
            "right": 191
        },
        "type": "text",
        "id": 11,
        "isClick": false,
        "content": "will"
    },
    {
        "location": {
            "left": 208,
            "top": 726,
            "bottom": 757,
            "right": 264
        },
        "type": "text",
        "id": 12,
        "isClick": false,
        "content": "not"
    },
    {
        "location": {
            "left": 279,
            "top": 731,
            "bottom": 757,
            "right": 341
        },
        "type": "text",
        "id": 13,
        "isClick": false,
        "content": "see"
    },
    {
        "location": {
            "left": 356,
            "top": 730,
            "bottom": 765,
            "right": 418
        },
        "type": "text",
        "id": 14,
        "isClick": false,
        "content": "any"
    },
    {
        "location": {
            "left": 433,
            "top": 723,
            "bottom": 765,
            "right": 580
        },
        "type": "text",
        "id": 15,
        "isClick": false,
        "content": "physical"
    },
    {
        "location": {
            "left": 596,
            "top": 723,
            "bottom": 765,
            "right": 729
        },
        "type": "text",
        "id": 16,
        "isClick": false,
        "content": "change"
    },
    {
        "location": {
            "left": 745,
            "top": 724,
            "bottom": 756,
            "right": 772
        },
        "type": "text",
        "id": 17,
        "isClick": false,
        "content": "in"
    },
    {
        "location": {
            "left": 787,
            "top": 731,
            "bottom": 765,
            "right": 850
        },
        "type": "text",
        "id": 18,
        "isClick": false,
        "content": "you"
    },
    {
        "location": {
            "left": 866,
            "top": 723,
            "bottom": 757,
            "right": 976
        },
        "type": "text",
        "id": 19,
        "isClick": false,
        "content": "at this"
    },
    {
        "location": {
            "left": 41,
            "top": 768,
            "bottom": 815,
            "right": 151
        },
        "type": "text",
        "id": 20,
        "isClick": false,
        "content": "stage"
    },
    {
        "location": {
            "left": 166,
            "top": 781,
            "bottom": 807,
            "right": 205
        },
        "type": "text",
        "id": 21,
        "isClick": false,
        "content": "as"
    },
    {
        "location": {
            "left": 220,
            "top": 772,
            "bottom": 806,
            "right": 275
        },
        "type": "text",
        "id": 22,
        "isClick": false,
        "content": "the"
    },
    {
        "location": {
            "left": 292,
            "top": 772,
            "bottom": 815,
            "right": 375
        },
        "type": "text",
        "id": 23,
        "isClick": false,
        "content": "baby"
    },
    {
        "location": {
            "left": 392,
            "top": 773,
            "bottom": 806,
            "right": 417
        },
        "type": "text",
        "id": 24,
        "isClick": false,
        "content": "is"
    },
    {
        "location": {
            "left": 434,
            "top": 776,
            "bottom": 815,
            "right": 535
        },
        "type": "text",
        "id": 25,
        "isClick": false,
        "content": "pretty"
    },
    {
        "location": {
            "left": 550,
            "top": 772,
            "bottom": 808,
            "right": 649
        },
        "type": "text",
        "id": 26,
        "isClick": false,
        "content": "much"
    },
    {
        "location": {
            "left": 666,
            "top": 772,
            "bottom": 806,
            "right": 727
        },
        "type": "text",
        "id": 27,
        "isClick": false,
        "content": "still"
    },
    {
        "location": {
            "left": 744,
            "top": 781,
            "bottom": 806,
            "right": 783
        },
        "type": "text",
        "id": 28,
        "isClick": false,
        "content": "an"
    },
    {
        "location": {
            "left": 800,
            "top": 780,
            "bottom": 815,
            "right": 863
        },
        "type": "text",
        "id": 29,
        "isClick": false,
        "content": "egg"
    },
    {
        "location": {
            "left": 880,
            "top": 772,
            "bottom": 808,
            "right": 987
        },
        "type": "text",
        "id": 30,
        "isClick": false,
        "content": "inside"
    },
    {
        "location": {
            "left": 41,
            "top": 816,
            "bottom": 861,
            "right": 107
        },
        "type": "text",
        "id": 31,
        "isClick": false,
        "content": "the"
    },
    {
        "location": {
            "left": 122,
            "top": 831,
            "bottom": 861,
            "right": 225
        },
        "type": "text",
        "id": 32,
        "isClick": false,
        "content": "ovary ,"
    },
    {
        "location": {
            "left": 240,
            "top": 822,
            "bottom": 861,
            "right": 411
        },
        "type": "text",
        "id": 33,
        "isClick": false,
        "content": "preparing"
    },
    {
        "location": {
            "left": 426,
            "top": 821,
            "bottom": 857,
            "right": 475
        },
        "type": "text",
        "id": 34,
        "isClick": false,
        "content": "for"
    },
    {
        "location": {
            "left": 490,
            "top": 823,
            "bottom": 861,
            "right": 679
        },
        "type": "text",
        "id": 35,
        "isClick": false,
        "content": "its journey"
    },
    {
        "location": {
            "left": 694,
            "top": 821,
            "bottom": 856,
            "right": 829
        },
        "type": "text",
        "id": 36,
        "isClick": false,
        "content": "into the"
    },
    {
        "location": {
            "left": 844,
            "top": 821,
            "bottom": 861,
            "right": 999
        },
        "type": "text",
        "id": 37,
        "isClick": false,
        "content": "fallopian"
    },
    {
        "location": {
            "left": 41,
            "top": 866,
            "bottom": 914,
            "right": 138
        },
        "type": "text",
        "id": 38,
        "isClick": false,
        "content": "tube ,"
    },
    {
        "location": {
            "left": 154,
            "top": 871,
            "bottom": 913,
            "right": 299
        },
        "type": "text",
        "id": 39,
        "isClick": false,
        "content": "ready to"
    },
    {
        "location": {
            "left": 314,
            "top": 871,
            "bottom": 905,
            "right": 411
        },
        "type": "text",
        "id": 40,
        "isClick": false,
        "content": "catch"
    },
    {
        "location": {
            "left": 427,
            "top": 880,
            "bottom": 905,
            "right": 492
        },
        "type": "text",
        "id": 41,
        "isClick": false,
        "content": "one"
    },
    {
        "location": {
            "left": 507,
            "top": 871,
            "bottom": 905,
            "right": 740
        },
        "type": "text",
        "id": 42,
        "isClick": false,
        "content": "of those fast"
    },
    {
        "location": {
            "left": 755,
            "top": 872,
            "bottom": 913,
            "right": 887
        },
        "type": "text",
        "id": 43,
        "isClick": false,
        "content": "moving"
    },
    {
        "location": {
            "left": 904,
            "top": 871,
            "bottom": 905,
            "right": 990
        },
        "type": "text",
        "id": 44,
        "isClick": false,
        "content": "male"
    },
    {
        "location": {
            "left": 53,
            "top": 921,
            "bottom": 963,
            "right": 280
        },
        "type": "text",
        "id": 45,
        "isClick": false,
        "content": "reproductive"
    },
    {
        "location": {
            "left": 295,
            "top": 921,
            "bottom": 955,
            "right": 377
        },
        "type": "text",
        "id": 46,
        "isClick": false,
        "content": "cells"
    },
    {
        "location": {
            "left": 393,
            "top": 918,
            "bottom": 964,
            "right": 534
        },
        "type": "text",
        "id": 47,
        "isClick": false,
        "content": "( sperm )"
    },
    {
        "location": {
            "left": 551,
            "top": 922,
            "bottom": 954,
            "right": 578
        },
        "type": "text",
        "id": 48,
        "isClick": false,
        "content": "in"
    },
    {
        "location": {
            "left": 593,
            "top": 920,
            "bottom": 963,
            "right": 831
        },
        "type": "text",
        "id": 49,
        "isClick": false,
        "content": "the following"
    },
    {
        "location": {
            "left": 846,
            "top": 921,
            "bottom": 955,
            "right": 949
        },
        "type": "text",
        "id": 50,
        "isClick": false,
        "content": "week ."
    },
    {
        "location": {
            "left": 967,
            "top": 922,
            "bottom": 955,
            "right": 987
        },
        "type": "text",
        "id": 51,
        "isClick": false,
        "content": "It"
    },
    {
        "location": {
            "left": 41,
            "top": 965,
            "bottom": 1017,
            "right": 79
        },
        "type": "text",
        "id": 52,
        "isClick": false,
        "content": "is"
    },
    {
        "location": {
            "left": 95,
            "top": 970,
            "bottom": 1006,
            "right": 261
        },
        "type": "text",
        "id": 53,
        "isClick": false,
        "content": "assumed"
    },
    {
        "location": {
            "left": 276,
            "top": 970,
            "bottom": 1013,
            "right": 423
        },
        "type": "text",
        "id": 54,
        "isClick": false,
        "content": "that you"
    },
    {
        "location": {
            "left": 438,
            "top": 970,
            "bottom": 1004,
            "right": 496
        },
        "type": "text",
        "id": 55,
        "isClick": false,
        "content": "will"
    },
    {
        "location": {
            "left": 513,
            "top": 970,
            "bottom": 1012,
            "right": 653
        },
        "type": "text",
        "id": 56,
        "isClick": false,
        "content": "actually"
    },
    {
        "location": {
            "left": 668,
            "top": 971,
            "bottom": 1004,
            "right": 830
        },
        "type": "text",
        "id": 57,
        "isClick": false,
        "content": "conceive"
    },
    {
        "location": {
            "left": 846,
            "top": 970,
            "bottom": 1013,
            "right": 986
        },
        "type": "text",
        "id": 58,
        "isClick": false,
        "content": "halfway"
    },
    {
        "location": {
            "left": 41,
            "top": 1016,
            "bottom": 1061,
            "right": 205
        },
        "type": "text",
        "id": 59,
        "isClick": false,
        "content": "between"
    },
    {
        "location": {
            "left": 222,
            "top": 1020,
            "bottom": 1061,
            "right": 357
        },
        "type": "text",
        "id": 60,
        "isClick": false,
        "content": "periods"
    },
    {
        "location": {
            "left": 372,
            "top": 1018,
            "bottom": 1061,
            "right": 429
        },
        "type": "text",
        "id": 61,
        "isClick": false,
        "content": "( on"
    },
    {
        "location": {
            "left": 444,
            "top": 1020,
            "bottom": 1061,
            "right": 507
        },
        "type": "text",
        "id": 62,
        "isClick": false,
        "content": "day"
    },
    {
        "location": {
            "left": 522,
            "top": 1019,
            "bottom": 1061,
            "right": 705
        },
        "type": "text",
        "id": 63,
        "isClick": false,
        "content": "14 of your"
    },
    {
        "location": {
            "left": 720,
            "top": 1018,
            "bottom": 1061,
            "right": 825
        },
        "type": "text",
        "id": 64,
        "isClick": false,
        "content": "cycle )"
    },
    {
        "location": {
            "left": 842,
            "top": 1020,
            "bottom": 1054,
            "right": 905
        },
        "type": "text",
        "id": 65,
        "isClick": false,
        "content": "and"
    },
    {
        "location": {
            "left": 41,
            "top": 1064,
            "bottom": 1111,
            "right": 121
        },
        "type": "text",
        "id": 66,
        "isClick": false,
        "content": "that"
    },
    {
        "location": {
            "left": 136,
            "top": 1078,
            "bottom": 1111,
            "right": 325
        },
        "type": "text",
        "id": 67,
        "isClick": false,
        "content": "pregnancy"
    },
    {
        "location": {
            "left": 340,
            "top": 1069,
            "bottom": 1103,
            "right": 425
        },
        "type": "text",
        "id": 68,
        "isClick": false,
        "content": "lasts"
    },
    {
        "location": {
            "left": 440,
            "top": 1070,
            "bottom": 1103,
            "right": 481
        },
        "type": "text",
        "id": 69,
        "isClick": false,
        "content": "38"
    },
    {
        "location": {
            "left": 496,
            "top": 1069,
            "bottom": 1103,
            "right": 611
        },
        "type": "text",
        "id": 70,
        "isClick": false,
        "content": "weeks"
    },
    {
        "location": {
            "left": 626,
            "top": 1069,
            "bottom": 1103,
            "right": 709
        },
        "type": "text",
        "id": 71,
        "isClick": false,
        "content": "from"
    },
    {
        "location": {
            "left": 724,
            "top": 1069,
            "bottom": 1103,
            "right": 781
        },
        "type": "text",
        "id": 72,
        "isClick": false,
        "content": "the"
    },
    {
        "location": {
            "left": 796,
            "top": 1069,
            "bottom": 1105,
            "right": 873
        },
        "type": "text",
        "id": 73,
        "isClick": false,
        "content": "date"
    },
    {
        "location": {
            "left": 888,
            "top": 1078,
            "bottom": 1111,
            "right": 951
        },
        "type": "text",
        "id": 74,
        "isClick": false,
        "content": "you"
    },
    {
        "location": {
            "left": 52,
            "top": 1120,
            "bottom": 1151,
            "right": 223
        },
        "type": "text",
        "id": 75,
        "isClick": false,
        "content": "conceive ."
    },
    {
        "location": {
            "left": 51,
            "top": 1205,
            "bottom": 1247,
            "right": 143
        },
        "type": "text",
        "id": 76,
        "isClick": false,
        "content": "Baby"
    },
    {
        "location": {
            "left": 156,
            "top": 1206,
            "bottom": 1239,
            "right": 255
        },
        "type": "text",
        "id": 77,
        "isClick": false,
        "content": "Facts"
    },
    {
        "location": {
            "left": 52,
            "top": 1263,
            "bottom": 1297,
            "right": 135
        },
        "type": "text",
        "id": 78,
        "isClick": false,
        "content": "Your"
    },
    {
        "location": {
            "left": 150,
            "top": 1262,
            "bottom": 1304,
            "right": 261
        },
        "type": "text",
        "id": 79,
        "isClick": false,
        "content": "baby's"
    },
    {
        "location": {
            "left": 276,
            "top": 1262,
            "bottom": 1297,
            "right": 341
        },
        "type": "text",
        "id": 80,
        "isClick": false,
        "content": "due"
    },
    {
        "location": {
            "left": 356,
            "top": 1262,
            "bottom": 1297,
            "right": 433
        },
        "type": "text",
        "id": 81,
        "isClick": false,
        "content": "date"
    },
    {
        "location": {
            "left": 450,
            "top": 1263,
            "bottom": 1296,
            "right": 477
        },
        "type": "text",
        "id": 82,
        "isClick": false,
        "content": "is"
    },
    {
        "location": {
            "left": 492,
            "top": 1262,
            "bottom": 1304,
            "right": 833
        },
        "type": "text",
        "id": 83,
        "isClick": false,
        "content": "actually calculated"
    },
    {
        "location": {
            "left": 850,
            "top": 1261,
            "bottom": 1296,
            "right": 933
        },
        "type": "text",
        "id": 84,
        "isClick": false,
        "content": "from"
    },
    {
        "location": {
            "left": 50,
            "top": 1302,
            "bottom": 1354,
            "right": 267
        },
        "type": "text",
        "id": 85,
        "isClick": false,
        "content": "the first day"
    },
    {
        "location": {
            "left": 282,
            "top": 1311,
            "bottom": 1354,
            "right": 409
        },
        "type": "text",
        "id": 86,
        "isClick": false,
        "content": "of your"
    },
    {
        "location": {
            "left": 424,
            "top": 1311,
            "bottom": 1345,
            "right": 487
        },
        "type": "text",
        "id": 87,
        "isClick": false,
        "content": "last"
    },
    {
        "location": {
            "left": 502,
            "top": 1302,
            "bottom": 1354,
            "right": 626
        },
        "type": "text",
        "id": 88,
        "isClick": false,
        "content": "period ."
    },
    {
        "location": {
            "left": 642,
            "top": 1311,
            "bottom": 1345,
            "right": 713
        },
        "type": "text",
        "id": 89,
        "isClick": false,
        "content": "Add"
    },
    {
        "location": {
            "left": 730,
            "top": 1312,
            "bottom": 1345,
            "right": 803
        },
        "type": "text",
        "id": 90,
        "isClick": false,
        "content": "nine"
    },
    {
        "location": {
            "left": 820,
            "top": 1311,
            "bottom": 1345,
            "right": 957
        },
        "type": "text",
        "id": 91,
        "isClick": false,
        "content": "months"
    },
    {
        "location": {
            "left": 52,
            "top": 1365,
            "bottom": 1395,
            "right": 131
        },
        "type": "text",
        "id": 92,
        "isClick": false,
        "content": "onto"
    },
    {
        "location": {
            "left": 146,
            "top": 1361,
            "bottom": 1395,
            "right": 211
        },
        "type": "text",
        "id": 93,
        "isClick": false,
        "content": "this"
    },
    {
        "location": {
            "left": 226,
            "top": 1361,
            "bottom": 1395,
            "right": 305
        },
        "type": "text",
        "id": 94,
        "isClick": false,
        "content": "date"
    },
    {
        "location": {
            "left": 320,
            "top": 1361,
            "bottom": 1395,
            "right": 383
        },
        "type": "text",
        "id": 95,
        "isClick": false,
        "content": "and"
    },
    {
        "location": {
            "left": 398,
            "top": 1361,
            "bottom": 1395,
            "right": 477
        },
        "type": "text",
        "id": 96,
        "isClick": false,
        "content": "then"
    },
    {
        "location": {
            "left": 492,
            "top": 1361,
            "bottom": 1396,
            "right": 557
        },
        "type": "text",
        "id": 97,
        "isClick": false,
        "content": "add"
    },
    {
        "location": {
            "left": 574,
            "top": 1361,
            "bottom": 1398,
            "right": 713
        },
        "type": "text",
        "id": 98,
        "isClick": false,
        "content": "another"
    },
    {
        "location": {
            "left": 728,
            "top": 1370,
            "bottom": 1395,
            "right": 831
        },
        "type": "text",
        "id": 99,
        "isClick": false,
        "content": "seven"
    },
    {
        "location": {
            "left": 848,
            "top": 1361,
            "bottom": 1401,
            "right": 941
        },
        "type": "text",
        "id": 100,
        "isClick": false,
        "content": "days ."
    },
    {
        "location": {
            "left": 54,
            "top": 1412,
            "bottom": 1449,
            "right": 109
        },
        "type": "text",
        "id": 101,
        "isClick": false,
        "content": "For"
    },
    {
        "location": {
            "left": 124,
            "top": 1410,
            "bottom": 1453,
            "right": 287
        },
        "type": "text",
        "id": 102,
        "isClick": false,
        "content": "example ,"
    },
    {
        "location": {
            "left": 302,
            "top": 1410,
            "bottom": 1453,
            "right": 415
        },
        "type": "text",
        "id": 103,
        "isClick": false,
        "content": "if your"
    },
    {
        "location": {
            "left": 430,
            "top": 1410,
            "bottom": 1445,
            "right": 493
        },
        "type": "text",
        "id": 104,
        "isClick": false,
        "content": "last"
    },
    {
        "location": {
            "left": 508,
            "top": 1410,
            "bottom": 1453,
            "right": 621
        },
        "type": "text",
        "id": 105,
        "isClick": true,
        "content": "period"
    },
    {
        "location": {
            "left": 636,
            "top": 1410,
            "bottom": 1445,
            "right": 763
        },
        "type": "text",
        "id": 106,
        "isClick": false,
        "content": "started"
    },
    {
        "location": {
            "left": 780,
            "top": 1419,
            "bottom": 1444,
            "right": 821
        },
        "type": "text",
        "id": 107,
        "isClick": false,
        "content": "on"
    },
    {
        "location": {
            "left": 838,
            "top": 1412,
            "bottom": 1444,
            "right": 849
        },
        "type": "text",
        "id": 108,
        "isClick": false,
        "content": "1"
    },
    {
        "location": {
            "left": 872,
            "top": 1402,
            "bottom": 1450,
            "right": 993
        },
        "type": "text",
        "id": 109,
        "isClick": false,
        "content": "March ,"
    },
    {
        "location": {
            "left": 50,
            "top": 1460,
            "bottom": 1494,
            "right": 129
        },
        "type": "text",
        "id": 110,
        "isClick": false,
        "content": "then"
    },
    {
        "location": {
            "left": 144,
            "top": 1468,
            "bottom": 1502,
            "right": 207
        },
        "type": "text",
        "id": 111,
        "isClick": false,
        "content": "you"
    },
    {
        "location": {
            "left": 222,
            "top": 1451,
            "bottom": 1494,
            "right": 330
        },
        "type": "text",
        "id": 112,
        "isClick": false,
        "content": "would"
    },
    {
        "location": {
            "left": 347,
            "top": 1451,
            "bottom": 1502,
            "right": 684
        },
        "type": "text",
        "id": 113,
        "isClick": true,
        "content": "calculate your due"
    },
    {
        "location": {
            "left": 699,
            "top": 1460,
            "bottom": 1494,
            "right": 777
        },
        "type": "text",
        "id": 114,
        "isClick": false,
        "content": "date"
    },
    {
        "location": {
            "left": 792,
            "top": 1468,
            "bottom": 1494,
            "right": 831
        },
        "type": "text",
        "id": 115,
        "isClick": false,
        "content": "as"
    },
    {
        "location": {
            "left": 846,
            "top": 1459,
            "bottom": 1495,
            "right": 988
        },
        "type": "text",
        "id": 116,
        "isClick": false,
        "content": "follows :"
    },
    {
        "location": {
            "left": 54,
            "top": 1511,
            "bottom": 1543,
            "right": 65
        },
        "type": "text",
        "id": 117,
        "isClick": false,
        "content": "1"
    },
    {
        "location": {
            "left": 88,
            "top": 1504,
            "bottom": 1545,
            "right": 199
        },
        "type": "text",
        "id": 118,
        "isClick": false,
        "content": "March"
    },
    {
        "location": {
            "left": 214,
            "top": 1516,
            "bottom": 1540,
            "right": 233
        },
        "type": "text",
        "id": 119,
        "isClick": false,
        "content": "+"
    },
    {
        "location": {
            "left": 248,
            "top": 1510,
            "bottom": 1543,
            "right": 267
        },
        "type": "text",
        "id": 120,
        "isClick": false,
        "content": "9"
    },
    {
        "location": {
            "left": 284,
            "top": 1509,
            "bottom": 1543,
            "right": 419
        },
        "type": "text",
        "id": 121,
        "isClick": false,
        "content": "months"
    },
    {
        "location": {
            "left": 436,
            "top": 1521,
            "bottom": 1535,
            "right": 453
        },
        "type": "text",
        "id": 122,
        "isClick": false,
        "content": "="
    },
    {
        "location": {
            "left": 470,
            "top": 1511,
            "bottom": 1543,
            "right": 481
        },
        "type": "text",
        "id": 123,
        "isClick": false,
        "content": "1"
    },
    {
        "location": {
            "left": 504,
            "top": 1504,
            "bottom": 1544,
            "right": 691
        },
        "type": "text",
        "id": 124,
        "isClick": true,
        "content": "December"
    },
    {
        "location": {
            "left": 706,
            "top": 1511,
            "bottom": 1543,
            "right": 717
        },
        "type": "text",
        "id": 125,
        "isClick": false,
        "content": "1"
    },
    {
        "location": {
            "left": 740,
            "top": 1509,
            "bottom": 1544,
            "right": 959
        },
        "type": "text",
        "id": 126,
        "isClick": false,
        "content": "December +"
    },
    {
        "location": {
            "left": 974,
            "top": 1511,
            "bottom": 1543,
            "right": 993
        },
        "type": "text",
        "id": 127,
        "isClick": false,
        "content": "7"
    },
    {
        "location": {
            "left": 52,
            "top": 1559,
            "bottom": 1601,
            "right": 136
        },
        "type": "text",
        "id": 128,
        "isClick": false,
        "content": "days"
    },
    {
        "location": {
            "left": 152,
            "top": 1570,
            "bottom": 1584,
            "right": 169
        },
        "type": "text",
        "id": 129,
        "isClick": false,
        "content": "="
    },
    {
        "location": {
            "left": 185,
            "top": 1560,
            "bottom": 1593,
            "right": 203
        },
        "type": "text",
        "id": 130,
        "isClick": false,
        "content": "8"
    },
    {
        "location": {
            "left": 220,
            "top": 1559,
            "bottom": 1593,
            "right": 525
        },
        "type": "text",
        "id": 131,
        "isClick": false,
        "content": "December which"
    },
    {
        "location": {
            "left": 540,
            "top": 1559,
            "bottom": 1593,
            "right": 598
        },
        "type": "text",
        "id": 132,
        "isClick": false,
        "content": "will"
    },
    {
        "location": {
            "left": 616,
            "top": 1559,
            "bottom": 1601,
            "right": 945
        },
        "type": "text",
        "id": 133,
        "isClick": false,
        "content": "be your estimated"
    },
    {
        "location": {
            "left": 961,
            "top": 1559,
            "bottom": 1593,
            "right": 1026
        },
        "type": "text",
        "id": 134,
        "isClick": false,
        "content": "due"
    },
    {
        "location": {
            "left": 52,
            "top": 1608,
            "bottom": 1643,
            "right": 130
        },
        "type": "text",
        "id": 135,
        "isClick": false,
        "content": "date"
    },
    {
        "location": {
            "left": 167,
            "top": 1689,
            "bottom": 1721,
            "right": 210
        },
        "type": "text",
        "id": 136,
        "isClick": false,
        "content": "An"
    },
    {
        "location": {
            "left": 225,
            "top": 1689,
            "bottom": 1728,
            "right": 423
        },
        "type": "text",
        "id": 137,
        "isClick": false,
        "content": "astonishing"
    },
    {
        "location": {
            "left": 439,
            "top": 1689,
            "bottom": 1721,
            "right": 513
        },
        "type": "text",
        "id": 138,
        "isClick": false,
        "content": "level"
    },
    {
        "location": {
            "left": 528,
            "top": 1688,
            "bottom": 1721,
            "right": 756
        },
        "type": "text",
        "id": 139,
        "isClick": false,
        "content": "of clean from"
    },
    {
        "location": {
            "left": 778,
            "top": 1683,
            "bottom": 1726,
            "right": 834
        },
        "type": "text",
        "id": 140,
        "isClick": false,
        "content": "our"
    },
    {
        "location": {
            "left": 170,
            "top": 1740,
            "bottom": 1769,
            "right": 291
        },
        "type": "text",
        "id": 141,
        "isClick": false,
        "content": "newest"
    },
    {
        "location": {
            "left": 306,
            "top": 1736,
            "bottom": 1774,
            "right": 429
        },
        "type": "text",
        "id": 142,
        "isClick": false,
        "content": "laundry"
    },
    {
        "location": {
            "left": 444,
            "top": 1744,
            "bottom": 1775,
            "right": 503
        },
        "type": "text",
        "id": 143,
        "isClick": false,
        "content": "pac"
    },
    {
        "location": {
            "left": 120,
            "top": 1734,
            "bottom": 1771,
            "right": 158
        },
        "type": "text",
        "id": 144,
        "isClick": false,
        "content": "AX"
    }
]