[
    {
        "location": {
            "left": 216,
            "top": 11,
            "bottom": 25,
            "right": 252
        },
        "type": "text",
        "id": 0,
        "isClick": false,
        "content": "FAK"
    },
    {
        "location": {
            "left": 977,
            "top": 17,
            "bottom": 51,
            "right": 1055
        },
        "type": "text",
        "id": 1,
        "isClick": false,
        "content": "3:53"
    },
    {
        "location": {
            "left": 127,
            "top": 106,
            "bottom": 158,
            "right": 253
        },
        "type": "text",
        "id": 2,
        "isClick": false,
        "content": "Week"
    },
    {
        "location": {
            "left": 269,
            "top": 106,
            "bottom": 158,
            "right": 319
        },
        "type": "text",
        "id": 3,
        "isClick": false,
        "content": "by"
    },
    {
        "location": {
            "left": 335,
            "top": 106,
            "bottom": 159,
            "right": 461
        },
        "type": "text",
        "id": 4,
        "isClick": false,
        "content": "Week"
    },
    {
        "location": {
            "left": 476,
            "top": 106,
            "bottom": 159,
            "right": 607
        },
        "type": "text",
        "id": 5,
        "isClick": false,
        "content": "Guide"
    },
    {
        "location": {
            "left": 628,
            "top": 114,
            "bottom": 159,
            "right": 664
        },
        "type": "text",
        "id": 6,
        "isClick": false,
        "content": "io"
    },
    {
        "location": {
            "left": 121,
            "top": 184,
            "bottom": 212,
            "right": 218
        },
        "type": "text",
        "id": 7,
        "isClick": false,
        "content": "and"
    },
    {
        "location": {
            "left": 258,
            "top": 180,
            "bottom": 212,
            "right": 379
        },
        "type": "text",
        "id": 8,
        "isClick": false,
        "content": "price"
    },
    {
        "location": {
            "left": 127,
            "top": 231,
            "bottom": 267,
            "right": 225
        },
        "type": "text",
        "id": 9,
        "isClick": false,
        "content": "from"
    },
    {
        "location": {
            "left": 241,
            "top": 238,
            "bottom": 276,
            "right": 337
        },
        "type": "text",
        "id": 10,
        "isClick": false,
        "content": "WEEK"
    },
    {
        "location": {
            "left": 347,
            "top": 240,
            "bottom": 271,
            "right": 360
        },
        "type": "text",
        "id": 11,
        "isClick": false,
        "content": "1"
    },
    {
        "location": {
            "left": 370,
            "top": 231,
            "bottom": 267,
            "right": 535
        },
        "type": "text",
        "id": 12,
        "isClick": false,
        "content": "device"
    },
    {
        "location": {
            "left": 584,
            "top": 217,
            "bottom": 268,
            "right": 797
        },
        "type": "text",
        "id": 13,
        "isClick": false,
        "content": "PREGNANCY"
    },
    {
        "location": {
            "left": 805,
            "top": 217,
            "bottom": 260,
            "right": 847
        },
        "type": "text",
        "id": 14,
        "isClick": false,
        "content": "Q &"
    },
    {
        "location": {
            "left": 864,
            "top": 216,
            "bottom": 249,
            "right": 877
        },
        "type": "text",
        "id": 15,
        "isClick": false,
        "content": "A"
    },
    {
        "location": {
            "left": 585,
            "top": 256,
            "bottom": 291,
            "right": 797
        },
        "type": "text",
        "id": 16,
        "isClick": false,
        "content": "COMMUNITY"
    },
    {
        "location": {
            "left": 126,
            "top": 315,
            "bottom": 359,
            "right": 346
        },
        "type": "text",
        "id": 17,
        "isClick": false,
        "content": "> Start your"
    },
    {
        "location": {
            "left": 366,
            "top": 315,
            "bottom": 359,
            "right": 511
        },
        "type": "text",
        "id": 18,
        "isClick": false,
        "content": "registry"
    },
    {
        "location": {
            "left": 68,
            "top": 526,
            "bottom": 547,
            "right": 164
        },
        "type": "text",
        "id": 19,
        "isClick": false,
        "content": "Privacy"
    },
    {
        "location": {
            "left": 71,
            "top": 620,
            "bottom": 679,
            "right": 317
        },
        "type": "text",
        "id": 20,
        "isClick": false,
        "content": "Pregnancy"
    },
    {
        "location": {
            "left": 335,
            "top": 617,
            "bottom": 666,
            "right": 441
        },
        "type": "text",
        "id": 21,
        "isClick": false,
        "content": "food"
    },
    {
        "location": {
            "left": 461,
            "top": 618,
            "bottom": 676,
            "right": 587
        },
        "type": "text",
        "id": 22,
        "isClick": false,
        "content": "guide"
    },
    {
        "location": {
            "left": 605,
            "top": 642,
            "bottom": 649,
            "right": 619
        },
        "type": "text",
        "id": 23,
        "isClick": false,
        "content": "-"
    },
    {
        "location": {
            "left": 637,
            "top": 618,
            "bottom": 666,
            "right": 751
        },
        "type": "text",
        "id": 24,
        "isClick": false,
        "content": "Click"
    },
    {
        "location": {
            "left": 767,
            "top": 623,
            "bottom": 666,
            "right": 811
        },
        "type": "text",
        "id": 25,
        "isClick": false,
        "content": "to"
    },
    {
        "location": {
            "left": 71,
            "top": 689,
            "bottom": 737,
            "right": 297
        },
        "type": "text",
        "id": 26,
        "isClick": false,
        "content": "download"
    },
    {
        "location": {
            "left": 320,
            "top": 702,
            "bottom": 737,
            "right": 393
        },
        "type": "text",
        "id": 27,
        "isClick": false,
        "content": "our"
    },
    {
        "location": {
            "left": 414,
            "top": 691,
            "bottom": 749,
            "right": 658
        },
        "type": "text",
        "id": 28,
        "isClick": false,
        "content": "Pregnancy"
    },
    {
        "location": {
            "left": 677,
            "top": 688,
            "bottom": 737,
            "right": 781
        },
        "type": "text",
        "id": 29,
        "isClick": false,
        "content": "food"
    },
    {
        "location": {
            "left": 803,
            "top": 689,
            "bottom": 749,
            "right": 929
        },
        "type": "text",
        "id": 30,
        "isClick": false,
        "content": "guide"
    },
    {
        "location": {
            "left": 69,
            "top": 759,
            "bottom": 809,
            "right": 177
        },
        "type": "text",
        "id": 31,
        "isClick": false,
        "content": "from"
    },
    {
        "location": {
            "left": 199,
            "top": 760,
            "bottom": 821,
            "right": 357
        },
        "type": "text",
        "id": 32,
        "isClick": false,
        "content": "google"
    },
    {
        "location": {
            "left": 377,
            "top": 760,
            "bottom": 821,
            "right": 471
        },
        "type": "text",
        "id": 33,
        "isClick": false,
        "content": "play"
    },
    {
        "location": {
            "left": 489,
            "top": 766,
            "bottom": 824,
            "right": 617
        },
        "type": "text",
        "id": 34,
        "isClick": false,
        "content": "store"
    },
    {
        "location": {
            "left": 636,
            "top": 791,
            "bottom": 846,
            "right": 721
        },
        "type": "text",
        "id": 35,
        "isClick": false,
        "content": "TRIMESTER"
    },
    {
        "location": {
            "left": 716,
            "top": 826,
            "bottom": 845,
            "right": 730
        },
        "type": "text",
        "id": 36,
        "isClick": false,
        "content": "3"
    },
    {
        "location": {
            "left": 808,
            "top": 842,
            "bottom": 898,
            "right": 898
        },
        "type": "text",
        "id": 37,
        "isClick": false,
        "content": "PREGNANCY"
    },
    {
        "location": {
            "left": 893,
            "top": 882,
            "bottom": 910,
            "right": 927
        },
        "type": "text",
        "id": 38,
        "isClick": false,
        "content": "OLA"
    },
    {
        "location": {
            "left": 807,
            "top": 867,
            "bottom": 917,
            "right": 894
        },
        "type": "text",
        "id": 39,
        "isClick": false,
        "content": "COMMUNITY"
    },
    {
        "location": {
            "left": 495,
            "top": 1122,
            "bottom": 1184,
            "right": 605
        },
        "type": "text",
        "id": 40,
        "isClick": false,
        "content": "Introduction"
    },
    {
        "location": {
            "left": 604,
            "top": 1164,
            "bottom": 1175,
            "right": 616
        },
        "type": "text",
        "id": 41,
        "isClick": false,
        "content": "-"
    },
    {
        "location": {
            "left": 616,
            "top": 1168,
            "bottom": 1206,
            "right": 673
        },
        "type": "text",
        "id": 42,
        "isClick": false,
        "content": "Third"
    },
    {
        "location": {
            "left": 663,
            "top": 1182,
            "bottom": 1239,
            "right": 754
        },
        "type": "text",
        "id": 43,
        "isClick": false,
        "content": "Trimester"
    },
    {
        "location": {
            "left": 487,
            "top": 1142,
            "bottom": 1196,
            "right": 552
        },
        "type": "text",
        "id": 44,
        "isClick": false,
        "content": "You're"
    },
    {
        "location": {
            "left": 544,
            "top": 1163,
            "bottom": 1217,
            "right": 608
        },
        "type": "text",
        "id": 45,
        "isClick": false,
        "content": "nearly"
    },
    {
        "location": {
            "left": 603,
            "top": 1185,
            "bottom": 1237,
            "right": 660
        },
        "type": "text",
        "id": 46,
        "isClick": false,
        "content": "there"
    },
    {
        "location": {
            "left": 647,
            "top": 1212,
            "bottom": 1235,
            "right": 668
        },
        "type": "text",
        "id": 47,
        "isClick": false,
        "content": "!"
    },
    {
        "location": {
            "left": 654,
            "top": 1204,
            "bottom": 1247,
            "right": 688
        },
        "type": "text",
        "id": 48,
        "isClick": false,
        "content": "As"
    },
    {
        "location": {
            "left": 681,
            "top": 1214,
            "bottom": 1261,
            "right": 724
        },
        "type": "text",
        "id": 49,
        "isClick": false,
        "content": "you"
    },
    {
        "location": {
            "left": 716,
            "top": 1227,
            "bottom": 1280,
            "right": 776
        },
        "type": "text",
        "id": 50,
        "isClick": false,
        "content": "begin"
    },
    {
        "location": {
            "left": 767,
            "top": 1256,
            "bottom": 1289,
            "right": 805
        },
        "type": "text",
        "id": 51,
        "isClick": false,
        "content": "the"
    },
    {
        "location": {
            "left": 798,
            "top": 1268,
            "bottom": 1327,
            "right": 899
        },
        "type": "text",
        "id": 52,
        "isClick": false,
        "content": "countdown"
    },
    {
        "location": {
            "left": 487,
            "top": 1170,
            "bottom": 1205,
            "right": 510
        },
        "type": "text",
        "id": 53,
        "isClick": false,
        "content": "to"
    },
    {
        "location": {
            "left": 502,
            "top": 1178,
            "bottom": 1221,
            "right": 539
        },
        "type": "text",
        "id": 54,
        "isClick": false,
        "content": "the"
    },
    {
        "location": {
            "left": 532,
            "top": 1190,
            "bottom": 1237,
            "right": 583
        },
        "type": "text",
        "id": 55,
        "isClick": false,
        "content": "birth"
    },
    {
        "location": {
            "left": 576,
            "top": 1206,
            "bottom": 1242,
            "right": 603
        },
        "type": "text",
        "id": 56,
        "isClick": false,
        "content": "of"
    },
    {
        "location": {
            "left": 596,
            "top": 1214,
            "bottom": 1261,
            "right": 645
        },
        "type": "text",
        "id": 57,
        "isClick": false,
        "content": "your"
    },
    {
        "location": {
            "left": 639,
            "top": 1230,
            "bottom": 1290,
            "right": 723
        },
        "type": "text",
        "id": 58,
        "isClick": false,
        "content": "precious"
    },
    {
        "location": {
            "left": 716,
            "top": 1259,
            "bottom": 1319,
            "right": 799
        },
        "type": "text",
        "id": 59,
        "isClick": false,
        "content": "newborn"
    },
    {
        "location": {
            "left": 785,
            "top": 1294,
            "bottom": 1317,
            "right": 805
        },
        "type": "text",
        "id": 60,
        "isClick": false,
        "content": ","
    },
    {
        "location": {
            "left": 797,
            "top": 1290,
            "bottom": 1342,
            "right": 862
        },
        "type": "text",
        "id": 61,
        "isClick": false,
        "content": "you've"
    },
    {
        "location": {
            "left": 473,
            "top": 1198,
            "bottom": 1248,
            "right": 531
        },
        "type": "text",
        "id": 62,
        "isClick": false,
        "content": "come"
    },
    {
        "location": {
            "left": 524,
            "top": 1218,
            "bottom": 1249,
            "right": 553
        },
        "type": "text",
        "id": 63,
        "isClick": false,
        "content": "to"
    },
    {
        "location": {
            "left": 546,
            "top": 1225,
            "bottom": 1268,
            "right": 584
        },
        "type": "text",
        "id": 64,
        "isClick": false,
        "content": "the"
    },
    {
        "location": {
            "left": 578,
            "top": 1237,
            "bottom": 1283,
            "right": 628
        },
        "type": "text",
        "id": 65,
        "isClick": false,
        "content": "right"
    },
    {
        "location": {
            "left": 620,
            "top": 1253,
            "bottom": 1302,
            "right": 678
        },
        "type": "text",
        "id": 66,
        "isClick": false,
        "content": "place"
    },
    {
        "location": {
            "left": 671,
            "top": 1272,
            "bottom": 1305,
            "right": 700
        },
        "type": "text",
        "id": 67,
        "isClick": false,
        "content": "to"
    },
    {
        "location": {
            "left": 692,
            "top": 1280,
            "bottom": 1322,
            "right": 731
        },
        "type": "text",
        "id": 68,
        "isClick": false,
        "content": "get"
    },
    {
        "location": {
            "left": 723,
            "top": 1291,
            "bottom": 1334,
            "right": 761
        },
        "type": "text",
        "id": 69,
        "isClick": false,
        "content": "the"
    },
    {
        "location": {
            "left": 755,
            "top": 1303,
            "bottom": 1346,
            "right": 796
        },
        "type": "text",
        "id": 70,
        "isClick": false,
        "content": "low"
    },
    {
        "location": {
            "left": 786,
            "top": 1314,
            "bottom": 1366,
            "right": 851
        },
        "type": "text",
        "id": 71,
        "isClick": false,
        "content": "down"
    },
    {
        "location": {
            "left": 843,
            "top": 1346,
            "bottom": 1369,
            "right": 871
        },
        "type": "text",
        "id": 72,
        "isClick": false,
        "content": "on"
    },
    {
        "location": {
            "left": 466,
            "top": 1225,
            "bottom": 1271,
            "right": 512
        },
        "type": "text",
        "id": 73,
        "isClick": false,
        "content": "your"
    },
    {
        "location": {
            "left": 509,
            "top": 1241,
            "bottom": 1297,
            "right": 585
        },
        "type": "text",
        "id": 74,
        "isClick": false,
        "content": "specific"
    },
    {
        "location": {
            "left": 580,
            "top": 1267,
            "bottom": 1325,
            "right": 677
        },
        "type": "text",
        "id": 75,
        "isClick": false,
        "content": "nutritional"
    },
    {
        "location": {
            "left": 669,
            "top": 1300,
            "bottom": 1345,
            "right": 732
        },
        "type": "text",
        "id": 76,
        "isClick": false,
        "content": "needs"
    },
    {
        "location": {
            "left": 725,
            "top": 1322,
            "bottom": 1359,
            "right": 759
        },
        "type": "text",
        "id": 77,
        "isClick": false,
        "content": "for"
    },
    {
        "location": {
            "left": 752,
            "top": 1331,
            "bottom": 1369,
            "right": 790
        },
        "type": "text",
        "id": 78,
        "isClick": false,
        "content": "the"
    },
    {
        "location": {
            "left": 784,
            "top": 1342,
            "bottom": 1383,
            "right": 834
        },
        "type": "text",
        "id": 79,
        "isClick": false,
        "content": "third"
    },
    {
        "location": {
            "left": 465,
            "top": 1255,
            "bottom": 1304,
            "right": 547
        },
        "type": "text",
        "id": 80,
        "isClick": false,
        "content": "trimester"
    },
    {
        "location": {
            "left": 449,
            "top": 1312,
            "bottom": 1345,
            "right": 501
        },
        "type": "text",
        "id": 81,
        "isClick": false,
        "content": "what"
    },
    {
        "location": {
            "left": 494,
            "top": 1323,
            "bottom": 1351,
            "right": 524
        },
        "type": "text",
        "id": 82,
        "isClick": false,
        "content": "to"
    },
    {
        "location": {
            "left": 516,
            "top": 1334,
            "bottom": 1367,
            "right": 556
        },
        "type": "text",
        "id": 83,
        "isClick": false,
        "content": "eat"
    },
    {
        "location": {
            "left": 547,
            "top": 1342,
            "bottom": 1361,
            "right": 560
        },
        "type": "text",
        "id": 84,
        "isClick": false,
        "content": "?"
    },
    {
        "location": {
            "left": 558,
            "top": 1344,
            "bottom": 1361,
            "right": 570
        },
        "type": "text",
        "id": 85,
        "isClick": false,
        "content": "-"
    },
    {
        "location": {
            "left": 572,
            "top": 1353,
            "bottom": 1391,
            "right": 620
        },
        "type": "text",
        "id": 86,
        "isClick": false,
        "content": "Third"
    },
    {
        "location": {
            "left": 618,
            "top": 1371,
            "bottom": 1423,
            "right": 707
        },
        "type": "text",
        "id": 87,
        "isClick": false,
        "content": "Trimester"
    },
    {
        "location": {
            "left": 440,
            "top": 1326,
            "bottom": 1370,
            "right": 475
        },
        "type": "text",
        "id": 88,
        "isClick": false,
        "content": "As"
    },
    {
        "location": {
            "left": 464,
            "top": 1335,
            "bottom": 1378,
            "right": 496
        },
        "type": "text",
        "id": 89,
        "isClick": false,
        "content": "in"
    },
    {
        "location": {
            "left": 486,
            "top": 1343,
            "bottom": 1390,
            "right": 527
        },
        "type": "text",
        "id": 90,
        "isClick": false,
        "content": "the"
    },
    {
        "location": {
            "left": 433,
            "top": 1354,
            "bottom": 1418,
            "right": 603
        },
        "type": "text",
        "id": 91,
        "isClick": false,
        "content": "previous balanced"
    },
    {
        "location": {
            "left": 593,
            "top": 1383,
            "bottom": 1450,
            "right": 691
        },
        "type": "text",
        "id": 92,
        "isClick": false,
        "content": "trimesters"
    },
    {
        "location": {
            "left": 679,
            "top": 1415,
            "bottom": 1450,
            "right": 699
        },
        "type": "text",
        "id": 93,
        "isClick": false,
        "content": ","
    },
    {
        "location": {
            "left": 687,
            "top": 1432,
            "bottom": 1475,
            "right": 755
        },
        "type": "text",
        "id": 94,
        "isClick": false,
        "content": "eating"
    },
    {
        "location": {
            "left": 748,
            "top": 1456,
            "bottom": 1476,
            "right": 771
        },
        "type": "text",
        "id": 95,
        "isClick": false,
        "content": "a"
    },
    {
        "location": {
            "left": 760,
            "top": 1458,
            "bottom": 1504,
            "right": 831
        },
        "type": "text",
        "id": 96,
        "isClick": false,
        "content": "healthy"
    },
    {
        "location": {
            "left": 517,
            "top": 1386,
            "bottom": 1430,
            "right": 560
        },
        "type": "text",
        "id": 97,
        "isClick": false,
        "content": "diet"
    },
    {
        "location": {
            "left": 552,
            "top": 1399,
            "bottom": 1435,
            "right": 578
        },
        "type": "text",
        "id": 98,
        "isClick": false,
        "content": "is"
    },
    {
        "location": {
            "left": 577,
            "top": 1407,
            "bottom": 1445,
            "right": 600
        },
        "type": "text",
        "id": 99,
        "isClick": false,
        "content": "of"
    },
    {
        "location": {
            "left": 593,
            "top": 1414,
            "bottom": 1464,
            "right": 649
        },
        "type": "text",
        "id": 100,
        "isClick": false,
        "content": "great"
    },
    {
        "location": {
            "left": 645,
            "top": 1434,
            "bottom": 1502,
            "right": 749
        },
        "type": "text",
        "id": 101,
        "isClick": false,
        "content": "importance"
    },
    {
        "location": {
            "left": 737,
            "top": 1469,
            "bottom": 1501,
            "right": 756
        },
        "type": "text",
        "id": 102,
        "isClick": false,
        "content": "."
    },
    {
        "location": {
            "left": 751,
            "top": 1473,
            "bottom": 1505,
            "right": 770
        },
        "type": "text",
        "id": 103,
        "isClick": false,
        "content": "A"
    },
    {
        "location": {
            "left": 762,
            "top": 1478,
            "bottom": 1535,
            "right": 832
        },
        "type": "text",
        "id": 104,
        "isClick": false,
        "content": "healthy"
    },
    {
        "location": {
            "left": 431,
            "top": 1382,
            "bottom": 1423,
            "right": 471
        },
        "type": "text",
        "id": 105,
        "isClick": false,
        "content": "diet"
    },
    {
        "location": {
            "left": 463,
            "top": 1396,
            "bottom": 1454,
            "right": 546
        },
        "type": "text",
        "id": 106,
        "isClick": false,
        "content": "includes"
    },
    {
        "location": {
            "left": 539,
            "top": 1426,
            "bottom": 1461,
            "right": 571
        },
        "type": "text",
        "id": 107,
        "isClick": false,
        "content": "all"
    },
    {
        "location": {
            "left": 562,
            "top": 1434,
            "bottom": 1469,
            "right": 591
        },
        "type": "text",
        "id": 108,
        "isClick": false,
        "content": "of"
    },
    {
        "location": {
            "left": 584,
            "top": 1441,
            "bottom": 1481,
            "right": 623
        },
        "type": "text",
        "id": 109,
        "isClick": false,
        "content": "the"
    },
    {
        "location": {
            "left": 614,
            "top": 1453,
            "bottom": 1513,
            "right": 704
        },
        "type": "text",
        "id": 110,
        "isClick": false,
        "content": "following"
    },
    {
        "location": {
            "left": 689,
            "top": 1481,
            "bottom": 1513,
            "right": 709
        },
        "type": "text",
        "id": 111,
        "isClick": false,
        "content": ":"
    },
    {
        "location": {
            "left": 700,
            "top": 1485,
            "bottom": 1535,
            "right": 762
        },
        "type": "text",
        "id": 112,
        "isClick": false,
        "content": "Fruits"
    },
    {
        "location": {
            "left": 754,
            "top": 1505,
            "bottom": 1545,
            "right": 798
        },
        "type": "text",
        "id": 113,
        "isClick": false,
        "content": "and"
    },
    {
        "location": {
            "left": 119,
            "top": 1708,
            "bottom": 1747,
            "right": 413
        },
        "type": "text",
        "id": 114,
        "isClick": false,
        "content": "Dall-laundry.com"
    }
]