[
    {
        "location": {
            "left": 217,
            "top": 11,
            "bottom": 26,
            "right": 254
        },
        "type": "text",
        "id": 0,
        "isClick": false,
        "content": "FAK"
    },
    {
        "location": {
            "left": 86,
            "top": 67,
            "bottom": 83,
            "right": 122
        },
        "type": "text",
        "id": 1,
        "isClick": false,
        "content": "go"
    },
    {
        "location": {
            "left": 978,
            "top": 17,
            "bottom": 50,
            "right": 1057
        },
        "type": "text",
        "id": 2,
        "isClick": false,
        "content": "3:54"
    },
    {
        "location": {
            "left": 329,
            "top": 63,
            "bottom": 76,
            "right": 357
        },
        "type": "text",
        "id": 3,
        "isClick": false,
        "content": "TU"
    },
    {
        "location": {
            "left": 423,
            "top": 63,
            "bottom": 85,
            "right": 528
        },
        "type": "text",
        "id": 4,
        "isClick": false,
        "content": "TYTU ,"
    },
    {
        "location": {
            "left": 550,
            "top": 63,
            "bottom": 76,
            "right": 645
        },
        "type": "text",
        "id": 5,
        "isClick": false,
        "content": "CITOTO"
    },
    {
        "location": {
            "left": 671,
            "top": 63,
            "bottom": 85,
            "right": 819
        },
        "type": "text",
        "id": 6,
        "isClick": false,
        "content": "PRONUNTJ"
    },
    {
        "location": {
            "left": 837,
            "top": 63,
            "bottom": 85,
            "right": 883
        },
        "type": "text",
        "id": 7,
        "isClick": false,
        "content": "ay"
    },
    {
        "location": {
            "left": 117,
            "top": 91,
            "bottom": 149,
            "right": 251
        },
        "type": "text",
        "id": 8,
        "isClick": false,
        "content": "Week"
    },
    {
        "location": {
            "left": 267,
            "top": 92,
            "bottom": 149,
            "right": 453
        },
        "type": "text",
        "id": 9,
        "isClick": false,
        "content": "by Week"
    },
    {
        "location": {
            "left": 477,
            "top": 84,
            "bottom": 148,
            "right": 728
        },
        "type": "text",
        "id": 10,
        "isClick": false,
        "content": "Guide habits"
    },
    {
        "location": {
            "left": 744,
            "top": 83,
            "bottom": 147,
            "right": 1022
        },
        "type": "text",
        "id": 11,
        "isClick": false,
        "content": "and start taking"
    },
    {
        "location": {
            "left": 41,
            "top": 138,
            "bottom": 185,
            "right": 461
        },
        "type": "text",
        "id": 12,
        "isClick": false,
        "content": "prenatal supplements"
    },
    {
        "location": {
            "left": 469,
            "top": 137,
            "bottom": 176,
            "right": 616
        },
        "type": "text",
        "id": 13,
        "isClick": false,
        "content": "like folic"
    },
    {
        "location": {
            "left": 636,
            "top": 137,
            "bottom": 176,
            "right": 703
        },
        "type": "text",
        "id": 14,
        "isClick": false,
        "content": "acid"
    },
    {
        "location": {
            "left": 730,
            "top": 136,
            "bottom": 175,
            "right": 831
        },
        "type": "text",
        "id": 15,
        "isClick": false,
        "content": "that is"
    },
    {
        "location": {
            "left": 846,
            "top": 134,
            "bottom": 177,
            "right": 964
        },
        "type": "text",
        "id": 16,
        "isClick": false,
        "content": "known"
    },
    {
        "location": {
            "left": 979,
            "top": 139,
            "bottom": 175,
            "right": 1012
        },
        "type": "text",
        "id": 17,
        "isClick": false,
        "content": "to"
    },
    {
        "location": {
            "left": 52,
            "top": 195,
            "bottom": 233,
            "right": 186
        },
        "type": "text",
        "id": 18,
        "isClick": false,
        "content": "prevent"
    },
    {
        "location": {
            "left": 201,
            "top": 191,
            "bottom": 225,
            "right": 288
        },
        "type": "text",
        "id": 19,
        "isClick": false,
        "content": "brain"
    },
    {
        "location": {
            "left": 304,
            "top": 191,
            "bottom": 225,
            "right": 368
        },
        "type": "text",
        "id": 20,
        "isClick": false,
        "content": "and"
    },
    {
        "location": {
            "left": 384,
            "top": 190,
            "bottom": 231,
            "right": 839
        },
        "type": "text",
        "id": 21,
        "isClick": false,
        "content": "neural - tube birth.defasts"
    },
    {
        "location": {
            "left": 835,
            "top": 203,
            "bottom": 228,
            "right": 847
        },
        "type": "text",
        "id": 22,
        "isClick": false,
        "content": "."
    },
    {
        "location": {
            "left": 584,
            "top": 215,
            "bottom": 250,
            "right": 877
        },
        "type": "text",
        "id": 23,
        "isClick": false,
        "content": "PREGNANCY Q & A"
    },
    {
        "location": {
            "left": 242,
            "top": 235,
            "bottom": 269,
            "right": 359
        },
        "type": "text",
        "id": 24,
        "isClick": false,
        "content": "WEEK 1"
    },
    {
        "location": {
            "left": 575,
            "top": 255,
            "bottom": 289,
            "right": 805
        },
        "type": "text",
        "id": 25,
        "isClick": false,
        "content": "COMMUNITY"
    },
    {
        "location": {
            "left": 69,
            "top": 297,
            "bottom": 357,
            "right": 189
        },
        "type": "text",
        "id": 26,
        "isClick": false,
        "content": "baby"
    },
    {
        "location": {
            "left": 207,
            "top": 296,
            "bottom": 356,
            "right": 527
        },
        "type": "text",
        "id": 27,
        "isClick": false,
        "content": "Development"
    },
    {
        "location": {
            "left": 529,
            "top": 296,
            "bottom": 345,
            "right": 647
        },
        "type": "text",
        "id": 28,
        "isClick": false,
        "content": "week"
    },
    {
        "location": {
            "left": 667,
            "top": 287,
            "bottom": 354,
            "right": 719
        },
        "type": "text",
        "id": 29,
        "isClick": false,
        "content": "by"
    },
    {
        "location": {
            "left": 737,
            "top": 285,
            "bottom": 345,
            "right": 857
        },
        "type": "text",
        "id": 30,
        "isClick": false,
        "content": "week"
    },
    {
        "location": {
            "left": 70,
            "top": 367,
            "bottom": 426,
            "right": 197
        },
        "type": "text",
        "id": 31,
        "isClick": false,
        "content": "guide"
    },
    {
        "location": {
            "left": 216,
            "top": 392,
            "bottom": 399,
            "right": 227
        },
        "type": "text",
        "id": 32,
        "isClick": false,
        "content": "-"
    },
    {
        "location": {
            "left": 248,
            "top": 367,
            "bottom": 417,
            "right": 359
        },
        "type": "text",
        "id": 33,
        "isClick": false,
        "content": "Click"
    },
    {
        "location": {
            "left": 378,
            "top": 372,
            "bottom": 416,
            "right": 421
        },
        "type": "text",
        "id": 34,
        "isClick": false,
        "content": "to"
    },
    {
        "location": {
            "left": 444,
            "top": 367,
            "bottom": 417,
            "right": 673
        },
        "type": "text",
        "id": 35,
        "isClick": false,
        "content": "Download"
    },
    {
        "location": {
            "left": 694,
            "top": 380,
            "bottom": 416,
            "right": 769
        },
        "type": "text",
        "id": 36,
        "isClick": false,
        "content": "our"
    },
    {
        "location": {
            "left": 788,
            "top": 378,
            "bottom": 417,
            "right": 879
        },
        "type": "text",
        "id": 37,
        "isClick": false,
        "content": "new"
    },
    {
        "location": {
            "left": 900,
            "top": 380,
            "bottom": 428,
            "right": 983
        },
        "type": "text",
        "id": 38,
        "isClick": false,
        "content": "app"
    },
    {
        "location": {
            "left": 69,
            "top": 438,
            "bottom": 487,
            "right": 177
        },
        "type": "text",
        "id": 39,
        "isClick": false,
        "content": "from"
    },
    {
        "location": {
            "left": 199,
            "top": 438,
            "bottom": 498,
            "right": 293
        },
        "type": "text",
        "id": 40,
        "isClick": false,
        "content": "play"
    },
    {
        "location": {
            "left": 311,
            "top": 444,
            "bottom": 487,
            "right": 429
        },
        "type": "text",
        "id": 41,
        "isClick": false,
        "content": "store"
    },
    {
        "location": {
            "left": 56,
            "top": 510,
            "bottom": 556,
            "right": 765
        },
        "type": "text",
        "id": 42,
        "isClick": false,
        "content": "Baby milestones , Baby tips , activities"
    },
    {
        "location": {
            "left": 786,
            "top": 513,
            "bottom": 556,
            "right": 928
        },
        "type": "text",
        "id": 43,
        "isClick": false,
        "content": "for your"
    },
    {
        "location": {
            "left": 56,
            "top": 557,
            "bottom": 602,
            "right": 214
        },
        "type": "text",
        "id": 44,
        "isClick": false,
        "content": "newborn"
    },
    {
        "location": {
            "left": 235,
            "top": 560,
            "bottom": 603,
            "right": 297
        },
        "type": "text",
        "id": 45,
        "isClick": false,
        "content": "and"
    },
    {
        "location": {
            "left": 284,
            "top": 560,
            "bottom": 603,
            "right": 406
        },
        "type": "text",
        "id": 46,
        "isClick": false,
        "content": "more"
    },
    {
        "location": {
            "left": 443,
            "top": 897,
            "bottom": 936,
            "right": 507
        },
        "type": "text",
        "id": 47,
        "isClick": false,
        "content": "weeks"
    },
    {
        "location": {
            "left": 514,
            "top": 918,
            "bottom": 937,
            "right": 522
        },
        "type": "text",
        "id": 48,
        "isClick": false,
        "content": "1"
    },
    {
        "location": {
            "left": 523,
            "top": 928,
            "bottom": 958,
            "right": 570
        },
        "type": "text",
        "id": 49,
        "isClick": false,
        "content": "and"
    },
    {
        "location": {
            "left": 559,
            "top": 934,
            "bottom": 958,
            "right": 579
        },
        "type": "text",
        "id": 50,
        "isClick": false,
        "content": "2"
    },
    {
        "location": {
            "left": 434,
            "top": 911,
            "bottom": 997,
            "right": 580
        },
        "type": "text",
        "id": 51,
        "isClick": false,
        "content": "Congratulations"
    },
    {
        "location": {
            "left": 570,
            "top": 976,
            "bottom": 993,
            "right": 589
        },
        "type": "text",
        "id": 52,
        "isClick": false,
        "content": "!"
    },
    {
        "location": {
            "left": 577,
            "top": 976,
            "bottom": 1009,
            "right": 623
        },
        "type": "text",
        "id": 53,
        "isClick": false,
        "content": "The"
    },
    {
        "location": {
            "left": 613,
            "top": 994,
            "bottom": 1029,
            "right": 661
        },
        "type": "text",
        "id": 54,
        "isClick": false,
        "content": "first"
    },
    {
        "location": {
            "left": 650,
            "top": 1006,
            "bottom": 1042,
            "right": 696
        },
        "type": "text",
        "id": 55,
        "isClick": false,
        "content": "two"
    },
    {
        "location": {
            "left": 687,
            "top": 1023,
            "bottom": 1065,
            "right": 754
        },
        "type": "text",
        "id": 56,
        "isClick": false,
        "content": "weeks"
    },
    {
        "location": {
            "left": 745,
            "top": 1044,
            "bottom": 1081,
            "right": 797
        },
        "type": "text",
        "id": 57,
        "isClick": false,
        "content": "after"
    },
    {
        "location": {
            "left": 789,
            "top": 1062,
            "bottom": 1085,
            "right": 812
        },
        "type": "text",
        "id": 58,
        "isClick": false,
        "content": "a"
    },
    {
        "location": {
            "left": 802,
            "top": 1068,
            "bottom": 1110,
            "right": 863
        },
        "type": "text",
        "id": 59,
        "isClick": false,
        "content": "baby's"
    },
    {
        "location": {
            "left": 432,
            "top": 941,
            "bottom": 983,
            "right": 477
        },
        "type": "text",
        "id": 60,
        "isClick": false,
        "content": "birth"
    },
    {
        "location": {
            "left": 471,
            "top": 957,
            "bottom": 995,
            "right": 507
        },
        "type": "text",
        "id": 61,
        "isClick": false,
        "content": "are"
    },
    {
        "location": {
            "left": 500,
            "top": 968,
            "bottom": 1027,
            "right": 589
        },
        "type": "text",
        "id": 62,
        "isClick": false,
        "content": "generally"
    },
    {
        "location": {
            "left": 579,
            "top": 999,
            "bottom": 1043,
            "right": 627
        },
        "type": "text",
        "id": 63,
        "isClick": false,
        "content": "very"
    },
    {
        "location": {
            "left": 619,
            "top": 1014,
            "bottom": 1077,
            "right": 722
        },
        "type": "text",
        "id": 64,
        "isClick": false,
        "content": "uneventful"
    },
    {
        "location": {
            "left": 713,
            "top": 1056,
            "bottom": 1087,
            "right": 741
        },
        "type": "text",
        "id": 65,
        "isClick": false,
        "content": "in"
    },
    {
        "location": {
            "left": 732,
            "top": 1059,
            "bottom": 1108,
            "right": 798
        },
        "type": "text",
        "id": 66,
        "isClick": false,
        "content": "terms"
    },
    {
        "location": {
            "left": 791,
            "top": 1080,
            "bottom": 1111,
            "right": 816
        },
        "type": "text",
        "id": 67,
        "isClick": false,
        "content": "of"
    },
    {
        "location": {
            "left": 119,
            "top": 1290,
            "bottom": 1358,
            "right": 348
        },
        "type": "text",
        "id": 68,
        "isClick": false,
        "content": "BABY"
    },
    {
        "location": {
            "left": 366,
            "top": 1297,
            "bottom": 1364,
            "right": 767
        },
        "type": "text",
        "id": 69,
        "isClick": false,
        "content": "REGISTRY"
    },
    {
        "location": {
            "left": 555,
            "top": 1361,
            "bottom": 1384,
            "right": 585
        },
        "type": "text",
        "id": 70,
        "isClick": false,
        "content": "by"
    },
    {
        "location": {
            "left": 595,
            "top": 1347,
            "bottom": 1393,
            "right": 752
        },
        "type": "text",
        "id": 71,
        "isClick": false,
        "content": "amazon"
    },
    {
        "location": {
            "left": 118,
            "top": 1441,
            "bottom": 1490,
            "right": 243
        },
        "type": "text",
        "id": 72,
        "isClick": false,
        "content": "The"
    },
    {
        "location": {
            "left": 268,
            "top": 1442,
            "bottom": 1490,
            "right": 403
        },
        "type": "text",
        "id": 73,
        "isClick": false,
        "content": "best"
    },
    {
        "location": {
            "left": 428,
            "top": 1442,
            "bottom": 1490,
            "right": 715
        },
        "type": "text",
        "id": 74,
        "isClick": false,
        "content": "selection"
    },
    {
        "location": {
            "left": 121,
            "top": 1506,
            "bottom": 1545,
            "right": 219
        },
        "type": "text",
        "id": 75,
        "isClick": false,
        "content": "and"
    },
    {
        "location": {
            "left": 253,
            "top": 1506,
            "bottom": 1551,
            "right": 381
        },
        "type": "text",
        "id": 76,
        "isClick": false,
        "content": "price"
    },
    {
        "location": {
            "left": 119,
            "top": 1560,
            "bottom": 1598,
            "right": 239
        },
        "type": "text",
        "id": 77,
        "isClick": false,
        "content": "from"
    },
    {
        "location": {
            "left": 254,
            "top": 1547,
            "bottom": 1607,
            "right": 353
        },
        "type": "text",
        "id": 78,
        "isClick": false,
        "content": "any"
    },
    {
        "location": {
            "left": 369,
            "top": 1561,
            "bottom": 1598,
            "right": 539
        },
        "type": "text",
        "id": 79,
        "isClick": false,
        "content": "device"
    },
    {
        "location": {
            "left": 170,
            "top": 1712,
            "bottom": 1749,
            "right": 413
        },
        "type": "text",
        "id": 80,
        "isClick": false,
        "content": "all-laundry.com"
    },
    {
        "location": {
            "left": 120,
            "top": 1732,
            "bottom": 1772,
            "right": 157
        },
        "type": "text",
        "id": 81,
        "isClick": false,
        "content": "AX"
    }
]