[
    {
        "content": "=",
        "id": 0,
        "isClick": false,
        "type": "text",
        "location": {
            "left": 49,
            "bottom": 91,
            "right": 97,
            "top": 54
        }
    },
    {
        "content": "instaweather",
        "id": 1,
        "isClick": false,
        "type": "text",
        "location": {
            "left": 161,
            "bottom": 95,
            "right": 461,
            "top": 54
        }
    },
    {
        "content": ".",
        "id": 2,
        "isClick": false,
        "type": "text",
        "location": {
            "left": 946,
            "bottom": 167,
            "right": 950,
            "top": 128
        }
    },
    {
        "content": "Off - line / No weather data",
        "id": 3,
        "isClick": false,
        "type": "text",
        "location": {
            "left": 23,
            "bottom": 216,
            "right": 539,
            "top": 179
        }
    },
    {
        "content": "Try to",
        "id": 4,
        "isClick": false,
        "type": "text",
        "location": {
            "left": 22,
            "bottom": 277,
            "right": 127,
            "top": 237
        }
    },
    {
        "content": "refresh",
        "id": 5,
        "isClick": false,
        "type": "text",
        "location": {
            "left": 144,
            "bottom": 273,
            "right": 278,
            "top": 236
        }
    },
    {
        "content": "internet",
        "id": 6,
        "isClick": false,
        "type": "text",
        "location": {
            "left": 296,
            "bottom": 273,
            "right": 446,
            "top": 234
        }
    },
    {
        "content": "connection",
        "id": 7,
        "isClick": false,
        "type": "text",
        "location": {
            "left": 462,
            "bottom": 272,
            "right": 667,
            "top": 236
        }
    },
    {
        "content": "I'M",
        "id": 8,
        "isClick": false,
        "type": "text",
        "location": {
            "left": 53,
            "bottom": 741,
            "right": 103,
            "top": 704
        }
    },
    {
        "content": "HERE",
        "id": 9,
        "isClick": false,
        "type": "text",
        "location": {
            "left": 120,
            "bottom": 741,
            "right": 207,
            "top": 704
        }
    },
    {
        "content": "8",
        "id": 10,
        "isClick": false,
        "type": "text",
        "location": {
            "left": 87,
            "bottom": 1155,
            "right": 175,
            "top": 1025
        }
    },
    {
        "content": "6:09",
        "id": 11,
        "isClick": false,
        "type": "text",
        "location": {
            "left": 208,
            "bottom": 1155,
            "right": 283,
            "top": 1109
        }
    },
    {
        "content": "AM",
        "id": 12,
        "isClick": false,
        "type": "text",
        "location": {
            "left": 299,
            "bottom": 1155,
            "right": 352,
            "top": 1109
        }
    },
    {
        "content": "23",
        "id": 13,
        "isClick": false,
        "type": "text",
        "location": {
            "left": 371,
            "bottom": 1155,
            "right": 409,
            "top": 1109
        }
    },
    {
        "content": "FEB",
        "id": 14,
        "isClick": false,
        "type": "text",
        "location": {
            "left": 428,
            "bottom": 1155,
            "right": 491,
            "top": 1109
        }
    },
    {
        "content": "Locate",
        "id": 15,
        "isClick": false,
        "type": "text",
        "location": {
            "left": 57,
            "bottom": 1590,
            "right": 132,
            "top": 1572
        }
    },
    {
        "content": "Gallery",
        "id": 16,
        "isClick": false,
        "type": "text",
        "location": {
            "left": 245,
            "bottom": 1595,
            "right": 323,
            "top": 1571
        }
    },
    {
        "content": "Video",
        "id": 17,
        "isClick": false,
        "type": "text",
        "location": {
            "left": 763,
            "bottom": 1591,
            "right": 828,
            "top": 1571
        }
    },
    {
        "content": "Selfie",
        "id": 18,
        "isClick": false,
        "type": "text",
        "location": {
            "left": 954,
            "bottom": 1591,
            "right": 1015,
            "top": 1570
        }
    }
]