[
    {
        "content": "Settings",
        "id": 0,
        "isClick": false,
        "type": "text",
        "location": {
            "left": 159,
            "bottom": 104,
            "right": 348,
            "top": 55
        }
    },
    {
        "content": "Weather",
        "id": 1,
        "isClick": false,
        "type": "text",
        "location": {
            "left": 43,
            "bottom": 228,
            "right": 175,
            "top": 200
        }
    },
    {
        "content": "Temperature",
        "id": 2,
        "isClick": false,
        "type": "text",
        "location": {
            "left": 42,
            "bottom": 337,
            "right": 274,
            "top": 297
        }
    },
    {
        "content": "\u00b0 C",
        "id": 3,
        "isClick": false,
        "type": "text",
        "location": {
            "left": 44,
            "bottom": 379,
            "right": 76,
            "top": 353
        }
    },
    {
        "content": "Distance",
        "id": 4,
        "isClick": false,
        "type": "text",
        "location": {
            "left": 45,
            "bottom": 523,
            "right": 203,
            "top": 490
        }
    },
    {
        "content": "km",
        "id": 5,
        "isClick": false,
        "type": "text",
        "location": {
            "left": 44,
            "bottom": 573,
            "right": 90,
            "top": 545
        }
    },
    {
        "content": "Camera",
        "id": 6,
        "isClick": false,
        "type": "text",
        "location": {
            "left": 44,
            "bottom": 709,
            "right": 167,
            "top": 683
        }
    },
    {
        "content": "Photo",
        "id": 7,
        "isClick": false,
        "type": "text",
        "location": {
            "left": 44,
            "bottom": 816,
            "right": 150,
            "top": 777
        }
    },
    {
        "content": "quality",
        "id": 8,
        "isClick": false,
        "type": "text",
        "location": {
            "left": 164,
            "bottom": 819,
            "right": 286,
            "top": 777
        }
    },
    {
        "content": "Low",
        "id": 9,
        "isClick": false,
        "type": "text",
        "location": {
            "left": 45,
            "bottom": 861,
            "right": 108,
            "top": 835
        }
    },
    {
        "content": "Camera",
        "id": 10,
        "isClick": false,
        "type": "text",
        "location": {
            "left": 44,
            "bottom": 1004,
            "right": 183,
            "top": 971
        }
    },
    {
        "content": "flash",
        "id": 11,
        "isClick": false,
        "type": "text",
        "location": {
            "left": 198,
            "bottom": 1003,
            "right": 284,
            "top": 970
        }
    },
    {
        "content": "Off",
        "id": 12,
        "isClick": false,
        "type": "text",
        "location": {
            "left": 43,
            "bottom": 1055,
            "right": 92,
            "top": 1025
        }
    },
    {
        "content": "Photo Extras",
        "id": 13,
        "isClick": false,
        "type": "text",
        "location": {
            "left": 45,
            "bottom": 1193,
            "right": 248,
            "top": 1163
        }
    },
    {
        "content": "Timestamp",
        "id": 14,
        "isClick": false,
        "type": "text",
        "location": {
            "left": 41,
            "bottom": 1300,
            "right": 253,
            "top": 1260
        }
    },
    {
        "content": "Display timestamp on",
        "id": 15,
        "isClick": false,
        "type": "text",
        "location": {
            "left": 44,
            "bottom": 1349,
            "right": 393,
            "top": 1314
        }
    },
    {
        "content": "screen",
        "id": 16,
        "isClick": false,
        "type": "text",
        "location": {
            "left": 408,
            "bottom": 1345,
            "right": 511,
            "top": 1321
        }
    },
    {
        "content": "Logo",
        "id": 17,
        "isClick": false,
        "type": "text",
        "location": {
            "left": 44,
            "bottom": 1493,
            "right": 132,
            "top": 1455
        }
    },
    {
        "content": "overlay",
        "id": 18,
        "isClick": false,
        "type": "text",
        "location": {
            "left": 147,
            "bottom": 1492,
            "right": 278,
            "top": 1453
        }
    },
    {
        "content": "General",
        "id": 19,
        "isClick": false,
        "type": "text",
        "location": {
            "left": 44,
            "bottom": 1623,
            "right": 166,
            "top": 1595
        }
    },
    {
        "content": "English",
        "id": 20,
        "isClick": false,
        "type": "text",
        "location": {
            "left": 46,
            "bottom": 1731,
            "right": 175,
            "top": 1692
        }
    },
    {
        "content": "names",
        "id": 21,
        "isClick": false,
        "type": "text",
        "location": {
            "left": 192,
            "bottom": 1729,
            "right": 313,
            "top": 1697
        }
    },
    {
        "content": "only",
        "id": 22,
        "isClick": false,
        "type": "text",
        "location": {
            "left": 328,
            "bottom": 1731,
            "right": 403,
            "top": 1692
        }
    }
]