[
    {
        "content": "What's",
        "id": 0,
        "isClick": false,
        "type": "text",
        "location": {
            "left": 770,
            "bottom": 81,
            "right": 919,
            "top": 42
        }
    },
    {
        "content": "New !",
        "id": 1,
        "isClick": false,
        "type": "text",
        "location": {
            "left": 940,
            "bottom": 81,
            "right": 1049,
            "top": 42
        }
    },
    {
        "content": "Webpage",
        "id": 2,
        "isClick": false,
        "type": "text",
        "location": {
            "left": 22,
            "bottom": 208,
            "right": 283,
            "top": 146
        }
    },
    {
        "content": "not",
        "id": 3,
        "isClick": false,
        "type": "text",
        "location": {
            "left": 302,
            "bottom": 201,
            "right": 391,
            "top": 152
        }
    },
    {
        "content": "available",
        "id": 4,
        "isClick": false,
        "type": "text",
        "location": {
            "left": 409,
            "bottom": 201,
            "right": 659,
            "top": 146
        }
    },
    {
        "content": "The webpage",
        "id": 5,
        "isClick": false,
        "type": "text",
        "location": {
            "left": 22,
            "bottom": 308,
            "right": 269,
            "top": 268
        }
    },
    {
        "content": "at",
        "id": 6,
        "isClick": false,
        "type": "text",
        "location": {
            "left": 284,
            "bottom": 304,
            "right": 316,
            "top": 273
        }
    },
    {
        "content": "https : //d39odr\u00e1svtap5b.cloudfront.net/psh/htmls/psh_ir",
        "id": 7,
        "isClick": false,
        "type": "text",
        "location": {
            "left": 21,
            "bottom": 358,
            "right": 1079,
            "top": 319
        }
    },
    {
        "content": "could",
        "id": 8,
        "isClick": false,
        "type": "text",
        "location": {
            "left": 22,
            "bottom": 399,
            "right": 121,
            "top": 369
        }
    },
    {
        "content": "not",
        "id": 9,
        "isClick": false,
        "type": "text",
        "location": {
            "left": 138,
            "bottom": 399,
            "right": 193,
            "top": 372
        }
    },
    {
        "content": "be",
        "id": 10,
        "isClick": false,
        "type": "text",
        "location": {
            "left": 208,
            "bottom": 399,
            "right": 249,
            "top": 369
        }
    },
    {
        "content": "loaded",
        "id": 11,
        "isClick": false,
        "type": "text",
        "location": {
            "left": 264,
            "bottom": 399,
            "right": 385,
            "top": 369
        }
    },
    {
        "content": "because :",
        "id": 12,
        "isClick": false,
        "type": "text",
        "location": {
            "left": 402,
            "bottom": 399,
            "right": 563,
            "top": 369
        }
    },
    {
        "content": "net :: ERR_NAME_NOT_RESOLVED",
        "id": 13,
        "isClick": false,
        "type": "text",
        "location": {
            "left": 24,
            "bottom": 495,
            "right": 635,
            "top": 462
        }
    }
]