[
    {
        "content": "FAK",
        "id": 0,
        "isClick": false,
        "type": "text",
        "location": {
            "left": 154,
            "bottom": 26,
            "right": 192,
            "top": 12
        }
    },
    {
        "content": "5",
        "id": 1,
        "isClick": false,
        "type": "text",
        "location": {
            "left": 943,
            "bottom": 48,
            "right": 966,
            "top": 12
        }
    },
    {
        "content": "6:14",
        "id": 2,
        "isClick": false,
        "type": "text",
        "location": {
            "left": 988,
            "bottom": 49,
            "right": 1057,
            "top": 17
        }
    },
    {
        "content": "8",
        "id": 3,
        "isClick": false,
        "type": "text",
        "location": {
            "left": 33,
            "bottom": 48,
            "right": 58,
            "top": 12
        }
    },
    {
        "content": "0",
        "id": 4,
        "isClick": false,
        "type": "text",
        "location": {
            "left": 91,
            "bottom": 49,
            "right": 129,
            "top": 12
        }
    },
    {
        "content": "instaweather",
        "id": 5,
        "isClick": false,
        "type": "text",
        "location": {
            "left": 161,
            "bottom": 94,
            "right": 461,
            "top": 63
        }
    },
    {
        "content": "Off - line /",
        "id": 6,
        "isClick": false,
        "type": "text",
        "location": {
            "left": 24,
            "bottom": 215,
            "right": 203,
            "top": 180
        }
    },
    {
        "content": "No weather",
        "id": 7,
        "isClick": false,
        "type": "text",
        "location": {
            "left": 218,
            "bottom": 215,
            "right": 443,
            "top": 183
        }
    },
    {
        "content": "data",
        "id": 8,
        "isClick": false,
        "type": "text",
        "location": {
            "left": 458,
            "bottom": 215,
            "right": 539,
            "top": 182
        }
    },
    {
        "content": "Try to",
        "id": 9,
        "isClick": false,
        "type": "text",
        "location": {
            "left": 22,
            "bottom": 277,
            "right": 127,
            "top": 238
        }
    },
    {
        "content": "refresh",
        "id": 10,
        "isClick": false,
        "type": "text",
        "location": {
            "left": 144,
            "bottom": 271,
            "right": 278,
            "top": 237
        }
    },
    {
        "content": "internet",
        "id": 11,
        "isClick": false,
        "type": "text",
        "location": {
            "left": 296,
            "bottom": 270,
            "right": 446,
            "top": 238
        }
    },
    {
        "content": "connection",
        "id": 12,
        "isClick": false,
        "type": "text",
        "location": {
            "left": 462,
            "bottom": 270,
            "right": 667,
            "top": 238
        }
    },
    {
        "content": "I'M",
        "id": 13,
        "isClick": false,
        "type": "text",
        "location": {
            "left": 53,
            "bottom": 741,
            "right": 103,
            "top": 704
        }
    },
    {
        "content": "HERE",
        "id": 14,
        "isClick": false,
        "type": "text",
        "location": {
            "left": 120,
            "bottom": 741,
            "right": 207,
            "top": 704
        }
    },
    {
        "content": "f",
        "id": 15,
        "isClick": false,
        "type": "text",
        "location": {
            "left": 64,
            "bottom": 1186,
            "right": 99,
            "top": 1139
        }
    },
    {
        "content": "Share",
        "id": 16,
        "isClick": false,
        "type": "text",
        "location": {
            "left": 190,
            "bottom": 1179,
            "right": 305,
            "top": 1144
        }
    },
    {
        "content": "with",
        "id": 17,
        "isClick": false,
        "type": "text",
        "location": {
            "left": 322,
            "bottom": 1179,
            "right": 405,
            "top": 1144
        }
    },
    {
        "content": "Facebook",
        "id": 18,
        "isClick": false,
        "type": "text",
        "location": {
            "left": 424,
            "bottom": 1179,
            "right": 623,
            "top": 1144
        }
    },
    {
        "content": "JUST ONCE",
        "id": 19,
        "isClick": false,
        "type": "text",
        "location": {
            "left": 618,
            "bottom": 1343,
            "right": 810,
            "top": 1317
        }
    },
    {
        "content": "ALWAYS",
        "id": 20,
        "isClick": true,
        "type": "text",
        "location": {
            "left": 876,
            "bottom": 1343,
            "right": 1014,
            "top": 1316
        }
    },
    {
        "content": "Use",
        "id": 21,
        "isClick": false,
        "type": "text",
        "location": {
            "left": 44,
            "bottom": 1510,
            "right": 120,
            "top": 1473
        }
    },
    {
        "content": "a",
        "id": 22,
        "isClick": false,
        "type": "text",
        "location": {
            "left": 136,
            "bottom": 1509,
            "right": 156,
            "top": 1482
        }
    },
    {
        "content": "different",
        "id": 23,
        "isClick": false,
        "type": "text",
        "location": {
            "left": 173,
            "bottom": 1513,
            "right": 346,
            "top": 1471
        }
    },
    {
        "content": "app",
        "id": 24,
        "isClick": false,
        "type": "text",
        "location": {
            "left": 362,
            "bottom": 1516,
            "right": 436,
            "top": 1481
        }
    },
    {
        "content": "Fake",
        "id": 25,
        "isClick": false,
        "type": "text",
        "location": {
            "left": 192,
            "bottom": 1655,
            "right": 285,
            "top": 1618
        }
    },
    {
        "content": "GPS",
        "id": 26,
        "isClick": false,
        "type": "text",
        "location": {
            "left": 302,
            "bottom": 1655,
            "right": 387,
            "top": 1618
        }
    },
    {
        "content": "-",
        "id": 27,
        "isClick": false,
        "type": "text",
        "location": {
            "left": 402,
            "bottom": 1644,
            "right": 413,
            "top": 1638
        }
    },
    {
        "content": "Search",
        "id": 28,
        "isClick": false,
        "type": "text",
        "location": {
            "left": 428,
            "bottom": 1655,
            "right": 567,
            "top": 1618
        }
    },
    {
        "content": "location",
        "id": 29,
        "isClick": false,
        "type": "text",
        "location": {
            "left": 586,
            "bottom": 1655,
            "right": 747,
            "top": 1618
        }
    },
    {
        "content": "Android",
        "id": 30,
        "isClick": false,
        "type": "text",
        "location": {
            "left": 194,
            "bottom": 1799,
            "right": 347,
            "top": 1764
        }
    },
    {
        "content": "Beam",
        "id": 31,
        "isClick": false,
        "type": "text",
        "location": {
            "left": 370,
            "bottom": 1801,
            "right": 465,
            "top": 1767
        }
    },
    {
        "content": "O",
        "id": 32,
        "isClick": false,
        "type": "text",
        "location": {
            "left": 516,
            "bottom": 1881,
            "right": 563,
            "top": 1834
        }
    }
]