[
    {
        "content": "FAK",
        "location": {
            "bottom": 25,
            "top": 11,
            "left": 469,
            "right": 507
        },
        "id": 0,
        "isClick": false,
        "type": "text"
    },
    {
        "content": "f",
        "location": {
            "bottom": 51,
            "top": 13,
            "left": 29,
            "right": 62
        },
        "id": 1,
        "isClick": false,
        "type": "text"
    },
    {
        "content": "f",
        "location": {
            "bottom": 51,
            "top": 14,
            "left": 110,
            "right": 121
        },
        "id": 2,
        "isClick": false,
        "type": "text"
    },
    {
        "content": "f",
        "location": {
            "bottom": 50,
            "top": 14,
            "left": 174,
            "right": 185
        },
        "id": 3,
        "isClick": false,
        "type": "text"
    },
    {
        "content": "f",
        "location": {
            "bottom": 50,
            "top": 14,
            "left": 219,
            "right": 252
        },
        "id": 4,
        "isClick": false,
        "type": "text"
    },
    {
        "content": "of",
        "location": {
            "bottom": 51,
            "top": 11,
            "left": 287,
            "right": 378
        },
        "id": 5,
        "isClick": false,
        "type": "text"
    },
    {
        "content": "f",
        "location": {
            "bottom": 48,
            "top": 14,
            "left": 345,
            "right": 378
        },
        "id": 6,
        "isClick": false,
        "type": "text"
    },
    {
        "content": "0",
        "location": {
            "bottom": 48,
            "top": 15,
            "left": 410,
            "right": 439
        },
        "id": 7,
        "isClick": false,
        "type": "text"
    },
    {
        "content": "7:42",
        "location": {
            "bottom": 48,
            "top": 17,
            "left": 986,
            "right": 1055
        },
        "id": 8,
        "isClick": false,
        "type": "text"
    },
    {
        "content": "Join",
        "location": {
            "bottom": 157,
            "top": 118,
            "left": 174,
            "right": 272
        },
        "id": 9,
        "isClick": false,
        "type": "text"
    },
    {
        "content": "now",
        "location": {
            "bottom": 161,
            "top": 128,
            "left": 290,
            "right": 385
        },
        "id": 10,
        "isClick": false,
        "type": "text"
    },
    {
        "content": "Email",
        "location": {
            "bottom": 353,
            "top": 322,
            "left": 66,
            "right": 151
        },
        "id": 11,
        "isClick": false,
        "type": "text"
    },
    {
        "content": "appcrawler4@gmail.com",
        "location": {
            "bottom": 361,
            "top": 323,
            "left": 504,
            "right": 900
        },
        "id": 12,
        "isClick": false,
        "type": "text"
    },
    {
        "content": "Password",
        "location": {
            "bottom": 486,
            "top": 455,
            "left": 65,
            "right": 222
        },
        "id": 13,
        "isClick": false,
        "type": "text"
    },
    {
        "content": ".........",
        "location": {
            "bottom": 473,
            "top": 465,
            "left": 506,
            "right": 608
        },
        "id": 14,
        "isClick": false,
        "type": "text"
    },
    {
        "content": "Name",
        "location": {
            "bottom": 617,
            "top": 588,
            "left": 66,
            "right": 159
        },
        "id": 15,
        "isClick": false,
        "type": "text"
    },
    {
        "content": "John Smith",
        "location": {
            "bottom": 617,
            "top": 586,
            "left": 505,
            "right": 685
        },
        "id": 16,
        "isClick": false,
        "type": "text"
    },
    {
        "content": "Gender",
        "location": {
            "bottom": 749,
            "top": 719,
            "left": 65,
            "right": 179
        },
        "id": 17,
        "isClick": false,
        "type": "text"
    },
    {
        "content": "Age",
        "location": {
            "bottom": 884,
            "top": 852,
            "left": 63,
            "right": 124
        },
        "id": 18,
        "isClick": false,
        "type": "text"
    },
    {
        "content": "24",
        "location": {
            "bottom": 883,
            "top": 849,
            "left": 486,
            "right": 530
        },
        "id": 19,
        "isClick": false,
        "type": "text"
    },
    {
        "content": "2",
        "location": {
            "bottom": 1162,
            "top": 1074,
            "left": 250,
            "right": 278
        },
        "id": 20,
        "isClick": false,
        "type": "text"
    },
    {
        "content": "825",
        "location": {
            "bottom": 1155,
            "top": 1126,
            "left": 726,
            "right": 785
        },
        "id": 21,
        "isClick": false,
        "type": "text"
    },
    {
        "content": "sahi",
        "location": {
            "bottom": 1233,
            "top": 1214,
            "left": 238,
            "right": 289
        },
        "id": 22,
        "isClick": false,
        "type": "text"
    },
    {
        "content": "am",
        "location": {
            "bottom": 1233,
            "top": 1216,
            "left": 321,
            "right": 350
        },
        "id": 23,
        "isClick": false,
        "type": "text"
    },
    {
        "content": "Refresh",
        "location": {
            "bottom": 1273,
            "top": 1250,
            "left": 64,
            "right": 152
        },
        "id": 24,
        "isClick": false,
        "type": "text"
    },
    {
        "content": "picture",
        "location": {
            "bottom": 1278,
            "top": 1251,
            "left": 161,
            "right": 240
        },
        "id": 25,
        "isClick": false,
        "type": "text"
    },
    {
        "content": "Join",
        "location": {
            "bottom": 1432,
            "top": 1395,
            "left": 456,
            "right": 534
        },
        "id": 26,
        "isClick": false,
        "type": "text"
    },
    {
        "content": "now",
        "location": {
            "bottom": 1433,
            "top": 1401,
            "left": 548,
            "right": 623
        },
        "id": 27,
        "isClick": true,
        "type": "text"
    }
]