[
    {
        "content": "ffff",
        "location": {
            "bottom": 54,
            "top": 13,
            "left": 30,
            "right": 253
        },
        "id": 0,
        "isClick": false,
        "type": "text"
    },
    {
        "content": "of",
        "location": {
            "bottom": 56,
            "top": 11,
            "left": 286,
            "right": 381
        },
        "id": 1,
        "isClick": false,
        "type": "text"
    },
    {
        "content": "ou",
        "location": {
            "bottom": 57,
            "top": 9,
            "left": 350,
            "right": 632
        },
        "id": 2,
        "isClick": false,
        "type": "text"
    },
    {
        "content": "4",
        "location": {
            "bottom": 49,
            "top": 14,
            "left": 781,
            "right": 805
        },
        "id": 3,
        "isClick": false,
        "type": "text"
    },
    {
        "content": "57:43",
        "location": {
            "bottom": 48,
            "top": 11,
            "left": 942,
            "right": 1056
        },
        "id": 4,
        "isClick": false,
        "type": "text"
    },
    {
        "content": "Log",
        "location": {
            "bottom": 161,
            "top": 115,
            "left": 315,
            "right": 387
        },
        "id": 5,
        "isClick": false,
        "type": "text"
    },
    {
        "content": "in",
        "location": {
            "bottom": 153,
            "top": 113,
            "left": 405,
            "right": 436
        },
        "id": 6,
        "isClick": false,
        "type": "text"
    },
    {
        "content": "with",
        "location": {
            "bottom": 153,
            "top": 113,
            "left": 453,
            "right": 542
        },
        "id": 7,
        "isClick": false,
        "type": "text"
    },
    {
        "content": "Facebook",
        "location": {
            "bottom": 153,
            "top": 113,
            "left": 561,
            "right": 762
        },
        "id": 8,
        "isClick": false,
        "type": "text"
    },
    {
        "content": "Continue",
        "location": {
            "bottom": 814,
            "top": 769,
            "left": 340,
            "right": 543
        },
        "id": 9,
        "isClick": false,
        "type": "text"
    },
    {
        "content": "as",
        "location": {
            "bottom": 814,
            "top": 782,
            "left": 562,
            "right": 611
        },
        "id": 10,
        "isClick": false,
        "type": "text"
    },
    {
        "content": "John",
        "location": {
            "bottom": 814,
            "top": 771,
            "left": 629,
            "right": 740
        },
        "id": 11,
        "isClick": false,
        "type": "text"
    },
    {
        "content": "Flirchi will",
        "location": {
            "bottom": 920,
            "top": 888,
            "left": 382,
            "right": 553
        },
        "id": 12,
        "isClick": false,
        "type": "text"
    },
    {
        "content": "receive :",
        "location": {
            "bottom": 921,
            "top": 889,
            "left": 570,
            "right": 699
        },
        "id": 13,
        "isClick": false,
        "type": "text"
    },
    {
        "content": "your",
        "location": {
            "bottom": 976,
            "top": 945,
            "left": 379,
            "right": 452
        },
        "id": 14,
        "isClick": false,
        "type": "text"
    },
    {
        "content": "public profile .",
        "location": {
            "bottom": 976,
            "top": 937,
            "left": 467,
            "right": 696
        },
        "id": 15,
        "isClick": false,
        "type": "text"
    },
    {
        "content": "Learn More",
        "location": {
            "bottom": 1071,
            "top": 1039,
            "left": 476,
            "right": 672
        },
        "id": 16,
        "isClick": false,
        "type": "text"
    },
    {
        "content": "Continue",
        "location": {
            "bottom": 1504,
            "top": 1474,
            "left": 470,
            "right": 612
        },
        "id": 17,
        "isClick": true,
        "type": "text"
    },
    {
        "content": "This doesn't let the app post to Facebook .",
        "location": {
            "bottom": 1676,
            "top": 1641,
            "left": 249,
            "right": 877
        },
        "id": 18,
        "isClick": false,
        "type": "text"
    }
]