[
    {
        "content": "FAK",
        "location": {
            "bottom": 25,
            "top": 11,
            "left": 469,
            "right": 507
        },
        "id": 0,
        "isClick": false,
        "type": "text"
    },
    {
        "content": "f",
        "location": {
            "bottom": 51,
            "top": 13,
            "left": 29,
            "right": 62
        },
        "id": 1,
        "isClick": false,
        "type": "text"
    },
    {
        "content": "f",
        "location": {
            "bottom": 51,
            "top": 14,
            "left": 109,
            "right": 120
        },
        "id": 2,
        "isClick": false,
        "type": "text"
    },
    {
        "content": "f",
        "location": {
            "bottom": 50,
            "top": 14,
            "left": 174,
            "right": 185
        },
        "id": 3,
        "isClick": false,
        "type": "text"
    },
    {
        "content": "f",
        "location": {
            "bottom": 50,
            "top": 14,
            "left": 219,
            "right": 252
        },
        "id": 4,
        "isClick": false,
        "type": "text"
    },
    {
        "content": "of",
        "location": {
            "bottom": 51,
            "top": 11,
            "left": 287,
            "right": 378
        },
        "id": 5,
        "isClick": false,
        "type": "text"
    },
    {
        "content": "O",
        "location": {
            "bottom": 49,
            "top": 15,
            "left": 418,
            "right": 429
        },
        "id": 6,
        "isClick": false,
        "type": "text"
    },
    {
        "content": "7:44",
        "location": {
            "bottom": 48,
            "top": 17,
            "left": 987,
            "right": 1057
        },
        "id": 7,
        "isClick": false,
        "type": "text"
    },
    {
        "content": "Enter",
        "location": {
            "bottom": 156,
            "top": 119,
            "left": 176,
            "right": 294
        },
        "id": 8,
        "isClick": false,
        "type": "text"
    },
    {
        "content": "with",
        "location": {
            "bottom": 156,
            "top": 117,
            "left": 311,
            "right": 404
        },
        "id": 9,
        "isClick": false,
        "type": "text"
    },
    {
        "content": "social",
        "location": {
            "bottom": 156,
            "top": 117,
            "left": 423,
            "right": 556
        },
        "id": 10,
        "isClick": false,
        "type": "text"
    },
    {
        "content": "Log in with",
        "location": {
            "bottom": 411,
            "top": 369,
            "left": 366,
            "right": 541
        },
        "id": 11,
        "isClick": false,
        "type": "text"
    },
    {
        "content": "Facebook",
        "location": {
            "bottom": 408,
            "top": 372,
            "left": 555,
            "right": 713
        },
        "id": 12,
        "isClick": false,
        "type": "text"
    },
    {
        "content": "Enter with social VK",
        "location": {
            "bottom": 583,
            "top": 552,
            "left": 379,
            "right": 703
        },
        "id": 13,
        "isClick": false,
        "type": "text"
    },
    {
        "content": "Enter with social",
        "location": {
            "bottom": 752,
            "top": 716,
            "left": 345,
            "right": 610
        },
        "id": 14,
        "isClick": false,
        "type": "text"
    },
    {
        "content": "Mail.ru",
        "location": {
            "bottom": 752,
            "top": 715,
            "left": 625,
            "right": 735
        },
        "id": 15,
        "isClick": false,
        "type": "text"
    },
    {
        "content": "Enter w",
        "location": {
            "bottom": 914,
            "top": 885,
            "left": 342,
            "right": 459
        },
        "id": 16,
        "isClick": false,
        "type": "text"
    },
    {
        "content": "ch social Yandex",
        "location": {
            "bottom": 913,
            "top": 878,
            "left": 474,
            "right": 739
        },
        "id": 17,
        "isClick": false,
        "type": "text"
    },
    {
        "content": "We take",
        "location": {
            "bottom": 1216,
            "top": 1174,
            "left": 222,
            "right": 385
        },
        "id": 18,
        "isClick": false,
        "type": "text"
    },
    {
        "content": "your",
        "location": {
            "bottom": 1222,
            "top": 1185,
            "left": 400,
            "right": 491
        },
        "id": 19,
        "isClick": false,
        "type": "text"
    },
    {
        "content": "privacy",
        "location": {
            "bottom": 1222,
            "top": 1176,
            "left": 506,
            "right": 651
        },
        "id": 20,
        "isClick": false,
        "type": "text"
    },
    {
        "content": "very",
        "location": {
            "bottom": 1224,
            "top": 1185,
            "left": 666,
            "right": 749
        },
        "id": 21,
        "isClick": false,
        "type": "text"
    },
    {
        "content": "seriously",
        "location": {
            "bottom": 1223,
            "top": 1174,
            "left": 766,
            "right": 949
        },
        "id": 22,
        "isClick": false,
        "type": "text"
    },
    {
        "content": "Nothing will be published without your prior permission .",
        "location": {
            "bottom": 1425,
            "top": 1392,
            "left": 228,
            "right": 998
        },
        "id": 23,
        "isClick": false,
        "type": "text"
    },
    {
        "content": "Your exact location is not shown to other users .",
        "location": {
            "bottom": 1528,
            "top": 1497,
            "left": 226,
            "right": 885
        },
        "id": 24,
        "isClick": false,
        "type": "text"
    }
]