[
    {
        "location": {
            "left": 406,
            "top": 11,
            "bottom": 25,
            "right": 440
        },
        "type": "text",
        "id": 0,
        "isClick": false,
        "content": "FAK"
    },
    {
        "location": {
            "left": 98,
            "top": 10,
            "bottom": 56,
            "right": 245
        },
        "type": "text",
        "id": 1,
        "isClick": false,
        "content": "Lii"
    },
    {
        "location": {
            "left": 474,
            "top": 12,
            "bottom": 47,
            "right": 497
        },
        "type": "text",
        "id": 2,
        "isClick": false,
        "content": "A"
    },
    {
        "location": {
            "left": 778,
            "top": 13,
            "bottom": 49,
            "right": 803
        },
        "type": "text",
        "id": 3,
        "isClick": false,
        "content": "4"
    },
    {
        "location": {
            "left": 942,
            "top": 12,
            "bottom": 49,
            "right": 1056
        },
        "type": "text",
        "id": 4,
        "isClick": false,
        "content": "52:30"
    },
    {
        "location": {
            "left": 211,
            "top": 569,
            "bottom": 689,
            "right": 823
        },
        "type": "text",
        "id": 5,
        "isClick": false,
        "content": "SEARCH"
    },
    {
        "location": {
            "left": 398,
            "top": 752,
            "bottom": 871,
            "right": 689
        },
        "type": "text",
        "id": 6,
        "isClick": false,
        "content": "FOR"
    },
    {
        "location": {
            "left": 448,
            "top": 1018,
            "bottom": 1066,
            "right": 501
        },
        "type": "text",
        "id": 7,
        "isClick": false,
        "content": "all"
    },
    {
        "location": {
            "left": 526,
            "top": 1017,
            "bottom": 1067,
            "right": 755
        },
        "type": "text",
        "id": 8,
        "isClick": false,
        "content": "inclusive"
    },
    {
        "location": {
            "left": 428,
            "top": 1689,
            "bottom": 1726,
            "right": 483
        },
        "type": "text",
        "id": 9,
        "isClick": true,
        "content": "No"
    },
    {
        "location": {
            "left": 498,
            "top": 1689,
            "bottom": 1727,
            "right": 651
        },
        "type": "text",
        "id": 10,
        "isClick": true,
        "content": "Thanks"
    }
]