[
    {
        "content": "FAK",
        "id": 0,
        "isClick": false,
        "type": "text",
        "location": {
            "left": 595,
            "bottom": 26,
            "right": 626,
            "top": 12
        }
    },
    {
        "content": "fi",
        "id": 1,
        "isClick": false,
        "type": "text",
        "location": {
            "left": 93,
            "bottom": 53,
            "right": 192,
            "top": 9
        }
    },
    {
        "content": "filo",
        "id": 2,
        "isClick": false,
        "type": "text",
        "location": {
            "left": 222,
            "bottom": 57,
            "right": 448,
            "top": 9
        }
    },
    {
        "content": "*",
        "id": 3,
        "isClick": false,
        "type": "text",
        "location": {
            "left": 789,
            "bottom": 49,
            "right": 793,
            "top": 10
        }
    },
    {
        "content": "7:46",
        "id": 4,
        "isClick": false,
        "type": "text",
        "location": {
            "left": 988,
            "bottom": 46,
            "right": 1056,
            "top": 17
        }
    },
    {
        "content": "FLV",
        "id": 5,
        "isClick": false,
        "type": "text",
        "location": {
            "left": 45,
            "bottom": 161,
            "right": 125,
            "top": 114
        }
    },
    {
        "content": "Video",
        "id": 6,
        "isClick": false,
        "type": "text",
        "location": {
            "left": 141,
            "bottom": 160,
            "right": 273,
            "top": 113
        }
    },
    {
        "content": "Player",
        "id": 7,
        "isClick": false,
        "type": "text",
        "location": {
            "left": 291,
            "bottom": 169,
            "right": 435,
            "top": 116
        }
    },
    {
        "content": "RATE",
        "id": 8,
        "isClick": false,
        "type": "text",
        "location": {
            "left": 972,
            "bottom": 151,
            "right": 1057,
            "top": 123
        }
    },
    {
        "content": "VIDEOS",
        "id": 9,
        "isClick": false,
        "type": "text",
        "location": {
            "left": 32,
            "bottom": 287,
            "right": 156,
            "top": 261
        }
    },
    {
        "content": "FLVS",
        "id": 10,
        "isClick": false,
        "type": "text",
        "location": {
            "left": 246,
            "bottom": 287,
            "right": 324,
            "top": 261
        }
    },
    {
        "content": "ONLINE",
        "id": 11,
        "isClick": false,
        "type": "text",
        "location": {
            "left": 413,
            "bottom": 288,
            "right": 537,
            "top": 258
        }
    },
    {
        "content": "FOLDERS",
        "id": 12,
        "isClick": true,
        "type": "text",
        "location": {
            "left": 606,
            "bottom": 287,
            "right": 758,
            "top": 261
        }
    },
    {
        "content": "BOOKMARKS",
        "id": 13,
        "isClick": false,
        "type": "text",
        "location": {
            "left": 826,
            "bottom": 288,
            "right": 1044,
            "top": 258
        }
    },
    {
        "content": "You",
        "id": 14,
        "isClick": false,
        "type": "text",
        "location": {
            "left": 69,
            "bottom": 400,
            "right": 138,
            "top": 364
        }
    },
    {
        "content": "don't have any videos",
        "id": 15,
        "isClick": false,
        "type": "text",
        "location": {
            "left": 153,
            "bottom": 403,
            "right": 552,
            "top": 363
        }
    },
    {
        "content": "bookmarked .",
        "id": 16,
        "isClick": false,
        "type": "text",
        "location": {
            "left": 567,
            "bottom": 401,
            "right": 809,
            "top": 363
        }
    },
    {
        "content": "Select the",
        "id": 17,
        "isClick": false,
        "type": "text",
        "location": {
            "left": 825,
            "bottom": 400,
            "right": 1010,
            "top": 363
        }
    },
    {
        "content": "videos you want to",
        "id": 18,
        "isClick": false,
        "type": "text",
        "location": {
            "left": 87,
            "bottom": 453,
            "right": 435,
            "top": 412
        }
    },
    {
        "content": "bookmark in the ' Videos ' tab",
        "id": 19,
        "isClick": false,
        "type": "text",
        "location": {
            "left": 450,
            "bottom": 449,
            "right": 978,
            "top": 411
        }
    },
    {
        "content": ".",
        "id": 20,
        "isClick": false,
        "type": "text",
        "location": {
            "left": 983,
            "bottom": 446,
            "right": 989,
            "top": 435
        }
    },
    {
        "content": "Work When You Want Be Your Own Boss .",
        "id": 21,
        "isClick": false,
        "type": "text",
        "location": {
            "left": 265,
            "bottom": 1702,
            "right": 797,
            "top": 1680
        }
    },
    {
        "content": "14",
        "id": 22,
        "isClick": false,
        "type": "text",
        "location": {
            "left": 867,
            "bottom": 1760,
            "right": 918,
            "top": 1697
        }
    }
]