[
    {
        "content": "FAK",
        "id": 0,
        "isClick": false,
        "type": "text",
        "location": {
            "left": 154,
            "bottom": 26,
            "right": 191,
            "top": 11
        }
    },
    {
        "content": "\u0430",
        "id": 1,
        "isClick": false,
        "type": "text",
        "location": {
            "left": 223,
            "bottom": 47,
            "right": 246,
            "top": 14
        }
    },
    {
        "content": "6:39",
        "id": 2,
        "isClick": false,
        "type": "text",
        "location": {
            "left": 988,
            "bottom": 49,
            "right": 1056,
            "top": 17
        }
    },
    {
        "content": ".",
        "id": 3,
        "isClick": false,
        "type": "text",
        "location": {
            "left": 23,
            "bottom": 160,
            "right": 83,
            "top": 82
        }
    },
    {
        "content": "\u0442\u044f\u043d",
        "id": 4,
        "isClick": false,
        "type": "text",
        "location": {
            "left": 272,
            "bottom": 159,
            "right": 563,
            "top": 87
        }
    },
    {
        "content": ":",
        "id": 5,
        "isClick": false,
        "type": "text",
        "location": {
            "left": 1019,
            "bottom": 145,
            "right": 1024,
            "top": 101
        }
    },
    {
        "content": "\u0410\u0437",
        "id": 6,
        "isClick": false,
        "type": "text",
        "location": {
            "left": 639,
            "bottom": 269,
            "right": 786,
            "top": 216
        }
    },
    {
        "content": "4",
        "id": 7,
        "isClick": false,
        "type": "text",
        "location": {
            "left": 169,
            "bottom": 407,
            "right": 197,
            "top": 328
        }
    },
    {
        "content": "\u041e\u041e\u0442",
        "id": 8,
        "isClick": true,
        "type": "text",
        "location": {
            "left": 375,
            "bottom": 410,
            "right": 679,
            "top": 312
        }
    },
    {
        "content": "G",
        "id": 9,
        "isClick": false,
        "type": "text",
        "location": {
            "left": 418,
            "bottom": 782,
            "right": 444,
            "top": 750
        }
    },
    {
        "content": "G",
        "id": 10,
        "isClick": false,
        "type": "text",
        "location": {
            "left": 605,
            "bottom": 783,
            "right": 630,
            "top": 750
        }
    },
    {
        "content": "F",
        "id": 11,
        "isClick": false,
        "type": "text",
        "location": {
            "left": 344,
            "bottom": 971,
            "right": 364,
            "top": 939
        }
    },
    {
        "content": "\u0421",
        "id": 12,
        "isClick": false,
        "type": "text",
        "location": {
            "left": 529,
            "bottom": 972,
            "right": 553,
            "top": 939
        }
    },
    {
        "content": "F",
        "id": 13,
        "isClick": false,
        "type": "text",
        "location": {
            "left": 344,
            "bottom": 1037,
            "right": 364,
            "top": 1005
        }
    },
    {
        "content": "C",
        "id": 14,
        "isClick": false,
        "type": "text",
        "location": {
            "left": 529,
            "bottom": 1038,
            "right": 553,
            "top": 1005
        }
    },
    {
        "content": "F",
        "id": 15,
        "isClick": false,
        "type": "text",
        "location": {
            "left": 710,
            "bottom": 1035,
            "right": 729,
            "top": 1006
        }
    },
    {
        "content": "G",
        "id": 16,
        "isClick": false,
        "type": "text",
        "location": {
            "left": 419,
            "bottom": 1227,
            "right": 443,
            "top": 1194
        }
    },
    {
        "content": "G",
        "id": 17,
        "isClick": false,
        "type": "text",
        "location": {
            "left": 605,
            "bottom": 1227,
            "right": 629,
            "top": 1194
        }
    }
]