[
    {
        "id": 0,
        "location": {
            "bottom": 126,
            "right": 517,
            "top": 39,
            "left": 276
        },
        "type": "text",
        "isClick": false,
        "content": "Cumhe"
    },
    {
        "id": 1,
        "location": {
            "bottom": 121,
            "right": 809,
            "top": 65,
            "left": 531
        },
        "type": "text",
        "isClick": false,
        "content": "center"
    },
    {
        "id": 2,
        "location": {
            "bottom": 101,
            "right": 1038,
            "top": 62,
            "left": 1004
        },
        "type": "text",
        "isClick": false,
        "content": "\u00d6"
    },
    {
        "id": 3,
        "location": {
            "bottom": 243,
            "right": 383,
            "top": 209,
            "left": 157
        },
        "type": "text",
        "isClick": false,
        "content": "My Magazines"
    },
    {
        "id": 4,
        "location": {
            "bottom": 236,
            "right": 849,
            "top": 209,
            "left": 767
        },
        "type": "text",
        "isClick": true,
        "content": "Store"
    },
    {
        "id": 5,
        "location": {
            "bottom": 302,
            "right": 66,
            "top": 297,
            "left": 37
        },
        "type": "text",
        "isClick": false,
        "content": "View"
    },
    {
        "id": 6,
        "location": {
            "bottom": 310,
            "right": 70,
            "top": 301,
            "left": 27
        },
        "type": "text",
        "isClick": false,
        "content": "RESIDENT EVIL"
    },
    {
        "id": 7,
        "location": {
            "bottom": 302,
            "right": 142,
            "top": 297,
            "left": 115
        },
        "type": "text",
        "isClick": false,
        "content": "PE VW"
    },
    {
        "id": 8,
        "location": {
            "bottom": 308,
            "right": 145,
            "top": 302,
            "left": 111
        },
        "type": "text",
        "isClick": false,
        "content": "FOR WONDE"
    },
    {
        "id": 9,
        "location": {
            "bottom": 303,
            "right": 207,
            "top": 297,
            "left": 202
        },
        "type": "text",
        "isClick": false,
        "content": "VI"
    },
    {
        "id": 10,
        "location": {
            "bottom": 303,
            "right": 284,
            "top": 297,
            "left": 267
        },
        "type": "text",
        "isClick": false,
        "content": "STRAT"
    },
    {
        "id": 11,
        "location": {
            "bottom": 310,
            "right": 315,
            "top": 302,
            "left": 175
        },
        "type": "text",
        "isClick": false,
        "content": "POKEMON SUN / HOON PLAYSTATION 4 PRO"
    },
    {
        "id": 12,
        "location": {
            "bottom": 368,
            "right": 311,
            "top": 314,
            "left": 24
        },
        "type": "text",
        "isClick": false,
        "content": "Gammecenter"
    },
    {
        "id": 13,
        "location": {
            "bottom": 366,
            "right": 309,
            "top": 360,
            "left": 74
        },
        "type": "text",
        "isClick": false,
        "content": "THE LATEST NEWS , REVIEWS , PREVIEWS , AND PLAYING TIPS INSIDE"
    },
    {
        "id": 14,
        "location": {
            "bottom": 415,
            "right": 670,
            "top": 394,
            "left": 553
        },
        "type": "text",
        "isClick": false,
        "content": "ISSUE - 46"
    },
    {
        "id": 15,
        "location": {
            "bottom": 452,
            "right": 33,
            "top": 444,
            "left": 24
        },
        "type": "text",
        "isClick": false,
        "content": "\u0bae\u0ba9"
    },
    {
        "id": 16,
        "location": {
            "bottom": 448,
            "right": 118,
            "top": 405,
            "left": 36
        },
        "type": "text",
        "isClick": false,
        "content": "GOTHOF"
    },
    {
        "id": 17,
        "location": {
            "bottom": 409,
            "right": 144,
            "top": 394,
            "left": 127
        },
        "type": "text",
        "isClick": false,
        "content": "WILD"
    },
    {
        "id": 18,
        "location": {
            "bottom": 457,
            "right": 751,
            "top": 441,
            "left": 552
        },
        "type": "text",
        "isClick": false,
        "content": "Release : 01.25.2017"
    },
    {
        "id": 19,
        "location": {
            "bottom": 496,
            "right": 624,
            "top": 480,
            "left": 552
        },
        "type": "text",
        "isClick": false,
        "content": "103 MB"
    },
    {
        "id": 20,
        "location": {
            "bottom": 503,
            "right": 308,
            "top": 469,
            "left": 250
        },
        "type": "text",
        "isClick": false,
        "content": "SHARON"
    },
    {
        "id": 21,
        "location": {
            "bottom": 520,
            "right": 59,
            "top": 500,
            "left": 23
        },
        "type": "text",
        "isClick": false,
        "content": "MARSET"
    },
    {
        "id": 22,
        "location": {
            "bottom": 504,
            "right": 96,
            "top": 484,
            "left": 59
        },
        "type": "text",
        "isClick": false,
        "content": "ANDRA"
    },
    {
        "id": 23,
        "location": {
            "bottom": 557,
            "right": 311,
            "top": 538,
            "left": 278
        },
        "type": "text",
        "isClick": false,
        "content": "SICER"
    },
    {
        "id": 24,
        "location": {
            "bottom": 579,
            "right": 56,
            "top": 565,
            "left": 35
        },
        "type": "text",
        "isClick": false,
        "content": "WAR"
    },
    {
        "id": 25,
        "location": {
            "bottom": 583,
            "right": 753,
            "top": 562,
            "left": 646
        },
        "type": "text",
        "isClick": false,
        "content": "Download"
    },
    {
        "id": 26,
        "location": {
            "bottom": 646,
            "right": 311,
            "top": 622,
            "left": 234
        },
        "type": "text",
        "isClick": false,
        "content": "2017"
    },
    {
        "id": 27,
        "location": {
            "bottom": 665,
            "right": 309,
            "top": 648,
            "left": 211
        },
        "type": "text",
        "isClick": false,
        "content": "PREVIEW"
    },
    {
        "id": 28,
        "location": {
            "bottom": 674,
            "right": 310,
            "top": 668,
            "left": 159
        },
        "type": "text",
        "isClick": false,
        "content": "THE BIGGEST UPCOMING GAMES"
    },
    {
        "id": 29,
        "location": {
            "bottom": 692,
            "right": 309,
            "top": 685,
            "left": 124
        },
        "type": "text",
        "isClick": false,
        "content": "PLUS THE BEST GAMES OF 2016"
    },
    {
        "id": 30,
        "location": {
            "bottom": 739,
            "right": 243,
            "top": 730,
            "left": 92
        },
        "type": "text",
        "isClick": false,
        "content": "DROUGHT TO YOU BY THE EDITORS OF"
    },
    {
        "id": 31,
        "location": {
            "bottom": 759,
            "right": 299,
            "top": 736,
            "left": 41
        },
        "type": "text",
        "isClick": false,
        "content": "#Launch Day magazine & EGME"
    },
    {
        "id": 32,
        "location": {
            "bottom": 796,
            "right": 313,
            "top": 758,
            "left": 25
        },
        "type": "text",
        "isClick": false,
        "content": "2015 VIDEO GAME"
    },
    {
        "id": 33,
        "location": {
            "bottom": 837,
            "right": 308,
            "top": 795,
            "left": 25
        },
        "type": "text",
        "isClick": false,
        "content": "BUYERS GUIDE"
    },
    {
        "id": 34,
        "location": {
            "bottom": 853,
            "right": 825,
            "top": 832,
            "left": 552
        },
        "type": "text",
        "isClick": false,
        "content": "2015 BUYERS GUIDE"
    },
    {
        "id": 35,
        "location": {
            "bottom": 847,
            "right": 128,
            "top": 837,
            "left": 98
        },
        "type": "text",
        "isClick": false,
        "content": "..."
    },
    {
        "id": 36,
        "location": {
            "bottom": 867,
            "right": 91,
            "top": 849,
            "left": 23
        },
        "type": "text",
        "isClick": false,
        "content": "SYSTEM"
    },
    {
        "id": 37,
        "location": {
            "bottom": 885,
            "right": 114,
            "top": 867,
            "left": 24
        },
        "type": "text",
        "isClick": false,
        "content": "ROUNDUP"
    },
    {
        "id": 38,
        "location": {
            "bottom": 897,
            "right": 82,
            "top": 885,
            "left": 21
        },
        "type": "text",
        "isClick": false,
        "content": "PLAYSTATION 4"
    },
    {
        "id": 39,
        "location": {
            "bottom": 909,
            "right": 88,
            "top": 896,
            "left": 21
        },
        "type": "text",
        "isClick": false,
        "content": "XBOX ONE , WII U"
    },
    {
        "id": 40,
        "location": {
            "bottom": 920,
            "right": 63,
            "top": 908,
            "left": 27
        },
        "type": "text",
        "isClick": false,
        "content": "VITA , 3DS"
    },
    {
        "id": 41,
        "location": {
            "bottom": 934,
            "right": 70,
            "top": 921,
            "left": 25
        },
        "type": "text",
        "isClick": false,
        "content": "AND MORE !"
    },
    {
        "id": 42,
        "location": {
            "bottom": 895,
            "right": 752,
            "top": 878,
            "left": 552
        },
        "type": "text",
        "isClick": false,
        "content": "Release : 11.03.2014"
    },
    {
        "id": 43,
        "location": {
            "bottom": 929,
            "right": 309,
            "top": 912,
            "left": 220
        },
        "type": "text",
        "isClick": false,
        "content": "PERIPHERAL"
    },
    {
        "id": 44,
        "location": {
            "bottom": 944,
            "right": 309,
            "top": 927,
            "left": 257
        },
        "type": "text",
        "isClick": false,
        "content": "VISION"
    },
    {
        "id": 45,
        "location": {
            "bottom": 934,
            "right": 612,
            "top": 917,
            "left": 551
        },
        "type": "text",
        "isClick": false,
        "content": "73 MB"
    },
    {
        "id": 46,
        "location": {
            "bottom": 952,
            "right": 308,
            "top": 943,
            "left": 254
        },
        "type": "text",
        "isClick": false,
        "content": "GAMING REARFI"
    },
    {
        "id": 47,
        "location": {
            "bottom": 960,
            "right": 309,
            "top": 952,
            "left": 253
        },
        "type": "text",
        "isClick": false,
        "content": "GORE UTS AND ALS"
    },
    {
        "id": 48,
        "location": {
            "bottom": 1020,
            "right": 754,
            "top": 1002,
            "left": 646
        },
        "type": "text",
        "isClick": false,
        "content": "Download"
    },
    {
        "id": 49,
        "location": {
            "bottom": 1038,
            "right": 157,
            "top": 1026,
            "left": 130
        },
        "type": "text",
        "isClick": false,
        "content": "INSIDE"
    },
    {
        "id": 50,
        "location": {
            "bottom": 1032,
            "right": 306,
            "top": 1022,
            "left": 256
        },
        "type": "text",
        "isClick": false,
        "content": "ANI NIER"
    },
    {
        "id": 51,
        "location": {
            "bottom": 1083,
            "right": 275,
            "top": 1041,
            "left": 129
        },
        "type": "text",
        "isClick": false,
        "content": "HALO :"
    },
    {
        "id": 52,
        "location": {
            "bottom": 1093,
            "right": 56,
            "top": 1082,
            "left": 26
        },
        "type": "text",
        "isClick": false,
        "content": "EGM"
    },
    {
        "id": 53,
        "location": {
            "bottom": 1108,
            "right": 102,
            "top": 1093,
            "left": 17
        },
        "type": "text",
        "isClick": false,
        "content": "INTERVIEW"
    },
    {
        "id": 54,
        "location": {
            "bottom": 1116,
            "right": 79,
            "top": 1105,
            "left": 20
        },
        "type": "text",
        "isClick": false,
        "content": "LAMINE MIDEO"
    },
    {
        "id": 55,
        "location": {
            "bottom": 1126,
            "right": 78,
            "top": 1116,
            "left": 59
        },
        "type": "text",
        "isClick": false,
        "content": "SONBS"
    },
    {
        "id": 56,
        "location": {
            "bottom": 1099,
            "right": 271,
            "top": 1086,
            "left": 128
        },
        "type": "text",
        "isClick": false,
        "content": "THE MASTER CHIEF"
    },
    {
        "id": 57,
        "location": {
            "bottom": 1112,
            "right": 219,
            "top": 1101,
            "left": 129
        },
        "type": "text",
        "isClick": false,
        "content": "COLLECTION"
    },
    {
        "id": 58,
        "location": {
            "bottom": 1126,
            "right": 273,
            "top": 1115,
            "left": 129
        },
        "type": "text",
        "isClick": false,
        "content": "PLUS ALL THE HOTTEST NEW GAMES"
    },
    {
        "id": 59,
        "location": {
            "bottom": 1224,
            "right": 223,
            "top": 1167,
            "left": 65
        },
        "type": "text",
        "isClick": false,
        "content": "Launch"
    },
    {
        "id": 60,
        "location": {
            "bottom": 1226,
            "right": 313,
            "top": 1179,
            "left": 230
        },
        "type": "text",
        "isClick": false,
        "content": "Day"
    },
    {
        "id": 61,
        "location": {
            "bottom": 1240,
            "right": 285,
            "top": 1217,
            "left": 190
        },
        "type": "text",
        "isClick": false,
        "content": "magazine"
    },
    {
        "id": 62,
        "location": {
            "bottom": 1291,
            "right": 685,
            "top": 1270,
            "left": 553
        },
        "type": "text",
        "isClick": false,
        "content": "NBA 2K15"
    },
    {
        "id": 63,
        "location": {
            "bottom": 1333,
            "right": 752,
            "top": 1316,
            "left": 552
        },
        "type": "text",
        "isClick": false,
        "content": "Release : 10.07.2014"
    },
    {
        "id": 64,
        "location": {
            "bottom": 1369,
            "right": 126,
            "top": 1348,
            "left": 69
        },
        "type": "text",
        "isClick": false,
        "content": "WHOMA"
    },
    {
        "id": 65,
        "location": {
            "bottom": 1372,
            "right": 625,
            "top": 1356,
            "left": 552
        },
        "type": "text",
        "isClick": false,
        "content": "205 MB"
    },
    {
        "id": 66,
        "location": {
            "bottom": 1420,
            "right": 143,
            "top": 1373,
            "left": 84
        },
        "type": "text",
        "isClick": false,
        "content": "35"
    },
    {
        "id": 67,
        "location": {
            "bottom": 1465,
            "right": 720,
            "top": 1440,
            "left": 682
        },
        "type": "text",
        "isClick": false,
        "content": "Buy"
    },
    {
        "id": 68,
        "location": {
            "bottom": 1507,
            "right": 312,
            "top": 1459,
            "left": 265
        },
        "type": "text",
        "isClick": false,
        "content": "NICS"
    },
    {
        "id": 69,
        "location": {
            "bottom": 1560,
            "right": 287,
            "top": 1511,
            "left": 30
        },
        "type": "text",
        "isClick": false,
        "content": "SNBA 2K15"
    }
]