[
    {
        "isClick": false,
        "id": 0,
        "content": "32 \u00b0",
        "type": "text",
        "location": {
            "right": 132,
            "top": 18,
            "left": 89,
            "bottom": 43
        }
    },
    {
        "isClick": false,
        "id": 1,
        "content": "f",
        "type": "text",
        "location": {
            "right": 504,
            "top": 14,
            "left": 471,
            "bottom": 51
        }
    },
    {
        "isClick": false,
        "id": 2,
        "content": "f",
        "type": "text",
        "location": {
            "right": 566,
            "top": 14,
            "left": 533,
            "bottom": 50
        }
    },
    {
        "isClick": false,
        "id": 3,
        "content": "f",
        "type": "text",
        "location": {
            "right": 629,
            "top": 14,
            "left": 596,
            "bottom": 50
        }
    },
    {
        "isClick": false,
        "id": 4,
        "content": "O",
        "type": "text",
        "location": {
            "right": 692,
            "top": 11,
            "left": 660,
            "bottom": 50
        }
    },
    {
        "isClick": false,
        "id": 5,
        "content": "$",
        "type": "text",
        "location": {
            "right": 966,
            "top": 12,
            "left": 943,
            "bottom": 48
        }
    },
    {
        "isClick": false,
        "id": 6,
        "content": "6:56",
        "type": "text",
        "location": {
            "right": 1057,
            "top": 19,
            "left": 989,
            "bottom": 49
        }
    },
    {
        "isClick": false,
        "id": 7,
        "content": "<",
        "type": "text",
        "location": {
            "right": 34,
            "top": 94,
            "left": 23,
            "bottom": 113
        }
    },
    {
        "isClick": false,
        "id": 8,
        "content": "Back",
        "type": "text",
        "location": {
            "right": 114,
            "top": 92,
            "left": 50,
            "bottom": 113
        }
    },
    {
        "isClick": false,
        "id": 9,
        "content": "Settings",
        "type": "text",
        "location": {
            "right": 594,
            "top": 93,
            "left": 486,
            "bottom": 121
        }
    },
    {
        "isClick": false,
        "id": 10,
        "content": "General",
        "type": "text",
        "location": {
            "right": 159,
            "top": 193,
            "left": 24,
            "bottom": 228
        }
    },
    {
        "isClick": false,
        "id": 11,
        "content": "Trading",
        "type": "text",
        "location": {
            "right": 300,
            "top": 195,
            "left": 172,
            "bottom": 231
        }
    },
    {
        "isClick": true,
        "id": 12,
        "content": "Symbols",
        "type": "text",
        "location": {
            "right": 170,
            "top": 325,
            "left": 25,
            "bottom": 358
        }
    },
    {
        "isClick": false,
        "id": 13,
        "content": "Account",
        "type": "text",
        "location": {
            "right": 162,
            "top": 452,
            "left": 24,
            "bottom": 478
        }
    },
    {
        "isClick": false,
        "id": 14,
        "content": "Bar",
        "type": "text",
        "location": {
            "right": 233,
            "top": 452,
            "left": 177,
            "bottom": 478
        }
    },
    {
        "isClick": false,
        "id": 15,
        "content": "Chart View",
        "type": "text",
        "location": {
            "right": 211,
            "top": 579,
            "left": 25,
            "bottom": 606
        }
    },
    {
        "isClick": false,
        "id": 16,
        "content": "Chart",
        "type": "text",
        "location": {
            "right": 116,
            "top": 706,
            "left": 25,
            "bottom": 732
        }
    },
    {
        "isClick": false,
        "id": 17,
        "content": "Periods",
        "type": "text",
        "location": {
            "right": 257,
            "top": 706,
            "left": 132,
            "bottom": 732
        }
    },
    {
        "isClick": false,
        "id": 18,
        "content": "Chart Shortcuts",
        "type": "text",
        "location": {
            "right": 289,
            "top": 833,
            "left": 25,
            "bottom": 860
        }
    },
    {
        "isClick": false,
        "id": 19,
        "content": "Sounds",
        "type": "text",
        "location": {
            "right": 154,
            "top": 959,
            "left": 26,
            "bottom": 987
        }
    },
    {
        "isClick": false,
        "id": 20,
        "content": "Feedback",
        "type": "text",
        "location": {
            "right": 192,
            "top": 1088,
            "left": 26,
            "bottom": 1114
        }
    },
    {
        "isClick": false,
        "id": 21,
        "content": "User Guide",
        "type": "text",
        "location": {
            "right": 218,
            "top": 1214,
            "left": 26,
            "bottom": 1241
        }
    },
    {
        "isClick": false,
        "id": 22,
        "content": "Call",
        "type": "text",
        "location": {
            "right": 88,
            "top": 1342,
            "left": 25,
            "bottom": 1368
        }
    },
    {
        "isClick": false,
        "id": 23,
        "content": "FXCM",
        "type": "text",
        "location": {
            "right": 206,
            "top": 1342,
            "left": 105,
            "bottom": 1368
        }
    },
    {
        "isClick": false,
        "id": 24,
        "content": "About",
        "type": "text",
        "location": {
            "right": 124,
            "top": 1467,
            "left": 24,
            "bottom": 1497
        }
    },
    {
        "isClick": false,
        "id": 25,
        "content": "Terms",
        "type": "text",
        "location": {
            "right": 130,
            "top": 1595,
            "left": 24,
            "bottom": 1625
        }
    },
    {
        "isClick": false,
        "id": 26,
        "content": "of",
        "type": "text",
        "location": {
            "right": 176,
            "top": 1595,
            "left": 145,
            "bottom": 1625
        }
    },
    {
        "isClick": false,
        "id": 27,
        "content": "Agreement",
        "type": "text",
        "location": {
            "right": 376,
            "top": 1595,
            "left": 187,
            "bottom": 1632
        }
    },
    {
        "isClick": false,
        "id": 28,
        "content": "Login : 0173114550001",
        "type": "text",
        "location": {
            "right": 328,
            "top": 1754,
            "left": 36,
            "bottom": 1784
        }
    },
    {
        "isClick": false,
        "id": 29,
        "content": "Connection : PREMIUMDEMO",
        "type": "text",
        "location": {
            "right": 1044,
            "top": 1758,
            "left": 661,
            "bottom": 1778
        }
    }
]