[
    {
        "id": 0,
        "location": {
            "right": 373,
            "left": 343,
            "top": 12,
            "bottom": 24
        },
        "content": "FAKT",
        "isClick": false,
        "type": "text"
    },
    {
        "id": 1,
        "location": {
            "right": 63,
            "left": 30,
            "top": 14,
            "bottom": 49
        },
        "content": "f",
        "isClick": false,
        "type": "text"
    },
    {
        "id": 2,
        "location": {
            "right": 127,
            "left": 94,
            "top": 14,
            "bottom": 49
        },
        "content": "f",
        "isClick": false,
        "type": "text"
    },
    {
        "id": 3,
        "location": {
            "right": 189,
            "left": 156,
            "top": 14,
            "bottom": 49
        },
        "content": "f",
        "isClick": false,
        "type": "text"
    },
    {
        "id": 4,
        "location": {
            "right": 253,
            "left": 220,
            "top": 14,
            "bottom": 49
        },
        "content": "f",
        "isClick": false,
        "type": "text"
    },
    {
        "id": 5,
        "location": {
            "right": 305,
            "left": 294,
            "top": 15,
            "bottom": 49
        },
        "content": "0",
        "isClick": false,
        "type": "text"
    },
    {
        "id": 6,
        "location": {
            "right": 802,
            "left": 780,
            "top": 13,
            "bottom": 49
        },
        "content": "4",
        "isClick": false,
        "type": "text"
    },
    {
        "id": 7,
        "location": {
            "right": 1055,
            "left": 943,
            "top": 16,
            "bottom": 49
        },
        "content": "31:03",
        "isClick": false,
        "type": "text"
    },
    {
        "id": 8,
        "location": {
            "right": 485,
            "left": 384,
            "top": 102,
            "bottom": 131
        },
        "content": "Explore",
        "isClick": false,
        "type": "text"
    },
    {
        "id": 9,
        "location": {
            "right": 680,
            "left": 617,
            "top": 100,
            "bottom": 126
        },
        "content": "Chat",
        "isClick": false,
        "type": "text"
    },
    {
        "id": 10,
        "location": {
            "right": 984,
            "left": 879,
            "top": 1022,
            "bottom": 1051
        },
        "content": "VERSACE",
        "isClick": false,
        "type": "text"
    },
    {
        "id": 11,
        "location": {
            "right": 35,
            "left": 24,
            "top": 1211,
            "bottom": 1229
        },
        "content": "2",
        "isClick": false,
        "type": "text"
    },
    {
        "id": 12,
        "location": {
            "right": 571,
            "left": 559,
            "top": 1287,
            "bottom": 1306
        },
        "content": "2",
        "isClick": false,
        "type": "text"
    },
    {
        "id": 13,
        "location": {
            "right": 1055,
            "left": 1023,
            "top": 1287,
            "bottom": 1298
        },
        "content": "SAL",
        "isClick": false,
        "type": "text"
    },
    {
        "id": 14,
        "location": {
            "right": 36,
            "left": 24,
            "top": 1602,
            "bottom": 1621
        },
        "content": "2",
        "isClick": false,
        "type": "text"
    }
]