[
    {
        "location": {
            "left": 14,
            "top": 4,
            "bottom": 25,
            "right": 188
        },
        "type": "text",
        "id": 0,
        "isClick": false,
        "content": "ffff 08"
    },
    {
        "location": {
            "left": 494,
            "top": 9,
            "bottom": 24,
            "right": 527
        },
        "type": "text",
        "id": 1,
        "isClick": false,
        "content": "8:40"
    },
    {
        "location": {
            "left": 499,
            "top": 49,
            "bottom": 54,
            "right": 508
        },
        "type": "text",
        "id": 2,
        "isClick": false,
        "content": "I"
    },
    {
        "location": {
            "left": 54,
            "top": 50,
            "bottom": 80,
            "right": 222
        },
        "type": "text",
        "id": 3,
        "isClick": false,
        "content": "Furniture Guide"
    },
    {
        "location": {
            "left": 295,
            "top": 153,
            "bottom": 169,
            "right": 375
        },
        "type": "text",
        "id": 4,
        "isClick": false,
        "content": "workroom"
    },
    {
        "location": {
            "left": 284,
            "top": 283,
            "bottom": 301,
            "right": 386
        },
        "type": "text",
        "id": 5,
        "isClick": false,
        "content": "outdoor area"
    },
    {
        "location": {
            "left": 297,
            "top": 417,
            "bottom": 432,
            "right": 374
        },
        "type": "text",
        "id": 6,
        "isClick": false,
        "content": "bathroom"
    },
    {
        "location": {
            "left": 307,
            "top": 545,
            "bottom": 566,
            "right": 364
        },
        "type": "text",
        "id": 7,
        "isClick": false,
        "content": "kitchen"
    },
    {
        "location": {
            "left": 42,
            "top": 639,
            "bottom": 732,
            "right": 105
        },
        "type": "text",
        "id": 8,
        "isClick": false,
        "content": "3"
    },
    {
        "location": {
            "left": 300,
            "top": 681,
            "bottom": 697,
            "right": 371
        },
        "type": "text",
        "id": 9,
        "isClick": false,
        "content": "bedroom"
    },
    {
        "location": {
            "left": 292,
            "top": 810,
            "bottom": 832,
            "right": 379
        },
        "type": "text",
        "id": 10,
        "isClick": false,
        "content": "living room"
    }
]