[
    {
        "location": {
            "left": 14,
            "top": 4,
            "bottom": 26,
            "right": 159
        },
        "type": "text",
        "id": 0,
        "isClick": false,
        "content": "ffffO"
    },
    {
        "location": {
            "left": 494,
            "top": 9,
            "bottom": 25,
            "right": 525
        },
        "type": "text",
        "id": 1,
        "isClick": false,
        "content": "8:41"
    },
    {
        "location": {
            "left": 65,
            "top": 50,
            "bottom": 73,
            "right": 137
        },
        "type": "text",
        "id": 2,
        "isClick": false,
        "content": "kitchen"
    },
    {
        "location": {
            "left": 165,
            "top": 187,
            "bottom": 209,
            "right": 261
        },
        "type": "text",
        "id": 3,
        "isClick": false,
        "content": "edge lamp"
    },
    {
        "location": {
            "left": 165,
            "top": 321,
            "bottom": 342,
            "right": 248
        },
        "type": "text",
        "id": 4,
        "isClick": false,
        "content": "fire place"
    },
    {
        "location": {
            "left": 493,
            "top": 374,
            "bottom": 391,
            "right": 510
        },
        "type": "text",
        "id": 5,
        "isClick": false,
        "content": "\u2606"
    },
    {
        "location": {
            "left": 166,
            "top": 450,
            "bottom": 474,
            "right": 259
        },
        "type": "text",
        "id": 6,
        "isClick": false,
        "content": "BBQ place"
    },
    {
        "location": {
            "left": 165,
            "top": 585,
            "bottom": 602,
            "right": 227
        },
        "type": "text",
        "id": 7,
        "isClick": false,
        "content": "cooker"
    },
    {
        "location": {
            "left": 164,
            "top": 713,
            "bottom": 737,
            "right": 254
        },
        "type": "text",
        "id": 8,
        "isClick": true,
        "content": "high chair"
    }
]