[
    {
        "location": {
            "left": 15,
            "top": 7,
            "bottom": 26,
            "right": 31
        },
        "type": "text",
        "id": 0,
        "isClick": false,
        "content": "F"
    },
    {
        "location": {
            "left": 47,
            "top": 7,
            "bottom": 26,
            "right": 63
        },
        "type": "text",
        "id": 1,
        "isClick": false,
        "content": "f"
    },
    {
        "location": {
            "left": 78,
            "top": 4,
            "bottom": 26,
            "right": 94
        },
        "type": "text",
        "id": 2,
        "isClick": false,
        "content": "f"
    },
    {
        "location": {
            "left": 110,
            "top": 4,
            "bottom": 26,
            "right": 126
        },
        "type": "text",
        "id": 3,
        "isClick": false,
        "content": "f"
    },
    {
        "location": {
            "left": 146,
            "top": 8,
            "bottom": 25,
            "right": 151
        },
        "type": "text",
        "id": 4,
        "isClick": false,
        "content": "O"
    },
    {
        "location": {
            "left": 174,
            "top": 6,
            "bottom": 26,
            "right": 186
        },
        "type": "text",
        "id": 5,
        "isClick": false,
        "content": "A"
    },
    {
        "location": {
            "left": 494,
            "top": 9,
            "bottom": 25,
            "right": 525
        },
        "type": "text",
        "id": 6,
        "isClick": false,
        "content": "8:41"
    },
    {
        "location": {
            "left": 57,
            "top": 52,
            "bottom": 78,
            "right": 125
        },
        "type": "text",
        "id": 7,
        "isClick": false,
        "content": "plants"
    },
    {
        "location": {
            "left": 12,
            "top": 499,
            "bottom": 521,
            "right": 275
        },
        "type": "text",
        "id": 8,
        "isClick": false,
        "content": "Put an iron fence in a corner ."
    }
]