[
    {
        "id": 0,
        "location": {
            "right": 217,
            "left": 93,
            "top": 254,
            "bottom": 283
        },
        "content": "Play Tips",
        "isClick": false,
        "type": "text"
    },
    {
        "id": 1,
        "location": {
            "right": 601,
            "left": 344,
            "top": 248,
            "bottom": 279
        },
        "content": "Privacy Statement",
        "isClick": false,
        "type": "text"
    },
    {
        "id": 2,
        "location": {
            "right": 220,
            "left": 176,
            "top": 352,
            "bottom": 369
        },
        "content": "\u043f\u04d9",
        "isClick": false,
        "type": "text"
    },
    {
        "id": 3,
        "location": {
            "right": 410,
            "left": 235,
            "top": 352,
            "bottom": 377
        },
        "content": "\u0438\u0441\u0441\u04d9\u043c\u0430\u0433\u0443",
        "isClick": false,
        "type": "text"
    },
    {
        "id": 4,
        "location": {
            "right": 439,
            "left": 429,
            "top": 352,
            "bottom": 369
        },
        "content": "\u0456",
        "isClick": false,
        "type": "text"
    },
    {
        "id": 5,
        "location": {
            "right": 622,
            "left": 475,
            "top": 352,
            "bottom": 377
        },
        "content": "\u0437\u0430\u0439\u043c\u0433\u0443\u0430",
        "isClick": false,
        "type": "text"
    },
    {
        "id": 6,
        "location": {
            "right": 716,
            "left": 638,
            "top": 352,
            "bottom": 377
        },
        "content": "icyai",
        "isClick": false,
        "type": "text"
    },
    {
        "id": 7,
        "location": {
            "right": 872,
            "left": 733,
            "top": 352,
            "bottom": 376
        },
        "content": "i\u0441\u0447\u0438\u0441\u0259t ,",
        "isClick": false,
        "type": "text"
    },
    {
        "id": 8,
        "location": {
            "right": 301,
            "left": 178,
            "top": 385,
            "bottom": 422
        },
        "content": "protect",
        "isClick": false,
        "type": "text"
    },
    {
        "id": 9,
        "location": {
            "right": 672,
            "left": 316,
            "top": 381,
            "bottom": 421
        },
        "content": "property or personal",
        "isClick": false,
        "type": "text"
    },
    {
        "id": 10,
        "location": {
            "right": 909,
            "left": 687,
            "top": 380,
            "bottom": 419
        },
        "content": "safety , when",
        "isClick": false,
        "type": "text"
    },
    {
        "id": 11,
        "location": {
            "right": 941,
            "left": 924,
            "top": 388,
            "bottom": 416
        },
        "content": "a",
        "isClick": false,
        "type": "text"
    },
    {
        "id": 12,
        "location": {
            "right": 334,
            "left": 178,
            "top": 428,
            "bottom": 465
        },
        "content": "business",
        "isClick": false,
        "type": "text"
    },
    {
        "id": 13,
        "location": {
            "right": 375,
            "left": 350,
            "top": 428,
            "bottom": 465
        },
        "content": "is",
        "isClick": false,
        "type": "text"
    },
    {
        "id": 14,
        "location": {
            "right": 560,
            "left": 391,
            "top": 428,
            "bottom": 469
        },
        "content": "bought or",
        "isClick": false,
        "type": "text"
    },
    {
        "id": 15,
        "location": {
            "right": 751,
            "left": 578,
            "top": 428,
            "bottom": 467
        },
        "content": "sold , or as",
        "isClick": false,
        "type": "text"
    },
    {
        "id": 16,
        "location": {
            "right": 939,
            "left": 766,
            "top": 424,
            "bottom": 465
        },
        "content": "otherwise",
        "isClick": false,
        "type": "text"
    },
    {
        "id": 17,
        "location": {
            "right": 311,
            "left": 178,
            "top": 475,
            "bottom": 513
        },
        "content": "allowed",
        "isClick": false,
        "type": "text"
    },
    {
        "id": 18,
        "location": {
            "right": 569,
            "left": 326,
            "top": 474,
            "bottom": 515
        },
        "content": "or required by",
        "isClick": false,
        "type": "text"
    },
    {
        "id": 19,
        "location": {
            "right": 649,
            "left": 584,
            "top": 475,
            "bottom": 513
        },
        "content": "law .",
        "isClick": false,
        "type": "text"
    },
    {
        "id": 20,
        "location": {
            "right": 170,
            "left": 58,
            "top": 570,
            "bottom": 609
        },
        "content": "LINKS .",
        "isClick": false,
        "type": "text"
    },
    {
        "id": 21,
        "location": {
            "right": 284,
            "left": 197,
            "top": 571,
            "bottom": 608
        },
        "content": "Apps",
        "isClick": false,
        "type": "text"
    },
    {
        "id": 22,
        "location": {
            "right": 370,
            "left": 299,
            "top": 577,
            "bottom": 608
        },
        "content": "may",
        "isClick": false,
        "type": "text"
    },
    {
        "id": 23,
        "location": {
            "right": 488,
            "left": 387,
            "top": 569,
            "bottom": 607
        },
        "content": "link to",
        "isClick": false,
        "type": "text"
    },
    {
        "id": 24,
        "location": {
            "right": 536,
            "left": 503,
            "top": 578,
            "bottom": 607
        },
        "content": "or",
        "isClick": false,
        "type": "text"
    },
    {
        "id": 25,
        "location": {
            "right": 610,
            "left": 551,
            "top": 577,
            "bottom": 604
        },
        "content": "use",
        "isClick": false,
        "type": "text"
    },
    {
        "id": 26,
        "location": {
            "right": 758,
            "left": 625,
            "top": 573,
            "bottom": 606
        },
        "content": "content",
        "isClick": false,
        "type": "text"
    },
    {
        "id": 27,
        "location": {
            "right": 922,
            "left": 773,
            "top": 569,
            "bottom": 606
        },
        "content": "from the",
        "isClick": false,
        "type": "text"
    },
    {
        "id": 28,
        "location": {
            "right": 199,
            "left": 58,
            "top": 618,
            "bottom": 655
        },
        "content": "Internet ,",
        "isClick": false,
        "type": "text"
    },
    {
        "id": 29,
        "location": {
            "right": 371,
            "left": 216,
            "top": 618,
            "bottom": 655
        },
        "content": "including",
        "isClick": false,
        "type": "text"
    },
    {
        "id": 30,
        "location": {
            "right": 661,
            "left": 386,
            "top": 618,
            "bottom": 655
        },
        "content": "content offered",
        "isClick": false,
        "type": "text"
    },
    {
        "id": 31,
        "location": {
            "right": 803,
            "left": 676,
            "top": 618,
            "bottom": 655
        },
        "content": "by third",
        "isClick": false,
        "type": "text"
    },
    {
        "id": 32,
        "location": {
            "right": 937,
            "left": 820,
            "top": 618,
            "bottom": 655
        },
        "content": "parties",
        "isClick": false,
        "type": "text"
    },
    {
        "id": 33,
        "location": {
            "right": 185,
            "left": 54,
            "top": 664,
            "bottom": 697
        },
        "content": "that we",
        "isClick": false,
        "type": "text"
    },
    {
        "id": 34,
        "location": {
            "right": 241,
            "left": 200,
            "top": 664,
            "bottom": 697
        },
        "content": "do",
        "isClick": false,
        "type": "text"
    },
    {
        "id": 35,
        "location": {
            "right": 309,
            "left": 256,
            "top": 668,
            "bottom": 697
        },
        "content": "not",
        "isClick": false,
        "type": "text"
    },
    {
        "id": 36,
        "location": {
            "right": 445,
            "left": 324,
            "top": 664,
            "bottom": 697
        },
        "content": "control",
        "isClick": false,
        "type": "text"
    },
    {
        "id": 37,
        "location": {
            "right": 521,
            "left": 460,
            "top": 664,
            "bottom": 697
        },
        "content": "and",
        "isClick": false,
        "type": "text"
    },
    {
        "id": 38,
        "location": {
            "right": 651,
            "left": 536,
            "top": 664,
            "bottom": 697
        },
        "content": "whose",
        "isClick": false,
        "type": "text"
    },
    {
        "id": 39,
        "location": {
            "right": 789,
            "left": 666,
            "top": 665,
            "bottom": 704
        },
        "content": "privacy",
        "isClick": false,
        "type": "text"
    },
    {
        "id": 40,
        "location": {
            "right": 865,
            "left": 804,
            "top": 664,
            "bottom": 697
        },
        "content": "and",
        "isClick": false,
        "type": "text"
    },
    {
        "id": 41,
        "location": {
            "right": 953,
            "left": 880,
            "top": 664,
            "bottom": 697
        },
        "content": "data",
        "isClick": false,
        "type": "text"
    },
    {
        "id": 42,
        "location": {
            "right": 225,
            "left": 56,
            "top": 712,
            "bottom": 745
        },
        "content": "collection",
        "isClick": false,
        "type": "text"
    },
    {
        "id": 43,
        "location": {
            "right": 401,
            "left": 242,
            "top": 713,
            "bottom": 751
        },
        "content": "practices",
        "isClick": false,
        "type": "text"
    },
    {
        "id": 44,
        "location": {
            "right": 689,
            "left": 418,
            "top": 712,
            "bottom": 751
        },
        "content": "may differ from",
        "isClick": false,
        "type": "text"
    },
    {
        "id": 45,
        "location": {
            "right": 789,
            "left": 704,
            "top": 720,
            "bottom": 751
        },
        "content": "ours ,",
        "isClick": false,
        "type": "text"
    },
    {
        "id": 46,
        "location": {
            "right": 961,
            "left": 804,
            "top": 712,
            "bottom": 751
        },
        "content": "including",
        "isClick": false,
        "type": "text"
    },
    {
        "id": 47,
        "location": {
            "right": 157,
            "left": 56,
            "top": 759,
            "bottom": 793
        },
        "content": "social",
        "isClick": false,
        "type": "text"
    },
    {
        "id": 48,
        "location": {
            "right": 278,
            "left": 173,
            "top": 757,
            "bottom": 793
        },
        "content": "media",
        "isClick": false,
        "type": "text"
    },
    {
        "id": 49,
        "location": {
            "right": 535,
            "left": 293,
            "top": 759,
            "bottom": 797
        },
        "content": "or networking",
        "isClick": false,
        "type": "text"
    },
    {
        "id": 50,
        "location": {
            "right": 641,
            "left": 550,
            "top": 760,
            "bottom": 793
        },
        "content": "sites .",
        "isClick": false,
        "type": "text"
    },
    {
        "id": 51,
        "location": {
            "right": 129,
            "left": 56,
            "top": 854,
            "bottom": 889
        },
        "content": "APP",
        "isClick": false,
        "type": "text"
    },
    {
        "id": 52,
        "location": {
            "right": 353,
            "left": 144,
            "top": 854,
            "bottom": 889
        },
        "content": "CONTROLS .",
        "isClick": false,
        "type": "text"
    },
    {
        "id": 53,
        "location": {
            "right": 583,
            "left": 378,
            "top": 854,
            "bottom": 889
        },
        "content": "Your device",
        "isClick": false,
        "type": "text"
    },
    {
        "id": 54,
        "location": {
            "right": 669,
            "left": 598,
            "top": 861,
            "bottom": 891
        },
        "content": "may",
        "isClick": false,
        "type": "text"
    },
    {
        "id": 55,
        "location": {
            "right": 895,
            "left": 684,
            "top": 854,
            "bottom": 891
        },
        "content": "allow you to",
        "isClick": false,
        "type": "text"
    },
    {
        "id": 56,
        "location": {
            "right": 349,
            "left": 56,
            "top": 900,
            "bottom": 939
        },
        "content": "block or manage",
        "isClick": false,
        "type": "text"
    },
    {
        "id": 57,
        "location": {
            "right": 447,
            "left": 364,
            "top": 900,
            "bottom": 939
        },
        "content": "push",
        "isClick": false,
        "type": "text"
    },
    {
        "id": 58,
        "location": {
            "right": 691,
            "left": 464,
            "top": 900,
            "bottom": 939
        },
        "content": "notifications ,",
        "isClick": false,
        "type": "text"
    },
    {
        "id": 59,
        "location": {
            "right": 845,
            "left": 708,
            "top": 900,
            "bottom": 937
        },
        "content": "location",
        "isClick": false,
        "type": "text"
    },
    {
        "id": 60,
        "location": {
            "right": 269,
            "left": 56,
            "top": 948,
            "bottom": 986
        },
        "content": "information ,",
        "isClick": false,
        "type": "text"
    },
    {
        "id": 61,
        "location": {
            "right": 389,
            "left": 284,
            "top": 948,
            "bottom": 987
        },
        "content": "in - app",
        "isClick": false,
        "type": "text"
    },
    {
        "id": 62,
        "location": {
            "right": 817,
            "left": 404,
            "top": 948,
            "bottom": 987
        },
        "content": "purchases , geo - tagging",
        "isClick": false,
        "type": "text"
    },
    {
        "id": 63,
        "location": {
            "right": 867,
            "left": 832,
            "top": 948,
            "bottom": 982
        },
        "content": "of",
        "isClick": false,
        "type": "text"
    },
    {
        "id": 64,
        "location": {
            "right": 176,
            "left": 56,
            "top": 995,
            "bottom": 1037
        },
        "content": "photos",
        "isClick": false,
        "type": "text"
    },
    {
        "id": 65,
        "location": {
            "right": 358,
            "left": 191,
            "top": 995,
            "bottom": 1033
        },
        "content": "or videos ,",
        "isClick": false,
        "type": "text"
    },
    {
        "id": 66,
        "location": {
            "right": 568,
            "left": 373,
            "top": 993,
            "bottom": 1035
        },
        "content": "or ability to",
        "isClick": false,
        "type": "text"
    },
    {
        "id": 67,
        "location": {
            "right": 772,
            "left": 583,
            "top": 991,
            "bottom": 1033
        },
        "content": "access the",
        "isClick": false,
        "type": "text"
    },
    {
        "id": 68,
        "location": {
            "right": 866,
            "left": 787,
            "top": 991,
            "bottom": 1033
        },
        "content": "web .",
        "isClick": false,
        "type": "text"
    },
    {
        "id": 69,
        "location": {
            "right": 181,
            "left": 56,
            "top": 1089,
            "bottom": 1125
        },
        "content": "OTHER",
        "isClick": false,
        "type": "text"
    },
    {
        "id": 70,
        "location": {
            "right": 419,
            "left": 196,
            "top": 1089,
            "bottom": 1126
        },
        "content": "IMPORTANT",
        "isClick": false,
        "type": "text"
    },
    {
        "id": 71,
        "location": {
            "right": 528,
            "left": 434,
            "top": 1090,
            "bottom": 1123
        },
        "content": "INFO .",
        "isClick": false,
        "type": "text"
    },
    {
        "id": 72,
        "location": {
            "right": 749,
            "left": 553,
            "top": 1089,
            "bottom": 1124
        },
        "content": "See our full",
        "isClick": false,
        "type": "text"
    },
    {
        "id": 73,
        "location": {
            "right": 892,
            "left": 767,
            "top": 1089,
            "bottom": 1128
        },
        "content": "Privacy",
        "isClick": false,
        "type": "text"
    },
    {
        "id": 74,
        "location": {
            "right": 403,
            "left": 56,
            "top": 1138,
            "bottom": 1170
        },
        "content": "Statement for more",
        "isClick": false,
        "type": "text"
    },
    {
        "id": 75,
        "location": {
            "right": 589,
            "left": 418,
            "top": 1138,
            "bottom": 1175
        },
        "content": "important",
        "isClick": false,
        "type": "text"
    },
    {
        "id": 76,
        "location": {
            "right": 675,
            "left": 604,
            "top": 1138,
            "bottom": 1175
        },
        "content": "info ,",
        "isClick": false,
        "type": "text"
    },
    {
        "id": 77,
        "location": {
            "right": 771,
            "left": 690,
            "top": 1138,
            "bottom": 1170
        },
        "content": "such",
        "isClick": false,
        "type": "text"
    },
    {
        "id": 78,
        "location": {
            "right": 825,
            "left": 788,
            "top": 1145,
            "bottom": 1170
        },
        "content": "as",
        "isClick": false,
        "type": "text"
    },
    {
        "id": 79,
        "location": {
            "right": 557,
            "left": 56,
            "top": 1184,
            "bottom": 1223
        },
        "content": "security , transfers of data to",
        "isClick": false,
        "type": "text"
    },
    {
        "id": 80,
        "location": {
            "right": 849,
            "left": 572,
            "top": 1184,
            "bottom": 1223
        },
        "content": "other countries ,",
        "isClick": false,
        "type": "text"
    },
    {
        "id": 81,
        "location": {
            "right": 925,
            "left": 864,
            "top": 1184,
            "bottom": 1217
        },
        "content": "and",
        "isClick": false,
        "type": "text"
    },
    {
        "id": 82,
        "location": {
            "right": 127,
            "left": 56,
            "top": 1231,
            "bottom": 1265
        },
        "content": "how",
        "isClick": false,
        "type": "text"
    },
    {
        "id": 83,
        "location": {
            "right": 259,
            "left": 142,
            "top": 1231,
            "bottom": 1265
        },
        "content": "we will",
        "isClick": false,
        "type": "text"
    },
    {
        "id": 84,
        "location": {
            "right": 447,
            "left": 274,
            "top": 1230,
            "bottom": 1271
        },
        "content": "notify you",
        "isClick": false,
        "type": "text"
    },
    {
        "id": 85,
        "location": {
            "right": 494,
            "left": 462,
            "top": 1231,
            "bottom": 1264
        },
        "content": "of",
        "isClick": false,
        "type": "text"
    },
    {
        "id": 86,
        "location": {
            "right": 659,
            "left": 510,
            "top": 1231,
            "bottom": 1272
        },
        "content": "updates .",
        "isClick": false,
        "type": "text"
    },
    {
        "id": 87,
        "location": {
            "right": 583,
            "left": 478,
            "top": 1396,
            "bottom": 1429
        },
        "content": "Close",
        "isClick": true,
        "type": "text"
    },
    {
        "id": 88,
        "location": {
            "right": 371,
            "left": 298,
            "top": 1481,
            "bottom": 1532
        },
        "content": "Baby",
        "isClick": false,
        "type": "text"
    },
    {
        "id": 89,
        "location": {
            "right": 801,
            "left": 628,
            "top": 1490,
            "bottom": 1521
        },
        "content": "Download",
        "isClick": false,
        "type": "text"
    },
    {
        "id": 90,
        "location": {
            "right": 907,
            "left": 820,
            "top": 1491,
            "bottom": 1521
        },
        "content": "More",
        "isClick": false,
        "type": "text"
    },
    {
        "id": 91,
        "location": {
            "right": 667,
            "left": 562,
            "top": 1540,
            "bottom": 1579
        },
        "content": "Laugh",
        "isClick": false,
        "type": "text"
    },
    {
        "id": 92,
        "location": {
            "right": 707,
            "left": 686,
            "top": 1541,
            "bottom": 1573
        },
        "content": "&",
        "isClick": false,
        "type": "text"
    },
    {
        "id": 93,
        "location": {
            "right": 857,
            "left": 726,
            "top": 1541,
            "bottom": 1573
        },
        "content": "Learn \u2122",
        "isClick": false,
        "type": "text"
    },
    {
        "id": 94,
        "location": {
            "right": 961,
            "left": 874,
            "top": 1541,
            "bottom": 1579
        },
        "content": "Apps",
        "isClick": false,
        "type": "text"
    },
    {
        "id": 95,
        "location": {
            "right": 243,
            "left": 178,
            "top": 1547,
            "bottom": 1576
        },
        "content": "Baby",
        "isClick": false,
        "type": "text"
    },
    {
        "id": 96,
        "location": {
            "right": 423,
            "left": 351,
            "top": 1533,
            "bottom": 1573
        },
        "content": "Baby",
        "isClick": false,
        "type": "text"
    }
]