[
    {
        "location": {
            "left": 91,
            "top": 10,
            "bottom": 27,
            "right": 129
        },
        "type": "text",
        "id": 0,
        "isClick": false,
        "content": "FAK"
    },
    {
        "location": {
            "left": 30,
            "top": 14,
            "bottom": 50,
            "right": 63
        },
        "type": "text",
        "id": 1,
        "isClick": false,
        "content": "f"
    },
    {
        "location": {
            "left": 778,
            "top": 13,
            "bottom": 50,
            "right": 803
        },
        "type": "text",
        "id": 2,
        "isClick": false,
        "content": "4"
    },
    {
        "location": {
            "left": 942,
            "top": 16,
            "bottom": 48,
            "right": 965
        },
        "type": "text",
        "id": 3,
        "isClick": false,
        "content": "5"
    },
    {
        "location": {
            "left": 987,
            "top": 18,
            "bottom": 48,
            "right": 1055
        },
        "type": "text",
        "id": 4,
        "isClick": false,
        "content": "6:40"
    },
    {
        "location": {
            "left": 16,
            "top": 259,
            "bottom": 302,
            "right": 204
        },
        "type": "text",
        "id": 5,
        "isClick": false,
        "content": "EagleEyes"
    },
    {
        "location": {
            "left": 219,
            "top": 258,
            "bottom": 296,
            "right": 429
        },
        "type": "text",
        "id": 6,
        "isClick": false,
        "content": "Push Video"
    },
    {
        "location": {
            "left": 444,
            "top": 258,
            "bottom": 301,
            "right": 574
        },
        "type": "text",
        "id": 7,
        "isClick": false,
        "content": "Setting"
    },
    {
        "location": {
            "left": 14,
            "top": 344,
            "bottom": 378,
            "right": 145
        },
        "type": "text",
        "id": 8,
        "isClick": false,
        "content": "Select"
    },
    {
        "location": {
            "left": 160,
            "top": 353,
            "bottom": 378,
            "right": 209
        },
        "type": "text",
        "id": 9,
        "isClick": false,
        "content": "an"
    },
    {
        "location": {
            "left": 224,
            "top": 348,
            "bottom": 381,
            "right": 445
        },
        "type": "text",
        "id": 10,
        "isClick": false,
        "content": "account to"
    },
    {
        "location": {
            "left": 460,
            "top": 353,
            "bottom": 382,
            "right": 545
        },
        "type": "text",
        "id": 11,
        "isClick": false,
        "content": "use :"
    },
    {
        "location": {
            "left": 28,
            "top": 458,
            "bottom": 500,
            "right": 432
        },
        "type": "text",
        "id": 12,
        "isClick": false,
        "content": "appcrawler2@gmail.com"
    },
    {
        "location": {
            "left": 15,
            "top": 1449,
            "bottom": 1488,
            "right": 899
        },
        "type": "text",
        "id": 13,
        "isClick": false,
        "content": "Click Next to establish the connection between Google"
    },
    {
        "location": {
            "left": 14,
            "top": 1490,
            "bottom": 1531,
            "right": 495
        },
        "type": "text",
        "id": 14,
        "isClick": false,
        "content": "Service ( GCM ) and this phone ."
    },
    {
        "location": {
            "left": 216,
            "top": 1710,
            "bottom": 1747,
            "right": 329
        },
        "type": "text",
        "id": 15,
        "isClick": false,
        "content": "Close"
    },
    {
        "location": {
            "left": 761,
            "top": 1713,
            "bottom": 1746,
            "right": 852
        },
        "type": "text",
        "id": 16,
        "isClick": true,
        "content": "Next"
    }
]