[
    {
        "location": {
            "left": 91,
            "top": 10,
            "bottom": 25,
            "right": 129
        },
        "type": "text",
        "id": 0,
        "isClick": false,
        "content": "FAK"
    },
    {
        "location": {
            "left": 29,
            "top": 14,
            "bottom": 48,
            "right": 62
        },
        "type": "text",
        "id": 1,
        "isClick": false,
        "content": "f"
    },
    {
        "location": {
            "left": 777,
            "top": 13,
            "bottom": 50,
            "right": 803
        },
        "type": "text",
        "id": 2,
        "isClick": false,
        "content": "4"
    },
    {
        "location": {
            "left": 941,
            "top": 17,
            "bottom": 49,
            "right": 966
        },
        "type": "text",
        "id": 3,
        "isClick": false,
        "content": "3"
    },
    {
        "location": {
            "left": 987,
            "top": 17,
            "bottom": 49,
            "right": 1056
        },
        "type": "text",
        "id": 4,
        "isClick": false,
        "content": "6:42"
    },
    {
        "location": {
            "left": 452,
            "top": 98,
            "bottom": 155,
            "right": 627
        },
        "type": "text",
        "id": 5,
        "isClick": false,
        "content": "Config ."
    },
    {
        "location": {
            "left": 45,
            "top": 177,
            "bottom": 209,
            "right": 197
        },
        "type": "text",
        "id": 6,
        "isClick": false,
        "content": "Default"
    },
    {
        "location": {
            "left": 56,
            "top": 279,
            "bottom": 320,
            "right": 197
        },
        "type": "text",
        "id": 7,
        "isClick": false,
        "content": "Cache"
    },
    {
        "location": {
            "left": 216,
            "top": 280,
            "bottom": 321,
            "right": 309
        },
        "type": "text",
        "id": 8,
        "isClick": false,
        "content": "Size"
    },
    {
        "location": {
            "left": 56,
            "top": 346,
            "bottom": 379,
            "right": 119
        },
        "type": "text",
        "id": 9,
        "isClick": false,
        "content": "128"
    },
    {
        "location": {
            "left": 136,
            "top": 345,
            "bottom": 379,
            "right": 181
        },
        "type": "text",
        "id": 10,
        "isClick": false,
        "content": "KB"
    },
    {
        "location": {
            "left": 53,
            "top": 451,
            "bottom": 503,
            "right": 281
        },
        "type": "text",
        "id": 11,
        "isClick": false,
        "content": "Sequence"
    },
    {
        "location": {
            "left": 297,
            "top": 452,
            "bottom": 497,
            "right": 411
        },
        "type": "text",
        "id": 12,
        "isClick": false,
        "content": "Time"
    },
    {
        "location": {
            "left": 54,
            "top": 519,
            "bottom": 551,
            "right": 73
        },
        "type": "text",
        "id": 13,
        "isClick": false,
        "content": "3"
    },
    {
        "location": {
            "left": 88,
            "top": 515,
            "bottom": 551,
            "right": 245
        },
        "type": "text",
        "id": 14,
        "isClick": false,
        "content": "Seconds"
    },
    {
        "location": {
            "left": 56,
            "top": 622,
            "bottom": 662,
            "right": 213
        },
        "type": "text",
        "id": 15,
        "isClick": false,
        "content": "Record"
    },
    {
        "location": {
            "left": 234,
            "top": 624,
            "bottom": 663,
            "right": 423
        },
        "type": "text",
        "id": 16,
        "isClick": false,
        "content": "Duration"
    },
    {
        "location": {
            "left": 55,
            "top": 690,
            "bottom": 724,
            "right": 96
        },
        "type": "text",
        "id": 17,
        "isClick": false,
        "content": "30"
    },
    {
        "location": {
            "left": 111,
            "top": 690,
            "bottom": 729,
            "right": 268
        },
        "type": "text",
        "id": 18,
        "isClick": false,
        "content": "Seconds"
    },
    {
        "location": {
            "left": 34,
            "top": 833,
            "bottom": 873,
            "right": 242
        },
        "type": "text",
        "id": 19,
        "isClick": false,
        "content": "Push Video"
    },
    {
        "location": {
            "left": 246,
            "top": 832,
            "bottom": 877,
            "right": 382
        },
        "type": "text",
        "id": 20,
        "isClick": false,
        "content": "( Guard )"
    },
    {
        "location": {
            "left": 53,
            "top": 927,
            "bottom": 967,
            "right": 216
        },
        "type": "text",
        "id": 21,
        "isClick": false,
        "content": "Vibrate"
    },
    {
        "location": {
            "left": 53,
            "top": 995,
            "bottom": 1030,
            "right": 293
        },
        "type": "text",
        "id": 22,
        "isClick": false,
        "content": "Vibrate when"
    },
    {
        "location": {
            "left": 309,
            "top": 995,
            "bottom": 1037,
            "right": 602
        },
        "type": "text",
        "id": 23,
        "isClick": false,
        "content": "device triggered"
    },
    {
        "location": {
            "left": 609,
            "top": 1022,
            "bottom": 1029,
            "right": 613
        },
        "type": "text",
        "id": 24,
        "isClick": false,
        "content": "."
    },
    {
        "location": {
            "left": 54,
            "top": 1099,
            "bottom": 1139,
            "right": 161
        },
        "type": "text",
        "id": 25,
        "isClick": false,
        "content": "Alert"
    },
    {
        "location": {
            "left": 178,
            "top": 1099,
            "bottom": 1139,
            "right": 323
        },
        "type": "text",
        "id": 26,
        "isClick": false,
        "content": "Sound"
    },
    {
        "location": {
            "left": 54,
            "top": 1162,
            "bottom": 1201,
            "right": 139
        },
        "type": "text",
        "id": 27,
        "isClick": false,
        "content": "Alert"
    },
    {
        "location": {
            "left": 154,
            "top": 1167,
            "bottom": 1201,
            "right": 265
        },
        "type": "text",
        "id": 28,
        "isClick": false,
        "content": "sound"
    },
    {
        "location": {
            "left": 280,
            "top": 1167,
            "bottom": 1201,
            "right": 375
        },
        "type": "text",
        "id": 29,
        "isClick": false,
        "content": "when"
    },
    {
        "location": {
            "left": 392,
            "top": 1167,
            "bottom": 1203,
            "right": 698
        },
        "type": "text",
        "id": 30,
        "isClick": false,
        "content": "device triggered ."
    },
    {
        "location": {
            "left": 991,
            "top": 1185,
            "bottom": 1186,
            "right": 992
        },
        "type": "text",
        "id": 31,
        "isClick": false,
        "content": "O"
    },
    {
        "location": {
            "left": 54,
            "top": 1271,
            "bottom": 1312,
            "right": 197
        },
        "type": "text",
        "id": 32,
        "isClick": false,
        "content": "Sound"
    },
    {
        "location": {
            "left": 216,
            "top": 1273,
            "bottom": 1313,
            "right": 355
        },
        "type": "text",
        "id": 33,
        "isClick": false,
        "content": "Tones"
    },
    {
        "location": {
            "left": 56,
            "top": 1338,
            "bottom": 1372,
            "right": 185
        },
        "type": "text",
        "id": 34,
        "isClick": false,
        "content": "Default"
    },
    {
        "location": {
            "left": 55,
            "top": 1443,
            "bottom": 1485,
            "right": 198
        },
        "type": "text",
        "id": 35,
        "isClick": false,
        "content": "Sound"
    },
    {
        "location": {
            "left": 219,
            "top": 1441,
            "bottom": 1485,
            "right": 409
        },
        "type": "text",
        "id": 36,
        "isClick": false,
        "content": "Duration"
    },
    {
        "location": {
            "left": 55,
            "top": 1512,
            "bottom": 1543,
            "right": 67
        },
        "type": "text",
        "id": 37,
        "isClick": false,
        "content": "1"
    },
    {
        "location": {
            "left": 87,
            "top": 1511,
            "bottom": 1545,
            "right": 162
        },
        "type": "text",
        "id": 38,
        "isClick": false,
        "content": "Sec ."
    },
    {
        "location": {
            "left": 35,
            "top": 1654,
            "bottom": 1688,
            "right": 177
        },
        "type": "text",
        "id": 39,
        "isClick": false,
        "content": "Preview"
    },
    {
        "location": {
            "left": 55,
            "top": 1746,
            "bottom": 1787,
            "right": 232
        },
        "type": "text",
        "id": 40,
        "isClick": false,
        "content": "Preview"
    },
    {
        "location": {
            "left": 251,
            "top": 1745,
            "bottom": 1785,
            "right": 430
        },
        "type": "text",
        "id": 41,
        "isClick": false,
        "content": "Enabled"
    }
]