[
    {
        "location": {
            "left": 90,
            "top": 10,
            "bottom": 25,
            "right": 127
        },
        "type": "text",
        "id": 0,
        "isClick": false,
        "content": "FAK"
    },
    {
        "location": {
            "left": 29,
            "top": 16,
            "bottom": 49,
            "right": 65
        },
        "type": "text",
        "id": 1,
        "isClick": false,
        "content": "f"
    },
    {
        "location": {
            "left": 778,
            "top": 14,
            "bottom": 50,
            "right": 803
        },
        "type": "text",
        "id": 2,
        "isClick": false,
        "content": "4"
    },
    {
        "location": {
            "left": 942,
            "top": 16,
            "bottom": 47,
            "right": 965
        },
        "type": "text",
        "id": 3,
        "isClick": false,
        "content": "3"
    },
    {
        "location": {
            "left": 987,
            "top": 18,
            "bottom": 47,
            "right": 1055
        },
        "type": "text",
        "id": 4,
        "isClick": false,
        "content": "6:43"
    },
    {
        "location": {
            "left": 465,
            "top": 105,
            "bottom": 153,
            "right": 615
        },
        "type": "text",
        "id": 5,
        "isClick": false,
        "content": "Media"
    },
    {
        "location": {
            "left": 450,
            "top": 912,
            "bottom": 945,
            "right": 503
        },
        "type": "text",
        "id": 6,
        "isClick": false,
        "content": "No"
    },
    {
        "location": {
            "left": 522,
            "top": 912,
            "bottom": 945,
            "right": 633
        },
        "type": "text",
        "id": 7,
        "isClick": false,
        "content": "items"
    }
]