[
    {
        "location": {
            "left": 91,
            "top": 9,
            "bottom": 25,
            "right": 128
        },
        "type": "text",
        "id": 0,
        "isClick": false,
        "content": "FAK"
    },
    {
        "location": {
            "left": 29,
            "top": 13,
            "bottom": 46,
            "right": 62
        },
        "type": "text",
        "id": 1,
        "isClick": false,
        "content": "f"
    },
    {
        "location": {
            "left": 778,
            "top": 14,
            "bottom": 49,
            "right": 803
        },
        "type": "text",
        "id": 2,
        "isClick": false,
        "content": "4"
    },
    {
        "location": {
            "left": 942,
            "top": 16,
            "bottom": 48,
            "right": 965
        },
        "type": "text",
        "id": 3,
        "isClick": false,
        "content": "5"
    },
    {
        "location": {
            "left": 987,
            "top": 17,
            "bottom": 48,
            "right": 1055
        },
        "type": "text",
        "id": 4,
        "isClick": false,
        "content": "6:45"
    },
    {
        "location": {
            "left": 62,
            "top": 212,
            "bottom": 251,
            "right": 147
        },
        "type": "text",
        "id": 5,
        "isClick": false,
        "content": "Type"
    },
    {
        "location": {
            "left": 225,
            "top": 211,
            "bottom": 245,
            "right": 346
        },
        "type": "text",
        "id": 6,
        "isClick": false,
        "content": "Device"
    },
    {
        "location": {
            "left": 362,
            "top": 209,
            "bottom": 243,
            "right": 438
        },
        "type": "text",
        "id": 7,
        "isClick": false,
        "content": "Info ."
    },
    {
        "location": {
            "left": 929,
            "top": 210,
            "bottom": 247,
            "right": 1035
        },
        "type": "text",
        "id": 8,
        "isClick": false,
        "content": "Guard"
    },
    {
        "location": {
            "left": 450,
            "top": 650,
            "bottom": 685,
            "right": 503
        },
        "type": "text",
        "id": 9,
        "isClick": false,
        "content": "No"
    },
    {
        "location": {
            "left": 522,
            "top": 650,
            "bottom": 685,
            "right": 633
        },
        "type": "text",
        "id": 10,
        "isClick": false,
        "content": "items"
    },
    {
        "location": {
            "left": 355,
            "top": 741,
            "bottom": 771,
            "right": 427
        },
        "type": "text",
        "id": 11,
        "isClick": false,
        "content": "Click"
    },
    {
        "location": {
            "left": 444,
            "top": 741,
            "bottom": 768,
            "right": 502
        },
        "type": "text",
        "id": 12,
        "isClick": false,
        "content": "\" + \""
    },
    {
        "location": {
            "left": 521,
            "top": 741,
            "bottom": 771,
            "right": 724
        },
        "type": "text",
        "id": 13,
        "isClick": false,
        "content": "to add items ."
    },
    {
        "location": {
            "left": 107,
            "top": 1690,
            "bottom": 1748,
            "right": 161
        },
        "type": "text",
        "id": 14,
        "isClick": false,
        "content": "+"
    },
    {
        "location": {
            "left": 670,
            "top": 1700,
            "bottom": 1729,
            "right": 676
        },
        "type": "text",
        "id": 15,
        "isClick": true,
        "content": "!"
    },
    {
        "location": {
            "left": 110,
            "top": 1761,
            "bottom": 1781,
            "right": 155
        },
        "type": "text",
        "id": 16,
        "isClick": false,
        "content": "Add"
    },
    {
        "location": {
            "left": 385,
            "top": 1761,
            "bottom": 1782,
            "right": 426
        },
        "type": "text",
        "id": 17,
        "isClick": false,
        "content": "Edit"
    },
    {
        "location": {
            "left": 607,
            "top": 1761,
            "bottom": 1782,
            "right": 742
        },
        "type": "text",
        "id": 18,
        "isClick": true,
        "content": "Push Status"
    },
    {
        "location": {
            "left": 892,
            "top": 1761,
            "bottom": 1787,
            "right": 997
        },
        "type": "text",
        "id": 19,
        "isClick": false,
        "content": "Push Log"
    }
]