[
    {
        "location": {
            "left": 217,
            "top": 11,
            "bottom": 25,
            "right": 255
        },
        "type": "text",
        "id": 0,
        "isClick": false,
        "content": "FAK"
    },
    {
        "location": {
            "left": 285,
            "top": 10,
            "bottom": 45,
            "right": 374
        },
        "type": "text",
        "id": 1,
        "isClick": false,
        "content": "A."
    },
    {
        "location": {
            "left": 955,
            "top": 17,
            "bottom": 51,
            "right": 1057
        },
        "type": "text",
        "id": 2,
        "isClick": false,
        "content": "12:37"
    },
    {
        "location": {
            "left": 86,
            "top": 150,
            "bottom": 215,
            "right": 151
        },
        "type": "text",
        "id": 3,
        "isClick": false,
        "content": "i"
    },
    {
        "location": {
            "left": 180,
            "top": 160,
            "bottom": 202,
            "right": 311
        },
        "type": "text",
        "id": 4,
        "isClick": false,
        "content": "Video"
    },
    {
        "location": {
            "left": 332,
            "top": 161,
            "bottom": 202,
            "right": 561
        },
        "type": "text",
        "id": 5,
        "isClick": false,
        "content": "Converter"
    },
    {
        "location": {
            "left": 578,
            "top": 160,
            "bottom": 202,
            "right": 759
        },
        "type": "text",
        "id": 6,
        "isClick": false,
        "content": "Android"
    },
    {
        "location": {
            "left": 793,
            "top": 160,
            "bottom": 202,
            "right": 955
        },
        "type": "text",
        "id": 7,
        "isClick": false,
        "content": "Tutorial"
    },
    {
        "location": {
            "left": 147,
            "top": 204,
            "bottom": 208,
            "right": 149
        },
        "type": "text",
        "id": 8,
        "isClick": false,
        "content": "rage / emulated / 0 /"
    },
    {
        "location": {
            "left": 510,
            "top": 204,
            "bottom": 245,
            "right": 828
        },
        "type": "text",
        "id": 9,
        "isClick": false,
        "content": "AndroidPackage"
    },
    {
        "location": {
            "left": 152,
            "top": 345,
            "bottom": 393,
            "right": 238
        },
        "type": "text",
        "id": 10,
        "isClick": false,
        "content": "You"
    },
    {
        "location": {
            "left": 259,
            "top": 345,
            "bottom": 393,
            "right": 409
        },
        "type": "text",
        "id": 11,
        "isClick": false,
        "content": "device"
    },
    {
        "location": {
            "left": 428,
            "top": 347,
            "bottom": 400,
            "right": 636
        },
        "type": "text",
        "id": 12,
        "isClick": false,
        "content": "supports"
    },
    {
        "location": {
            "left": 654,
            "top": 345,
            "bottom": 393,
            "right": 786
        },
        "type": "text",
        "id": 13,
        "isClick": false,
        "content": "Video"
    },
    {
        "location": {
            "left": 154,
            "top": 409,
            "bottom": 456,
            "right": 385
        },
        "type": "text",
        "id": 14,
        "isClick": false,
        "content": "Converter"
    },
    {
        "location": {
            "left": 402,
            "top": 409,
            "bottom": 457,
            "right": 583
        },
        "type": "text",
        "id": 15,
        "isClick": false,
        "content": "Android"
    },
    {
        "location": {
            "left": 602,
            "top": 409,
            "bottom": 457,
            "right": 665
        },
        "type": "text",
        "id": 16,
        "isClick": false,
        "content": "v2 ,"
    },
    {
        "location": {
            "left": 682,
            "top": 410,
            "bottom": 456,
            "right": 755
        },
        "type": "text",
        "id": 17,
        "isClick": false,
        "content": "the"
    },
    {
        "location": {
            "left": 774,
            "top": 410,
            "bottom": 457,
            "right": 871
        },
        "type": "text",
        "id": 18,
        "isClick": false,
        "content": "next"
    },
    {
        "location": {
            "left": 153,
            "top": 473,
            "bottom": 527,
            "right": 400
        },
        "type": "text",
        "id": 19,
        "isClick": false,
        "content": "generation"
    },
    {
        "location": {
            "left": 421,
            "top": 473,
            "bottom": 519,
            "right": 468
        },
        "type": "text",
        "id": 20,
        "isClick": false,
        "content": "of"
    },
    {
        "location": {
            "left": 483,
            "top": 474,
            "bottom": 521,
            "right": 608
        },
        "type": "text",
        "id": 21,
        "isClick": false,
        "content": "video"
    },
    {
        "location": {
            "left": 627,
            "top": 478,
            "bottom": 521,
            "right": 850
        },
        "type": "text",
        "id": 22,
        "isClick": false,
        "content": "converter"
    },
    {
        "location": {
            "left": 153,
            "top": 537,
            "bottom": 585,
            "right": 248
        },
        "type": "text",
        "id": 23,
        "isClick": false,
        "content": "with"
    },
    {
        "location": {
            "left": 270,
            "top": 537,
            "bottom": 585,
            "right": 406
        },
        "type": "text",
        "id": 24,
        "isClick": false,
        "content": "better"
    },
    {
        "location": {
            "left": 425,
            "top": 537,
            "bottom": 580,
            "right": 465
        },
        "type": "text",
        "id": 25,
        "isClick": false,
        "content": "Ul"
    },
    {
        "location": {
            "left": 488,
            "top": 537,
            "bottom": 584,
            "right": 570
        },
        "type": "text",
        "id": 26,
        "isClick": false,
        "content": "and"
    },
    {
        "location": {
            "left": 590,
            "top": 537,
            "bottom": 583,
            "right": 727
        },
        "type": "text",
        "id": 27,
        "isClick": false,
        "content": "faster"
    },
    {
        "location": {
            "left": 745,
            "top": 537,
            "bottom": 591,
            "right": 896
        },
        "type": "text",
        "id": 28,
        "isClick": false,
        "content": "speed ."
    },
    {
        "location": {
            "left": 155,
            "top": 601,
            "bottom": 644,
            "right": 267
        },
        "type": "text",
        "id": 29,
        "isClick": false,
        "content": "Click"
    },
    {
        "location": {
            "left": 287,
            "top": 603,
            "bottom": 645,
            "right": 387
        },
        "type": "text",
        "id": 30,
        "isClick": false,
        "content": "New"
    },
    {
        "location": {
            "left": 406,
            "top": 603,
            "bottom": 645,
            "right": 636
        },
        "type": "text",
        "id": 31,
        "isClick": false,
        "content": "Converter"
    },
    {
        "location": {
            "left": 655,
            "top": 601,
            "bottom": 645,
            "right": 802
        },
        "type": "text",
        "id": 32,
        "isClick": false,
        "content": "button"
    },
    {
        "location": {
            "left": 821,
            "top": 602,
            "bottom": 645,
            "right": 865
        },
        "type": "text",
        "id": 33,
        "isClick": false,
        "content": "to"
    },
    {
        "location": {
            "left": 152,
            "top": 667,
            "bottom": 716,
            "right": 225
        },
        "type": "text",
        "id": 34,
        "isClick": false,
        "content": "get"
    },
    {
        "location": {
            "left": 243,
            "top": 665,
            "bottom": 711,
            "right": 269
        },
        "type": "text",
        "id": 35,
        "isClick": false,
        "content": "it"
    },
    {
        "location": {
            "left": 273,
            "top": 697,
            "bottom": 708,
            "right": 281
        },
        "type": "text",
        "id": 36,
        "isClick": false,
        "content": "."
    },
    {
        "location": {
            "left": 715,
            "top": 701,
            "bottom": 747,
            "right": 828
        },
        "type": "text",
        "id": 37,
        "isClick": false,
        "content": "Cance"
    },
    {
        "location": {
            "left": 155,
            "top": 792,
            "bottom": 840,
            "right": 183
        },
        "type": "text",
        "id": 38,
        "isClick": false,
        "content": "If"
    },
    {
        "location": {
            "left": 199,
            "top": 801,
            "bottom": 846,
            "right": 279
        },
        "type": "text",
        "id": 39,
        "isClick": false,
        "content": "you"
    },
    {
        "location": {
            "left": 299,
            "top": 797,
            "bottom": 841,
            "right": 411
        },
        "type": "text",
        "id": 40,
        "isClick": false,
        "content": "want"
    },
    {
        "location": {
            "left": 429,
            "top": 797,
            "bottom": 840,
            "right": 473
        },
        "type": "text",
        "id": 41,
        "isClick": false,
        "content": "to"
    },
    {
        "location": {
            "left": 493,
            "top": 792,
            "bottom": 840,
            "right": 601
        },
        "type": "text",
        "id": 42,
        "isClick": false,
        "content": "stick"
    },
    {
        "location": {
            "left": 619,
            "top": 792,
            "bottom": 841,
            "right": 715
        },
        "type": "text",
        "id": 43,
        "isClick": false,
        "content": "with"
    },
    {
        "location": {
            "left": 735,
            "top": 792,
            "bottom": 841,
            "right": 867
        },
        "type": "text",
        "id": 44,
        "isClick": false,
        "content": "Video"
    },
    {
        "location": {
            "left": 155,
            "top": 857,
            "bottom": 905,
            "right": 385
        },
        "type": "text",
        "id": 45,
        "isClick": false,
        "content": "Converter"
    },
    {
        "location": {
            "left": 401,
            "top": 856,
            "bottom": 905,
            "right": 582
        },
        "type": "text",
        "id": 46,
        "isClick": false,
        "content": "Android"
    },
    {
        "location": {
            "left": 602,
            "top": 858,
            "bottom": 911,
            "right": 664
        },
        "type": "text",
        "id": 47,
        "isClick": false,
        "content": "v1 ,"
    },
    {
        "location": {
            "left": 685,
            "top": 856,
            "bottom": 910,
            "right": 835
        },
        "type": "text",
        "id": 48,
        "isClick": false,
        "content": "please"
    },
    {
        "location": {
            "left": 154,
            "top": 920,
            "bottom": 964,
            "right": 382
        },
        "type": "text",
        "id": 49,
        "isClick": false,
        "content": "download"
    },
    {
        "location": {
            "left": 401,
            "top": 920,
            "bottom": 964,
            "right": 474
        },
        "type": "text",
        "id": 50,
        "isClick": false,
        "content": "the"
    },
    {
        "location": {
            "left": 493,
            "top": 920,
            "bottom": 964,
            "right": 646
        },
        "type": "text",
        "id": 51,
        "isClick": false,
        "content": "codec ."
    },
    {
        "location": {
            "left": 152,
            "top": 1047,
            "bottom": 1090,
            "right": 240
        },
        "type": "text",
        "id": 52,
        "isClick": false,
        "content": "The"
    },
    {
        "location": {
            "left": 259,
            "top": 1047,
            "bottom": 1091,
            "right": 357
        },
        "type": "text",
        "id": 53,
        "isClick": false,
        "content": "best"
    },
    {
        "location": {
            "left": 375,
            "top": 1047,
            "bottom": 1096,
            "right": 517
        },
        "type": "text",
        "id": 54,
        "isClick": false,
        "content": "codec"
    },
    {
        "location": {
            "left": 536,
            "top": 1047,
            "bottom": 1096,
            "right": 741
        },
        "type": "text",
        "id": 55,
        "isClick": false,
        "content": "detected"
    },
    {
        "location": {
            "left": 760,
            "top": 1044,
            "bottom": 1092,
            "right": 825
        },
        "type": "text",
        "id": 56,
        "isClick": false,
        "content": "for"
    },
    {
        "location": {
            "left": 840,
            "top": 1057,
            "bottom": 1102,
            "right": 942
        },
        "type": "text",
        "id": 57,
        "isClick": false,
        "content": "your"
    },
    {
        "location": {
            "left": 154,
            "top": 1108,
            "bottom": 1155,
            "right": 303
        },
        "type": "text",
        "id": 58,
        "isClick": false,
        "content": "device"
    },
    {
        "location": {
            "left": 324,
            "top": 1113,
            "bottom": 1154,
            "right": 357
        },
        "type": "text",
        "id": 59,
        "isClick": false,
        "content": "is"
    },
    {
        "location": {
            "left": 376,
            "top": 1113,
            "bottom": 1153,
            "right": 551
        },
        "type": "text",
        "id": 60,
        "isClick": false,
        "content": "ARMV7"
    },
    {
        "location": {
            "left": 572,
            "top": 1112,
            "bottom": 1155,
            "right": 721
        },
        "type": "text",
        "id": 61,
        "isClick": false,
        "content": "NEON ."
    },
    {
        "location": {
            "left": 744,
            "top": 1108,
            "bottom": 1155,
            "right": 897
        },
        "type": "text",
        "id": 62,
        "isClick": false,
        "content": "Please"
    },
    {
        "location": {
            "left": 154,
            "top": 1171,
            "bottom": 1218,
            "right": 382
        },
        "type": "text",
        "id": 63,
        "isClick": false,
        "content": "download"
    },
    {
        "location": {
            "left": 404,
            "top": 1176,
            "bottom": 1218,
            "right": 428
        },
        "type": "text",
        "id": 64,
        "isClick": false,
        "content": "it"
    },
    {
        "location": {
            "left": 449,
            "top": 1176,
            "bottom": 1217,
            "right": 483
        },
        "type": "text",
        "id": 65,
        "isClick": false,
        "content": "in"
    },
    {
        "location": {
            "left": 504,
            "top": 1171,
            "bottom": 1220,
            "right": 625
        },
        "type": "text",
        "id": 66,
        "isClick": false,
        "content": "order"
    },
    {
        "location": {
            "left": 640,
            "top": 1179,
            "bottom": 1218,
            "right": 684
        },
        "type": "text",
        "id": 67,
        "isClick": false,
        "content": "to"
    },
    {
        "location": {
            "left": 705,
            "top": 1185,
            "bottom": 1219,
            "right": 785
        },
        "type": "text",
        "id": 68,
        "isClick": false,
        "content": "use"
    },
    {
        "location": {
            "left": 801,
            "top": 1174,
            "bottom": 1218,
            "right": 875
        },
        "type": "text",
        "id": 69,
        "isClick": false,
        "content": "the"
    },
    {
        "location": {
            "left": 153,
            "top": 1249,
            "bottom": 1292,
            "right": 248
        },
        "type": "text",
        "id": 70,
        "isClick": false,
        "content": "app ."
    },
    {
        "location": {
            "left": 167,
            "top": 1456,
            "bottom": 1489,
            "right": 348
        },
        "type": "text",
        "id": 71,
        "isClick": false,
        "content": "Download"
    },
    {
        "location": {
            "left": 363,
            "top": 1456,
            "bottom": 1488,
            "right": 480
        },
        "type": "text",
        "id": 72,
        "isClick": false,
        "content": "Codec"
    },
    {
        "location": {
            "left": 624,
            "top": 1457,
            "bottom": 1489,
            "right": 703
        },
        "type": "text",
        "id": 73,
        "isClick": true,
        "content": "New"
    },
    {
        "location": {
            "left": 718,
            "top": 1457,
            "bottom": 1490,
            "right": 896
        },
        "type": "text",
        "id": 74,
        "isClick": true,
        "content": "Converter"
    },
    {
        "location": {
            "left": 164,
            "top": 1655,
            "bottom": 1686,
            "right": 282
        },
        "type": "text",
        "id": 75,
        "isClick": false,
        "content": "Browse"
    },
    {
        "location": {
            "left": 384,
            "top": 1655,
            "bottom": 1686,
            "right": 489
        },
        "type": "text",
        "id": 76,
        "isClick": false,
        "content": "Videos"
    },
    {
        "location": {
            "left": 588,
            "top": 1655,
            "bottom": 1686,
            "right": 715
        },
        "type": "text",
        "id": 77,
        "isClick": false,
        "content": "Convert"
    },
    {
        "location": {
            "left": 780,
            "top": 1655,
            "bottom": 1686,
            "right": 947
        },
        "type": "text",
        "id": 78,
        "isClick": false,
        "content": "Converted"
    },
    {
        "location": {
            "left": 136,
            "top": 1761,
            "bottom": 1788,
            "right": 220
        },
        "type": "text",
        "id": 79,
        "isClick": false,
        "content": "Show"
    },
    {
        "location": {
            "left": 247,
            "top": 1761,
            "bottom": 1789,
            "right": 341
        },
        "type": "text",
        "id": 80,
        "isClick": false,
        "content": "Again"
    },
    {
        "location": {
            "left": 362,
            "top": 1762,
            "bottom": 1790,
            "right": 456
        },
        "type": "text",
        "id": 81,
        "isClick": false,
        "content": "later"
    },
    {
        "location": {
            "left": 625,
            "top": 1761,
            "bottom": 1792,
            "right": 716
        },
        "type": "text",
        "id": 82,
        "isClick": false,
        "content": "Don't"
    },
    {
        "location": {
            "left": 738,
            "top": 1761,
            "bottom": 1793,
            "right": 820
        },
        "type": "text",
        "id": 83,
        "isClick": false,
        "content": "Show"
    },
    {
        "location": {
            "left": 848,
            "top": 1761,
            "bottom": 1792,
            "right": 943
        },
        "type": "text",
        "id": 84,
        "isClick": false,
        "content": "Again"
    }
]