[
    {
        "location": {
            "left": 94,
            "top": 14,
            "bottom": 53,
            "right": 127
        },
        "type": "text",
        "id": 0,
        "isClick": false,
        "content": "f"
    },
    {
        "location": {
            "left": 158,
            "top": 10,
            "bottom": 51,
            "right": 251
        },
        "type": "text",
        "id": 1,
        "isClick": false,
        "content": "\u6613\u6613"
    },
    {
        "location": {
            "left": 284,
            "top": 9,
            "bottom": 53,
            "right": 377
        },
        "type": "text",
        "id": 2,
        "isClick": false,
        "content": "\u6613\u6613"
    },
    {
        "location": {
            "left": 410,
            "top": 10,
            "bottom": 53,
            "right": 503
        },
        "type": "text",
        "id": 3,
        "isClick": false,
        "content": "\u6613\u6613"
    },
    {
        "location": {
            "left": 536,
            "top": 9,
            "bottom": 53,
            "right": 629
        },
        "type": "text",
        "id": 4,
        "isClick": false,
        "content": "\u6613\u6613"
    },
    {
        "location": {
            "left": 662,
            "top": 11,
            "bottom": 51,
            "right": 691
        },
        "type": "text",
        "id": 5,
        "isClick": false,
        "content": "\u6613"
    },
    {
        "location": {
            "left": 783,
            "top": 14,
            "bottom": 49,
            "right": 804
        },
        "type": "text",
        "id": 6,
        "isClick": false,
        "content": "4"
    },
    {
        "location": {
            "left": 987,
            "top": 18,
            "bottom": 48,
            "right": 1051
        },
        "type": "text",
        "id": 7,
        "isClick": false,
        "content": "3:51"
    },
    {
        "location": {
            "left": 157,
            "top": 44,
            "bottom": 181,
            "right": 310
        },
        "type": "text",
        "id": 8,
        "isClick": false,
        "content": "O"
    },
    {
        "location": {
            "left": 345,
            "top": 46,
            "bottom": 154,
            "right": 543
        },
        "type": "text",
        "id": 9,
        "isClick": false,
        "content": "Search"
    },
    {
        "location": {
            "left": 646,
            "top": 51,
            "bottom": 164,
            "right": 813
        },
        "type": "text",
        "id": 10,
        "isClick": false,
        "content": "Googl"
    },
    {
        "location": {
            "left": 833,
            "top": 63,
            "bottom": 168,
            "right": 874
        },
        "type": "text",
        "id": 11,
        "isClick": false,
        "content": "z"
    },
    {
        "location": {
            "left": 35,
            "top": 224,
            "bottom": 274,
            "right": 209
        },
        "type": "text",
        "id": 12,
        "isClick": false,
        "content": "Enter sear"
    },
    {
        "location": {
            "left": 240,
            "top": 230,
            "bottom": 265,
            "right": 286
        },
        "type": "text",
        "id": 13,
        "isClick": false,
        "content": "To"
    },
    {
        "location": {
            "left": 304,
            "top": 228,
            "bottom": 265,
            "right": 418
        },
        "type": "text",
        "id": 14,
        "isClick": false,
        "content": "select"
    },
    {
        "location": {
            "left": 434,
            "top": 226,
            "bottom": 265,
            "right": 563
        },
        "type": "text",
        "id": 15,
        "isClick": false,
        "content": "search"
    },
    {
        "location": {
            "left": 582,
            "top": 228,
            "bottom": 273,
            "right": 806
        },
        "type": "text",
        "id": 16,
        "isClick": false,
        "content": "service just"
    },
    {
        "location": {
            "left": 242,
            "top": 280,
            "bottom": 325,
            "right": 354
        },
        "type": "text",
        "id": 17,
        "isClick": false,
        "content": "swipe"
    },
    {
        "location": {
            "left": 369,
            "top": 280,
            "bottom": 317,
            "right": 429
        },
        "type": "text",
        "id": 18,
        "isClick": false,
        "content": "the"
    },
    {
        "location": {
            "left": 447,
            "top": 280,
            "bottom": 325,
            "right": 528
        },
        "type": "text",
        "id": 19,
        "isClick": false,
        "content": "logo"
    },
    {
        "location": {
            "left": 545,
            "top": 280,
            "bottom": 325,
            "right": 631
        },
        "type": "text",
        "id": 20,
        "isClick": false,
        "content": "right"
    },
    {
        "location": {
            "left": 647,
            "top": 289,
            "bottom": 316,
            "right": 684
        },
        "type": "text",
        "id": 21,
        "isClick": false,
        "content": "or"
    },
    {
        "location": {
            "left": 701,
            "top": 279,
            "bottom": 316,
            "right": 758
        },
        "type": "text",
        "id": 22,
        "isClick": false,
        "content": "left"
    },
    {
        "location": {
            "left": 91,
            "top": 347,
            "bottom": 457,
            "right": 195
        },
        "type": "text",
        "id": 23,
        "isClick": false,
        "content": "G"
    },
    {
        "location": {
            "left": 674,
            "top": 384,
            "bottom": 418,
            "right": 708
        },
        "type": "text",
        "id": 24,
        "isClick": false,
        "content": "f"
    },
    {
        "location": {
            "left": 888,
            "top": 480,
            "bottom": 504,
            "right": 983
        },
        "type": "text",
        "id": 25,
        "isClick": false,
        "content": "Twitter"
    },
    {
        "location": {
            "left": 31,
            "top": 513,
            "bottom": 577,
            "right": 121
        },
        "type": "text",
        "id": 26,
        "isClick": false,
        "content": "11"
    },
    {
        "location": {
            "left": 94,
            "top": 479,
            "bottom": 510,
            "right": 194
        },
        "type": "text",
        "id": 27,
        "isClick": false,
        "content": "Google"
    },
    {
        "location": {
            "left": 346,
            "top": 479,
            "bottom": 509,
            "right": 464
        },
        "type": "text",
        "id": 28,
        "isClick": false,
        "content": "YouTube"
    },
    {
        "location": {
            "left": 594,
            "top": 479,
            "bottom": 510,
            "right": 737
        },
        "type": "text",
        "id": 29,
        "isClick": false,
        "content": "Facebook"
    },
    {
        "location": {
            "left": 184,
            "top": 495,
            "bottom": 547,
            "right": 299
        },
        "type": "text",
        "id": 30,
        "isClick": false,
        "content": "Swipe"
    },
    {
        "location": {
            "left": 316,
            "top": 502,
            "bottom": 539,
            "right": 375
        },
        "type": "text",
        "id": 31,
        "isClick": false,
        "content": "the"
    },
    {
        "location": {
            "left": 392,
            "top": 498,
            "bottom": 539,
            "right": 495
        },
        "type": "text",
        "id": 32,
        "isClick": false,
        "content": "icons"
    },
    {
        "location": {
            "left": 512,
            "top": 497,
            "bottom": 547,
            "right": 599
        },
        "type": "text",
        "id": 33,
        "isClick": false,
        "content": "right"
    },
    {
        "location": {
            "left": 614,
            "top": 499,
            "bottom": 539,
            "right": 649
        },
        "type": "text",
        "id": 34,
        "isClick": false,
        "content": "to"
    },
    {
        "location": {
            "left": 666,
            "top": 500,
            "bottom": 539,
            "right": 803
        },
        "type": "text",
        "id": 35,
        "isClick": false,
        "content": "access"
    },
    {
        "location": {
            "left": 184,
            "top": 551,
            "bottom": 592,
            "right": 303
        },
        "type": "text",
        "id": 36,
        "isClick": false,
        "content": "recent"
    },
    {
        "location": {
            "left": 320,
            "top": 554,
            "bottom": 593,
            "right": 451
        },
        "type": "text",
        "id": 37,
        "isClick": false,
        "content": "search"
    },
    {
        "location": {
            "left": 468,
            "top": 554,
            "bottom": 597,
            "right": 611
        },
        "type": "text",
        "id": 38,
        "isClick": false,
        "content": "queries"
    },
    {
        "location": {
            "left": 629,
            "top": 608,
            "bottom": 634,
            "right": 680
        },
        "type": "text",
        "id": 39,
        "isClick": false,
        "content": "UN"
    },
    {
        "location": {
            "left": 899,
            "top": 640,
            "bottom": 657,
            "right": 971
        },
        "type": "text",
        "id": 40,
        "isClick": false,
        "content": "YAHOO !"
    },
    {
        "location": {
            "left": 852,
            "top": 652,
            "bottom": 706,
            "right": 1014
        },
        "type": "text",
        "id": 41,
        "isClick": false,
        "content": "a"
    },
    {
        "location": {
            "left": 73,
            "top": 684,
            "bottom": 714,
            "right": 211
        },
        "type": "text",
        "id": 42,
        "isClick": false,
        "content": "Instagram"
    },
    {
        "location": {
            "left": 368,
            "top": 684,
            "bottom": 707,
            "right": 444
        },
        "type": "text",
        "id": 43,
        "isClick": false,
        "content": "Gmail"
    },
    {
        "location": {
            "left": 641,
            "top": 684,
            "bottom": 708,
            "right": 702
        },
        "type": "text",
        "id": 44,
        "isClick": false,
        "content": "CNN"
    },
    {
        "location": {
            "left": 926,
            "top": 680,
            "bottom": 703,
            "right": 961
        },
        "type": "text",
        "id": 45,
        "isClick": false,
        "content": "atb"
    },
    {
        "location": {
            "left": 82,
            "top": 772,
            "bottom": 811,
            "right": 120
        },
        "type": "text",
        "id": 46,
        "isClick": false,
        "content": "18"
    },
    {
        "location": {
            "left": 191,
            "top": 809,
            "bottom": 854,
            "right": 349
        },
        "type": "text",
        "id": 47,
        "isClick": false,
        "content": "Tap and"
    },
    {
        "location": {
            "left": 367,
            "top": 788,
            "bottom": 849,
            "right": 447
        },
        "type": "text",
        "id": 48,
        "isClick": false,
        "content": "hold"
    },
    {
        "location": {
            "left": 463,
            "top": 817,
            "bottom": 852,
            "right": 533
        },
        "type": "text",
        "id": 49,
        "isClick": false,
        "content": "any"
    },
    {
        "location": {
            "left": 549,
            "top": 808,
            "bottom": 848,
            "right": 681
        },
        "type": "text",
        "id": 50,
        "isClick": false,
        "content": "icon to"
    },
    {
        "location": {
            "left": 697,
            "top": 786,
            "bottom": 848,
            "right": 844
        },
        "type": "text",
        "id": 51,
        "isClick": false,
        "content": "remove"
    },
    {
        "location": {
            "left": 918,
            "top": 789,
            "bottom": 844,
            "right": 937
        },
        "type": "text",
        "id": 52,
        "isClick": false,
        "content": "W"
    },
    {
        "location": {
            "left": 193,
            "top": 870,
            "bottom": 897,
            "right": 230
        },
        "type": "text",
        "id": 53,
        "isClick": false,
        "content": "or"
    },
    {
        "location": {
            "left": 245,
            "top": 861,
            "bottom": 897,
            "right": 314
        },
        "type": "text",
        "id": 54,
        "isClick": false,
        "content": "edit"
    },
    {
        "location": {
            "left": 331,
            "top": 861,
            "bottom": 902,
            "right": 450
        },
        "type": "text",
        "id": 55,
        "isClick": false,
        "content": "Speed"
    },
    {
        "location": {
            "left": 471,
            "top": 861,
            "bottom": 897,
            "right": 538
        },
        "type": "text",
        "id": 56,
        "isClick": false,
        "content": "Dial"
    },
    {
        "location": {
            "left": 557,
            "top": 859,
            "bottom": 897,
            "right": 754
        },
        "type": "text",
        "id": 57,
        "isClick": false,
        "content": "bookmark"
    },
    {
        "location": {
            "left": 887,
            "top": 884,
            "bottom": 918,
            "right": 1002
        },
        "type": "text",
        "id": 58,
        "isClick": false,
        "content": "Wikipedia"
    },
    {
        "location": {
            "left": 104,
            "top": 888,
            "bottom": 917,
            "right": 153
        },
        "type": "text",
        "id": 59,
        "isClick": false,
        "content": "Maps"
    },
    {
        "location": {
            "left": 104,
            "top": 974,
            "bottom": 1055,
            "right": 183
        },
        "type": "text",
        "id": 60,
        "isClick": false,
        "content": "T"
    },
    {
        "location": {
            "left": 390,
            "top": 990,
            "bottom": 1048,
            "right": 420
        },
        "type": "text",
        "id": 61,
        "isClick": false,
        "content": "B."
    },
    {
        "location": {
            "left": 620,
            "top": 1008,
            "bottom": 1031,
            "right": 704
        },
        "type": "text",
        "id": 62,
        "isClick": false,
        "content": "ESET"
    },
    {
        "location": {
            "left": 908,
            "top": 977,
            "bottom": 1060,
            "right": 928
        },
        "type": "text",
        "id": 63,
        "isClick": false,
        "content": "t"
    },
    {
        "location": {
            "left": 78,
            "top": 1092,
            "bottom": 1116,
            "right": 207
        },
        "type": "text",
        "id": 64,
        "isClick": false,
        "content": "NY Times"
    },
    {
        "location": {
            "left": 352,
            "top": 1092,
            "bottom": 1122,
            "right": 461
        },
        "type": "text",
        "id": 65,
        "isClick": false,
        "content": "Booking"
    },
    {
        "location": {
            "left": 634,
            "top": 1092,
            "bottom": 1116,
            "right": 709
        },
        "type": "text",
        "id": 66,
        "isClick": false,
        "content": "ESPN"
    },
    {
        "location": {
            "left": 888,
            "top": 1091,
            "bottom": 1116,
            "right": 984
        },
        "type": "text",
        "id": 67,
        "isClick": false,
        "content": "Tumblr"
    },
    {
        "location": {
            "left": 612,
            "top": 1170,
            "bottom": 1270,
            "right": 673
        },
        "type": "text",
        "id": 68,
        "isClick": false,
        "content": "IR"
    },
    {
        "location": {
            "left": 82,
            "top": 1296,
            "bottom": 1321,
            "right": 203
        },
        "type": "text",
        "id": 69,
        "isClick": false,
        "content": "Pinterest"
    },
    {
        "location": {
            "left": 359,
            "top": 1296,
            "bottom": 1320,
            "right": 455
        },
        "type": "text",
        "id": 70,
        "isClick": false,
        "content": "Games"
    },
    {
        "location": {
            "left": 626,
            "top": 1296,
            "bottom": 1326,
            "right": 718
        },
        "type": "text",
        "id": 71,
        "isClick": false,
        "content": "Recipe"
    },
    {
        "location": {
            "left": 514,
            "top": 1633,
            "bottom": 1663,
            "right": 567
        },
        "type": "text",
        "id": 72,
        "isClick": true,
        "content": "OK"
    }
]