[
    {
        "location": {
            "left": 104,
            "top": 14,
            "bottom": 50,
            "right": 116
        },
        "type": "text",
        "id": 0,
        "isClick": false,
        "content": "f"
    },
    {
        "location": {
            "left": 153,
            "top": 12,
            "bottom": 51,
            "right": 380
        },
        "type": "text",
        "id": 1,
        "isClick": false,
        "content": "\u6613\u6613 \u6613\u6613"
    },
    {
        "location": {
            "left": 408,
            "top": 10,
            "bottom": 51,
            "right": 631
        },
        "type": "text",
        "id": 2,
        "isClick": false,
        "content": "\u6613\u6613 \u6613\u6613"
    },
    {
        "location": {
            "left": 667,
            "top": 13,
            "bottom": 51,
            "right": 679
        },
        "type": "text",
        "id": 3,
        "isClick": false,
        "content": "\u6613"
    },
    {
        "location": {
            "left": 987,
            "top": 18,
            "bottom": 48,
            "right": 1056
        },
        "type": "text",
        "id": 4,
        "isClick": false,
        "content": "3:53"
    },
    {
        "location": {
            "left": 561,
            "top": 89,
            "bottom": 110,
            "right": 602
        },
        "type": "text",
        "id": 5,
        "isClick": false,
        "content": "with"
    },
    {
        "location": {
            "left": 172,
            "top": 59,
            "bottom": 185,
            "right": 300
        },
        "type": "text",
        "id": 6,
        "isClick": false,
        "content": "Q"
    },
    {
        "location": {
            "left": 346,
            "top": 102,
            "bottom": 160,
            "right": 540
        },
        "type": "text",
        "id": 7,
        "isClick": false,
        "content": "Search"
    },
    {
        "location": {
            "left": 712,
            "top": 105,
            "bottom": 169,
            "right": 822
        },
        "type": "text",
        "id": 8,
        "isClick": false,
        "content": "Bing"
    },
    {
        "location": {
            "left": 32,
            "top": 235,
            "bottom": 267,
            "right": 246
        },
        "type": "text",
        "id": 9,
        "isClick": false,
        "content": "Enter search"
    },
    {
        "location": {
            "left": 261,
            "top": 235,
            "bottom": 275,
            "right": 552
        },
        "type": "text",
        "id": 10,
        "isClick": false,
        "content": "query or address"
    },
    {
        "location": {
            "left": 82,
            "top": 347,
            "bottom": 460,
            "right": 195
        },
        "type": "text",
        "id": 11,
        "isClick": false,
        "content": "G"
    },
    {
        "location": {
            "left": 662,
            "top": 364,
            "bottom": 457,
            "right": 711
        },
        "type": "text",
        "id": 12,
        "isClick": false,
        "content": "f"
    },
    {
        "location": {
            "left": 94,
            "top": 478,
            "bottom": 511,
            "right": 191
        },
        "type": "text",
        "id": 13,
        "isClick": false,
        "content": "Google"
    },
    {
        "location": {
            "left": 347,
            "top": 478,
            "bottom": 505,
            "right": 467
        },
        "type": "text",
        "id": 14,
        "isClick": false,
        "content": "YouTube"
    },
    {
        "location": {
            "left": 606,
            "top": 478,
            "bottom": 505,
            "right": 739
        },
        "type": "text",
        "id": 15,
        "isClick": false,
        "content": "Facebook"
    },
    {
        "location": {
            "left": 889,
            "top": 479,
            "bottom": 505,
            "right": 985
        },
        "type": "text",
        "id": 16,
        "isClick": false,
        "content": "Twitter"
    },
    {
        "location": {
            "left": 109,
            "top": 576,
            "bottom": 612,
            "right": 173
        },
        "type": "text",
        "id": 17,
        "isClick": false,
        "content": "lo"
    },
    {
        "location": {
            "left": 360,
            "top": 571,
            "bottom": 651,
            "right": 385
        },
        "type": "text",
        "id": 18,
        "isClick": false,
        "content": "M"
    },
    {
        "location": {
            "left": 622,
            "top": 586,
            "bottom": 636,
            "right": 719
        },
        "type": "text",
        "id": 19,
        "isClick": false,
        "content": "CM"
    },
    {
        "location": {
            "left": 900,
            "top": 637,
            "bottom": 657,
            "right": 973
        },
        "type": "text",
        "id": 20,
        "isClick": false,
        "content": "YAHOO !"
    },
    {
        "location": {
            "left": 74,
            "top": 684,
            "bottom": 715,
            "right": 211
        },
        "type": "text",
        "id": 21,
        "isClick": false,
        "content": "Instagram"
    },
    {
        "location": {
            "left": 368,
            "top": 682,
            "bottom": 709,
            "right": 445
        },
        "type": "text",
        "id": 22,
        "isClick": false,
        "content": "Gmail"
    },
    {
        "location": {
            "left": 641,
            "top": 681,
            "bottom": 710,
            "right": 702
        },
        "type": "text",
        "id": 23,
        "isClick": false,
        "content": "CNN"
    },
    {
        "location": {
            "left": 880,
            "top": 682,
            "bottom": 709,
            "right": 994
        },
        "type": "text",
        "id": 24,
        "isClick": false,
        "content": "Weather"
    },
    {
        "location": {
            "left": 95,
            "top": 769,
            "bottom": 814,
            "right": 122
        },
        "type": "text",
        "id": 25,
        "isClick": false,
        "content": "8"
    },
    {
        "location": {
            "left": 374,
            "top": 769,
            "bottom": 853,
            "right": 435
        },
        "type": "text",
        "id": 26,
        "isClick": false,
        "content": "a"
    },
    {
        "location": {
            "left": 621,
            "top": 793,
            "bottom": 837,
            "right": 721
        },
        "type": "text",
        "id": 27,
        "isClick": false,
        "content": "ebay"
    },
    {
        "location": {
            "left": 895,
            "top": 788,
            "bottom": 844,
            "right": 978
        },
        "type": "text",
        "id": 28,
        "isClick": false,
        "content": "W"
    },
    {
        "location": {
            "left": 105,
            "top": 888,
            "bottom": 918,
            "right": 180
        },
        "type": "text",
        "id": 29,
        "isClick": false,
        "content": "Maps"
    },
    {
        "location": {
            "left": 350,
            "top": 888,
            "bottom": 913,
            "right": 463
        },
        "type": "text",
        "id": 30,
        "isClick": false,
        "content": "Amazon"
    },
    {
        "location": {
            "left": 639,
            "top": 888,
            "bottom": 918,
            "right": 705
        },
        "type": "text",
        "id": 31,
        "isClick": false,
        "content": "eBay"
    },
    {
        "location": {
            "left": 870,
            "top": 886,
            "bottom": 919,
            "right": 1002
        },
        "type": "text",
        "id": 32,
        "isClick": false,
        "content": "Wikipedia"
    },
    {
        "location": {
            "left": 385,
            "top": 989,
            "bottom": 1048,
            "right": 440
        },
        "type": "text",
        "id": 33,
        "isClick": false,
        "content": "B."
    },
    {
        "location": {
            "left": 615,
            "top": 1006,
            "bottom": 1033,
            "right": 690
        },
        "type": "text",
        "id": 34,
        "isClick": false,
        "content": "ESP"
    },
    {
        "location": {
            "left": 908,
            "top": 969,
            "bottom": 1064,
            "right": 964
        },
        "type": "text",
        "id": 35,
        "isClick": false,
        "content": "t"
    },
    {
        "location": {
            "left": 77,
            "top": 1089,
            "bottom": 1117,
            "right": 207
        },
        "type": "text",
        "id": 36,
        "isClick": false,
        "content": "NY Times"
    },
    {
        "location": {
            "left": 352,
            "top": 1090,
            "bottom": 1119,
            "right": 461
        },
        "type": "text",
        "id": 37,
        "isClick": false,
        "content": "Booking"
    },
    {
        "location": {
            "left": 635,
            "top": 1089,
            "bottom": 1120,
            "right": 708
        },
        "type": "text",
        "id": 38,
        "isClick": false,
        "content": "ESPN"
    },
    {
        "location": {
            "left": 888,
            "top": 1090,
            "bottom": 1121,
            "right": 985
        },
        "type": "text",
        "id": 39,
        "isClick": false,
        "content": "Tumblr"
    },
    {
        "location": {
            "left": 104,
            "top": 1190,
            "bottom": 1259,
            "right": 177
        },
        "type": "text",
        "id": 40,
        "isClick": false,
        "content": "2"
    },
    {
        "location": {
            "left": 621,
            "top": 1164,
            "bottom": 1265,
            "right": 716
        },
        "type": "text",
        "id": 41,
        "isClick": false,
        "content": "R."
    },
    {
        "location": {
            "left": 916,
            "top": 1209,
            "bottom": 1246,
            "right": 955
        },
        "type": "text",
        "id": 42,
        "isClick": false,
        "content": "+"
    },
    {
        "location": {
            "left": 82,
            "top": 1295,
            "bottom": 1321,
            "right": 203
        },
        "type": "text",
        "id": 43,
        "isClick": false,
        "content": "Pinterest"
    },
    {
        "location": {
            "left": 358,
            "top": 1295,
            "bottom": 1321,
            "right": 454
        },
        "type": "text",
        "id": 44,
        "isClick": false,
        "content": "Games"
    },
    {
        "location": {
            "left": 627,
            "top": 1295,
            "bottom": 1327,
            "right": 717
        },
        "type": "text",
        "id": 45,
        "isClick": false,
        "content": "Recipe"
    }
]