[
    {
        "content": "...",
        "location": {
            "bottom": 50,
            "top": 14,
            "left": 26,
            "right": 69
        },
        "id": 0,
        "isClick": false,
        "type": "text"
    },
    {
        "content": "f",
        "location": {
            "bottom": 50,
            "top": 10,
            "left": 94,
            "right": 127
        },
        "id": 1,
        "isClick": false,
        "type": "text"
    },
    {
        "content": "f",
        "location": {
            "bottom": 50,
            "top": 10,
            "left": 156,
            "right": 189
        },
        "id": 2,
        "isClick": false,
        "type": "text"
    },
    {
        "content": "f",
        "location": {
            "bottom": 50,
            "top": 14,
            "left": 220,
            "right": 253
        },
        "id": 3,
        "isClick": false,
        "type": "text"
    },
    {
        "content": "f",
        "location": {
            "bottom": 51,
            "top": 10,
            "left": 282,
            "right": 315
        },
        "id": 4,
        "isClick": false,
        "type": "text"
    },
    {
        "content": "42",
        "location": {
            "bottom": 48,
            "top": 17,
            "left": 342,
            "right": 381
        },
        "id": 5,
        "isClick": false,
        "type": "text"
    },
    {
        "content": "5",
        "location": {
            "bottom": 48,
            "top": 12,
            "left": 921,
            "right": 944
        },
        "id": 6,
        "isClick": false,
        "type": "text"
    },
    {
        "content": "10:34",
        "location": {
            "bottom": 49,
            "top": 17,
            "left": 968,
            "right": 1057
        },
        "id": 7,
        "isClick": false,
        "type": "text"
    },
    {
        "content": "Gismeteo",
        "location": {
            "bottom": 159,
            "top": 117,
            "left": 44,
            "right": 265
        },
        "id": 8,
        "isClick": false,
        "type": "text"
    },
    {
        "content": "a",
        "location": {
            "bottom": 163,
            "top": 106,
            "left": 884,
            "right": 935
        },
        "id": 9,
        "isClick": false,
        "type": "text"
    },
    {
        "content": ":",
        "location": {
            "bottom": 161,
            "top": 115,
            "left": 1018,
            "right": 1027
        },
        "id": 10,
        "isClick": false,
        "type": "text"
    },
    {
        "content": "NEARBY",
        "location": {
            "bottom": 254,
            "top": 223,
            "left": 33,
            "right": 179
        },
        "id": 11,
        "isClick": false,
        "type": "text"
    },
    {
        "content": "FAVORITES",
        "location": {
            "bottom": 255,
            "top": 223,
            "left": 247,
            "right": 444
        },
        "id": 12,
        "isClick": false,
        "type": "text"
    },
    {
        "content": "Airports",
        "location": {
            "bottom": 413,
            "top": 374,
            "left": 21,
            "right": 166
        },
        "id": 13,
        "isClick": false,
        "type": "text"
    },
    {
        "content": "and",
        "location": {
            "bottom": 408,
            "top": 372,
            "left": 183,
            "right": 246
        },
        "id": 14,
        "isClick": false,
        "type": "text"
    },
    {
        "content": "weather stations",
        "location": {
            "bottom": 409,
            "top": 369,
            "left": 263,
            "right": 568
        },
        "id": 15,
        "isClick": false,
        "type": "text"
    },
    {
        "content": "X San",
        "location": {
            "bottom": 530,
            "top": 497,
            "left": 215,
            "right": 328
        },
        "id": 16,
        "isClick": false,
        "type": "text"
    },
    {
        "content": "Francisco",
        "location": {
            "bottom": 530,
            "top": 498,
            "left": 345,
            "right": 534
        },
        "id": 17,
        "isClick": false,
        "type": "text"
    },
    {
        "content": "20",
        "location": {
            "bottom": 554,
            "top": 529,
            "left": 848,
            "right": 882
        },
        "id": 18,
        "isClick": false,
        "type": "text"
    },
    {
        "content": "64",
        "location": {
            "bottom": 561,
            "top": 523,
            "left": 987,
            "right": 1040
        },
        "id": 19,
        "isClick": false,
        "type": "text"
    },
    {
        "content": "10 miles",
        "location": {
            "bottom": 589,
            "top": 564,
            "left": 221,
            "right": 335
        },
        "id": 20,
        "isClick": false,
        "type": "text"
    },
    {
        "content": "+ San",
        "location": {
            "bottom": 727,
            "top": 692,
            "left": 218,
            "right": 329
        },
        "id": 21,
        "isClick": false,
        "type": "text"
    },
    {
        "content": "Francisco",
        "location": {
            "bottom": 727,
            "top": 690,
            "left": 346,
            "right": 535
        },
        "id": 22,
        "isClick": false,
        "type": "text"
    },
    {
        "content": "63",
        "location": {
            "bottom": 757,
            "top": 717,
            "left": 987,
            "right": 1040
        },
        "id": 23,
        "isClick": false,
        "type": "text"
    },
    {
        "content": "10 miles",
        "location": {
            "bottom": 784,
            "top": 758,
            "left": 221,
            "right": 335
        },
        "id": 24,
        "isClick": false,
        "type": "text"
    },
    {
        "content": "+",
        "location": {
            "bottom": 919,
            "top": 886,
            "left": 216,
            "right": 245
        },
        "id": 25,
        "isClick": false,
        "type": "text"
    },
    {
        "content": "Metropolitan",
        "location": {
            "bottom": 932,
            "top": 882,
            "left": 258,
            "right": 507
        },
        "id": 26,
        "isClick": true,
        "type": "text"
    },
    {
        "content": "Oakland",
        "location": {
            "bottom": 922,
            "top": 883,
            "left": 524,
            "right": 683
        },
        "id": 27,
        "isClick": false,
        "type": "text"
    },
    {
        "content": "66",
        "location": {
            "bottom": 949,
            "top": 912,
            "left": 988,
            "right": 1040
        },
        "id": 28,
        "isClick": false,
        "type": "text"
    },
    {
        "content": "12 miles",
        "location": {
            "bottom": 979,
            "top": 952,
            "left": 221,
            "right": 335
        },
        "id": 29,
        "isClick": false,
        "type": "text"
    },
    {
        "content": "+ Half Moon",
        "location": {
            "bottom": 1120,
            "top": 1079,
            "left": 217,
            "right": 463
        },
        "id": 30,
        "isClick": false,
        "type": "text"
    },
    {
        "content": "Bay",
        "location": {
            "bottom": 1122,
            "top": 1081,
            "left": 479,
            "right": 549
        },
        "id": 31,
        "isClick": false,
        "type": "text"
    },
    {
        "content": "61",
        "location": {
            "bottom": 1144,
            "top": 1106,
            "left": 987,
            "right": 1032
        },
        "id": 32,
        "isClick": false,
        "type": "text"
    },
    {
        "content": "17 miles",
        "location": {
            "bottom": 1173,
            "top": 1147,
            "left": 221,
            "right": 335
        },
        "id": 33,
        "isClick": false,
        "type": "text"
    },
    {
        "content": "+ Hayward",
        "location": {
            "bottom": 1319,
            "top": 1274,
            "left": 216,
            "right": 428
        },
        "id": 34,
        "isClick": false,
        "type": "text"
    },
    {
        "content": "Executive",
        "location": {
            "bottom": 1313,
            "top": 1275,
            "left": 445,
            "right": 632
        },
        "id": 35,
        "isClick": false,
        "type": "text"
    },
    {
        "content": "66",
        "location": {
            "bottom": 1339,
            "top": 1300,
            "left": 988,
            "right": 1041
        },
        "id": 36,
        "isClick": false,
        "type": "text"
    },
    {
        "content": "18 miles",
        "location": {
            "bottom": 1366,
            "top": 1341,
            "left": 221,
            "right": 335
        },
        "id": 37,
        "isClick": false,
        "type": "text"
    },
    {
        "content": "+ San",
        "location": {
            "bottom": 1503,
            "top": 1466,
            "left": 218,
            "right": 329
        },
        "id": 38,
        "isClick": false,
        "type": "text"
    },
    {
        "content": "Carlos",
        "location": {
            "bottom": 1503,
            "top": 1468,
            "left": 346,
            "right": 469
        },
        "id": 39,
        "isClick": false,
        "type": "text"
    },
    {
        "content": "70",
        "location": {
            "bottom": 1532,
            "top": 1494,
            "left": 987,
            "right": 1040
        },
        "id": 40,
        "isClick": false,
        "type": "text"
    },
    {
        "content": "20 miles",
        "location": {
            "bottom": 1561,
            "top": 1535,
            "left": 220,
            "right": 335
        },
        "id": 41,
        "isClick": false,
        "type": "text"
    },
    {
        "content": "+ Buchanan",
        "location": {
            "bottom": 1699,
            "top": 1662,
            "left": 217,
            "right": 451
        },
        "id": 42,
        "isClick": false,
        "type": "text"
    },
    {
        "content": "Field",
        "location": {
            "bottom": 1699,
            "top": 1661,
            "left": 470,
            "right": 559
        },
        "id": 43,
        "isClick": false,
        "type": "text"
    },
    {
        "content": "72",
        "location": {
            "bottom": 1728,
            "top": 1688,
            "left": 986,
            "right": 1042
        },
        "id": 44,
        "isClick": false,
        "type": "text"
    },
    {
        "content": "26 miles",
        "location": {
            "bottom": 1756,
            "top": 1729,
            "left": 220,
            "right": 335
        },
        "id": 45,
        "isClick": false,
        "type": "text"
    }
]