[
    {
        "content": "R",
        "location": {
            "bottom": 96,
            "top": 55,
            "left": 51,
            "right": 82
        },
        "id": 0,
        "isClick": false,
        "type": "text"
    },
    {
        "content": "Metropolitan",
        "location": {
            "bottom": 113,
            "top": 49,
            "left": 259,
            "right": 587
        },
        "id": 1,
        "isClick": false,
        "type": "text"
    },
    {
        "content": "Oakland",
        "location": {
            "bottom": 105,
            "top": 49,
            "left": 609,
            "right": 819
        },
        "id": 2,
        "isClick": false,
        "type": "text"
    },
    {
        "content": "Sa ,",
        "location": {
            "bottom": 219,
            "top": 184,
            "left": 348,
            "right": 395
        },
        "id": 3,
        "isClick": false,
        "type": "text"
    },
    {
        "content": "March",
        "location": {
            "bottom": 217,
            "top": 180,
            "left": 411,
            "right": 515
        },
        "id": 4,
        "isClick": false,
        "type": "text"
    },
    {
        "content": "11 ,",
        "location": {
            "bottom": 219,
            "top": 184,
            "left": 532,
            "right": 576
        },
        "id": 5,
        "isClick": false,
        "type": "text"
    },
    {
        "content": "2:39",
        "location": {
            "bottom": 217,
            "top": 184,
            "left": 591,
            "right": 659
        },
        "id": 6,
        "isClick": false,
        "type": "text"
    },
    {
        "content": "PM",
        "location": {
            "bottom": 217,
            "top": 184,
            "left": 676,
            "right": 727
        },
        "id": 7,
        "isClick": false,
        "type": "text"
    },
    {
        "content": "6:22 AM",
        "location": {
            "bottom": 478,
            "top": 449,
            "left": 44,
            "right": 164
        },
        "id": 8,
        "isClick": false,
        "type": "text"
    },
    {
        "content": "Sunrise",
        "location": {
            "bottom": 524,
            "top": 497,
            "left": 50,
            "right": 158
        },
        "id": 9,
        "isClick": false,
        "type": "text"
    },
    {
        "content": "\u00b0 F",
        "location": {
            "bottom": 506,
            "top": 475,
            "left": 672,
            "right": 706
        },
        "id": 10,
        "isClick": false,
        "type": "text"
    },
    {
        "content": "6:14 PM",
        "location": {
            "bottom": 478,
            "top": 449,
            "left": 915,
            "right": 1034
        },
        "id": 11,
        "isClick": false,
        "type": "text"
    },
    {
        "content": "Sunset",
        "location": {
            "bottom": 524,
            "top": 497,
            "left": 925,
            "right": 1025
        },
        "id": 12,
        "isClick": false,
        "type": "text"
    },
    {
        "content": "66",
        "location": {
            "bottom": 651,
            "top": 474,
            "left": 428,
            "right": 655
        },
        "id": 13,
        "isClick": false,
        "type": "text"
    },
    {
        "content": "Fair",
        "location": {
            "bottom": 798,
            "top": 768,
            "left": 509,
            "right": 571
        },
        "id": 14,
        "isClick": false,
        "type": "text"
    },
    {
        "content": "Wind",
        "location": {
            "bottom": 873,
            "top": 837,
            "left": 368,
            "right": 451
        },
        "id": 15,
        "isClick": false,
        "type": "text"
    },
    {
        "content": "9",
        "location": {
            "bottom": 871,
            "top": 840,
            "left": 466,
            "right": 483
        },
        "id": 16,
        "isClick": false,
        "type": "text"
    },
    {
        "content": "mph",
        "location": {
            "bottom": 875,
            "top": 834,
            "left": 498,
            "right": 571
        },
        "id": 17,
        "isClick": false,
        "type": "text"
    },
    {
        "content": "from",
        "location": {
            "bottom": 873,
            "top": 834,
            "left": 586,
            "right": 665
        },
        "id": 18,
        "isClick": false,
        "type": "text"
    },
    {
        "content": "W",
        "location": {
            "bottom": 873,
            "top": 840,
            "left": 680,
            "right": 711
        },
        "id": 19,
        "isClick": false,
        "type": "text"
    },
    {
        "content": "HOURS",
        "location": {
            "bottom": 1044,
            "top": 1016,
            "left": 356,
            "right": 463
        },
        "id": 20,
        "isClick": false,
        "type": "text"
    },
    {
        "content": "DAYS",
        "location": {
            "bottom": 1042,
            "top": 1016,
            "left": 632,
            "right": 711
        },
        "id": 21,
        "isClick": false,
        "type": "text"
    },
    {
        "content": "Sa , 11",
        "location": {
            "bottom": 1131,
            "top": 1103,
            "left": 27,
            "right": 109
        },
        "id": 22,
        "isClick": false,
        "type": "text"
    },
    {
        "content": "march",
        "location": {
            "bottom": 1129,
            "top": 1098,
            "left": 129,
            "right": 220
        },
        "id": 23,
        "isClick": false,
        "type": "text"
    },
    {
        "content": "Su , 12 march",
        "location": {
            "bottom": 1133,
            "top": 1098,
            "left": 567,
            "right": 762
        },
        "id": 24,
        "isClick": false,
        "type": "text"
    },
    {
        "content": "4PM",
        "location": {
            "bottom": 1189,
            "top": 1161,
            "left": 68,
            "right": 122
        },
        "id": 25,
        "isClick": false,
        "type": "text"
    },
    {
        "content": "7 PM",
        "location": {
            "bottom": 1189,
            "top": 1161,
            "left": 250,
            "right": 301
        },
        "id": 26,
        "isClick": false,
        "type": "text"
    },
    {
        "content": "10 PM",
        "location": {
            "bottom": 1189,
            "top": 1161,
            "left": 425,
            "right": 486
        },
        "id": 27,
        "isClick": false,
        "type": "text"
    },
    {
        "content": "7",
        "location": {
            "bottom": 1189,
            "top": 1161,
            "left": 619,
            "right": 632
        },
        "id": 28,
        "isClick": false,
        "type": "text"
    },
    {
        "content": "AM",
        "location": {
            "bottom": 1185,
            "top": 1161,
            "left": 631,
            "right": 657
        },
        "id": 29,
        "isClick": false,
        "type": "text"
    },
    {
        "content": "4AM",
        "location": {
            "bottom": 1188,
            "top": 1161,
            "left": 789,
            "right": 840
        },
        "id": 30,
        "isClick": false,
        "type": "text"
    },
    {
        "content": "7AM",
        "location": {
            "bottom": 1188,
            "top": 1161,
            "left": 970,
            "right": 1018
        },
        "id": 31,
        "isClick": false,
        "type": "text"
    },
    {
        "content": "66",
        "location": {
            "bottom": 1437,
            "top": 1401,
            "left": 67,
            "right": 113
        },
        "id": 32,
        "isClick": false,
        "type": "text"
    },
    {
        "content": "57",
        "location": {
            "bottom": 1506,
            "top": 1466,
            "left": 247,
            "right": 292
        },
        "id": 33,
        "isClick": false,
        "type": "text"
    },
    {
        "content": "55",
        "location": {
            "bottom": 1521,
            "top": 1482,
            "left": 428,
            "right": 473
        },
        "id": 34,
        "isClick": false,
        "type": "text"
    },
    {
        "content": "54",
        "location": {
            "bottom": 1527,
            "top": 1489,
            "left": 608,
            "right": 655
        },
        "id": 35,
        "isClick": false,
        "type": "text"
    },
    {
        "content": "52",
        "location": {
            "bottom": 1545,
            "top": 1505,
            "left": 788,
            "right": 835
        },
        "id": 36,
        "isClick": false,
        "type": "text"
    },
    {
        "content": "52",
        "location": {
            "bottom": 1545,
            "top": 1505,
            "left": 966,
            "right": 1016
        },
        "id": 37,
        "isClick": false,
        "type": "text"
    },
    {
        "content": "Wind speed",
        "location": {
            "bottom": 1615,
            "top": 1578,
            "left": 13,
            "right": 189
        },
        "id": 38,
        "isClick": false,
        "type": "text"
    },
    {
        "content": ", mph",
        "location": {
            "bottom": 1616,
            "top": 1580,
            "left": 192,
            "right": 273
        },
        "id": 39,
        "isClick": false,
        "type": "text"
    },
    {
        "content": "\u4e2a",
        "location": {
            "bottom": 1667,
            "top": 1649,
            "left": 240,
            "right": 297
        },
        "id": 40,
        "isClick": false,
        "type": "text"
    },
    {
        "content": "\u3002",
        "location": {
            "bottom": 1746,
            "top": 1728,
            "left": 240,
            "right": 299
        },
        "id": 41,
        "isClick": false,
        "type": "text"
    },
    {
        "content": ">",
        "location": {
            "bottom": 1685,
            "top": 1646,
            "left": 602,
            "right": 657
        },
        "id": 42,
        "isClick": false,
        "type": "text"
    },
    {
        "content": "7",
        "location": {
            "bottom": 1747,
            "top": 1713,
            "left": 602,
            "right": 623
        },
        "id": 43,
        "isClick": false,
        "type": "text"
    },
    {
        "content": "w",
        "location": {
            "bottom": 1747,
            "top": 1728,
            "left": 638,
            "right": 648
        },
        "id": 44,
        "isClick": false,
        "type": "text"
    },
    {
        "content": "7",
        "location": {
            "bottom": 1690,
            "top": 1676,
            "left": 799,
            "right": 832
        },
        "id": 45,
        "isClick": false,
        "type": "text"
    },
    {
        "content": "\uae30",
        "location": {
            "bottom": 1690,
            "top": 1689,
            "left": 799,
            "right": 832
        },
        "id": 46,
        "isClick": false,
        "type": "text"
    },
    {
        "content": "gw",
        "location": {
            "bottom": 1751,
            "top": 1713,
            "left": 83,
            "right": 101
        },
        "id": 47,
        "isClick": false,
        "type": "text"
    },
    {
        "content": "7 W",
        "location": {
            "bottom": 1751,
            "top": 1713,
            "left": 439,
            "right": 462
        },
        "id": 48,
        "isClick": false,
        "type": "text"
    },
    {
        "content": "4",
        "location": {
            "bottom": 1750,
            "top": 1713,
            "left": 773,
            "right": 788
        },
        "id": 49,
        "isClick": false,
        "type": "text"
    },
    {
        "content": "NW",
        "location": {
            "bottom": 1753,
            "top": 1728,
            "left": 805,
            "right": 831
        },
        "id": 50,
        "isClick": false,
        "type": "text"
    },
    {
        "content": "4",
        "location": {
            "bottom": 1750,
            "top": 1713,
            "left": 956,
            "right": 973
        },
        "id": 51,
        "isClick": false,
        "type": "text"
    },
    {
        "content": "NW",
        "location": {
            "bottom": 1753,
            "top": 1728,
            "left": 984,
            "right": 1011
        },
        "id": 52,
        "isClick": false,
        "type": "text"
    }
]