[
    {
        "location": {
            "left": 342,
            "top": 12,
            "bottom": 24,
            "right": 374
        },
        "type": "text",
        "id": 0,
        "isClick": false,
        "content": "FAKT"
    },
    {
        "location": {
            "left": 88,
            "top": 10,
            "bottom": 56,
            "right": 191
        },
        "type": "text",
        "id": 1,
        "isClick": false,
        "content": "YB"
    },
    {
        "location": {
            "left": 232,
            "top": 9,
            "bottom": 56,
            "right": 248
        },
        "type": "text",
        "id": 2,
        "isClick": false,
        "content": "@"
    },
    {
        "location": {
            "left": 288,
            "top": 22,
            "bottom": 41,
            "right": 309
        },
        "type": "text",
        "id": 3,
        "isClick": false,
        "content": "5"
    },
    {
        "location": {
            "left": 942,
            "top": 11,
            "bottom": 49,
            "right": 1051
        },
        "type": "text",
        "id": 4,
        "isClick": false,
        "content": "56:21"
    },
    {
        "location": {
            "left": 53,
            "top": 115,
            "bottom": 152,
            "right": 92
        },
        "type": "text",
        "id": 5,
        "isClick": true,
        "content": "+"
    },
    {
        "location": {
            "left": 194,
            "top": 113,
            "bottom": 165,
            "right": 357
        },
        "type": "text",
        "id": 6,
        "isClick": false,
        "content": "Privacy"
    },
    {
        "location": {
            "left": 378,
            "top": 114,
            "bottom": 165,
            "right": 513
        },
        "type": "text",
        "id": 7,
        "isClick": false,
        "content": "Policy"
    },
    {
        "location": {
            "left": 352,
            "top": 245,
            "bottom": 281,
            "right": 553
        },
        "type": "text",
        "id": 8,
        "isClick": false,
        "content": "PRIVACY"
    },
    {
        "location": {
            "left": 568,
            "top": 242,
            "bottom": 281,
            "right": 731
        },
        "type": "text",
        "id": 9,
        "isClick": false,
        "content": "POLICY"
    },
    {
        "location": {
            "left": 26,
            "top": 311,
            "bottom": 346,
            "right": 266
        },
        "type": "text",
        "id": 10,
        "isClick": false,
        "content": "Your privacy is"
    },
    {
        "location": {
            "left": 281,
            "top": 311,
            "bottom": 346,
            "right": 678
        },
        "type": "text",
        "id": 11,
        "isClick": false,
        "content": "important to Mobihome ."
    },
    {
        "location": {
            "left": 693,
            "top": 311,
            "bottom": 345,
            "right": 938
        },
        "type": "text",
        "id": 12,
        "isClick": false,
        "content": "Mobihome has"
    },
    {
        "location": {
            "left": 28,
            "top": 345,
            "bottom": 385,
            "right": 219
        },
        "type": "text",
        "id": 13,
        "isClick": false,
        "content": "created this"
    },
    {
        "location": {
            "left": 234,
            "top": 345,
            "bottom": 389,
            "right": 500
        },
        "type": "text",
        "id": 14,
        "isClick": false,
        "content": "Privacy Policy to"
    },
    {
        "location": {
            "left": 515,
            "top": 351,
            "bottom": 385,
            "right": 994
        },
        "type": "text",
        "id": 15,
        "isClick": false,
        "content": "understand what information"
    },
    {
        "location": {
            "left": 28,
            "top": 392,
            "bottom": 427,
            "right": 191
        },
        "type": "text",
        "id": 16,
        "isClick": false,
        "content": "about you"
    },
    {
        "location": {
            "left": 206,
            "top": 388,
            "bottom": 425,
            "right": 805
        },
        "type": "text",
        "id": 17,
        "isClick": false,
        "content": "is collected , used and disclosed with"
    },
    {
        "location": {
            "left": 821,
            "top": 393,
            "bottom": 427,
            "right": 1047
        },
        "type": "text",
        "id": 18,
        "isClick": false,
        "content": "respect to our"
    },
    {
        "location": {
            "left": 27,
            "top": 433,
            "bottom": 468,
            "right": 289
        },
        "type": "text",
        "id": 19,
        "isClick": false,
        "content": "app Mobile Real"
    },
    {
        "location": {
            "left": 305,
            "top": 433,
            "bottom": 465,
            "right": 579
        },
        "type": "text",
        "id": 20,
        "isClick": false,
        "content": "Number Locator ."
    },
    {
        "location": {
            "left": 29,
            "top": 537,
            "bottom": 576,
            "right": 794
        },
        "type": "text",
        "id": 21,
        "isClick": false,
        "content": "INFORMATION WE COLLECT & HOW WE USE"
    },
    {
        "location": {
            "left": 27,
            "top": 637,
            "bottom": 667,
            "right": 168
        },
        "type": "text",
        "id": 22,
        "isClick": false,
        "content": "We does"
    },
    {
        "location": {
            "left": 183,
            "top": 638,
            "bottom": 673,
            "right": 549
        },
        "type": "text",
        "id": 23,
        "isClick": false,
        "content": "not store any personal"
    },
    {
        "location": {
            "left": 565,
            "top": 637,
            "bottom": 671,
            "right": 763
        },
        "type": "text",
        "id": 24,
        "isClick": false,
        "content": "information ."
    },
    {
        "location": {
            "left": 27,
            "top": 719,
            "bottom": 754,
            "right": 507
        },
        "type": "text",
        "id": 25,
        "isClick": false,
        "content": "We may collect non - personal"
    },
    {
        "location": {
            "left": 523,
            "top": 717,
            "bottom": 753,
            "right": 735
        },
        "type": "text",
        "id": 26,
        "isClick": false,
        "content": "identification"
    },
    {
        "location": {
            "left": 751,
            "top": 714,
            "bottom": 753,
            "right": 1046
        },
        "type": "text",
        "id": 27,
        "isClick": false,
        "content": "information about"
    },
    {
        "location": {
            "left": 29,
            "top": 753,
            "bottom": 794,
            "right": 446
        },
        "type": "text",
        "id": 28,
        "isClick": false,
        "content": "users such as advertising"
    },
    {
        "location": {
            "left": 462,
            "top": 760,
            "bottom": 795,
            "right": 863
        },
        "type": "text",
        "id": 29,
        "isClick": false,
        "content": "ID , applications installed"
    },
    {
        "location": {
            "left": 878,
            "top": 760,
            "bottom": 795,
            "right": 995
        },
        "type": "text",
        "id": 30,
        "isClick": false,
        "content": "by user"
    },
    {
        "location": {
            "left": 29,
            "top": 792,
            "bottom": 836,
            "right": 1045
        },
        "type": "text",
        "id": 31,
        "isClick": false,
        "content": "through our application whenever they interact with our apps ."
    },
    {
        "location": {
            "left": 28,
            "top": 880,
            "bottom": 917,
            "right": 985
        },
        "type": "text",
        "id": 32,
        "isClick": false,
        "content": "Our App also use Google Admob SDK for advertisements ."
    },
    {
        "location": {
            "left": 27,
            "top": 915,
            "bottom": 957,
            "right": 916
        },
        "type": "text",
        "id": 33,
        "isClick": false,
        "content": "We also use third - party network advertisers , to deliver"
    },
    {
        "location": {
            "left": 28,
            "top": 955,
            "bottom": 998,
            "right": 964
        },
        "type": "text",
        "id": 34,
        "isClick": false,
        "content": "ads to you on our behalf . These network advertisers may"
    },
    {
        "location": {
            "left": 29,
            "top": 994,
            "bottom": 1041,
            "right": 752
        },
        "type": "text",
        "id": 35,
        "isClick": false,
        "content": "be supplied with or have access to your non"
    },
    {
        "location": {
            "left": 767,
            "top": 1003,
            "bottom": 1038,
            "right": 936
        },
        "type": "text",
        "id": 36,
        "isClick": false,
        "content": "personally"
    },
    {
        "location": {
            "left": 29,
            "top": 1037,
            "bottom": 1073,
            "right": 422
        },
        "type": "text",
        "id": 37,
        "isClick": false,
        "content": "identifiable information ."
    },
    {
        "location": {
            "left": 27,
            "top": 1122,
            "bottom": 1153,
            "right": 78
        },
        "type": "text",
        "id": 38,
        "isClick": false,
        "content": "We"
    },
    {
        "location": {
            "left": 100,
            "top": 1121,
            "bottom": 1153,
            "right": 205
        },
        "type": "text",
        "id": 39,
        "isClick": false,
        "content": "collect"
    },
    {
        "location": {
            "left": 220,
            "top": 1122,
            "bottom": 1153,
            "right": 408
        },
        "type": "text",
        "id": 40,
        "isClick": false,
        "content": "information"
    },
    {
        "location": {
            "left": 423,
            "top": 1123,
            "bottom": 1160,
            "right": 566
        },
        "type": "text",
        "id": 41,
        "isClick": false,
        "content": "from you"
    },
    {
        "location": {
            "left": 581,
            "top": 1122,
            "bottom": 1161,
            "right": 1012
        },
        "type": "text",
        "id": 42,
        "isClick": false,
        "content": "to provide our service , and"
    },
    {
        "location": {
            "left": 28,
            "top": 1155,
            "bottom": 1200,
            "right": 1030
        },
        "type": "text",
        "id": 43,
        "isClick": false,
        "content": "also used to maintain , operate and enhance our mobile apps"
    },
    {
        "location": {
            "left": 28,
            "top": 1204,
            "bottom": 1233,
            "right": 86
        },
        "type": "text",
        "id": 44,
        "isClick": false,
        "content": "and"
    },
    {
        "location": {
            "left": 101,
            "top": 1199,
            "bottom": 1233,
            "right": 431
        },
        "type": "text",
        "id": 45,
        "isClick": false,
        "content": "to market additional"
    },
    {
        "location": {
            "left": 446,
            "top": 1201,
            "bottom": 1240,
            "right": 926
        },
        "type": "text",
        "id": 46,
        "isClick": false,
        "content": "products and services to you ."
    },
    {
        "location": {
            "left": 27,
            "top": 1284,
            "bottom": 1323,
            "right": 922
        },
        "type": "text",
        "id": 47,
        "isClick": false,
        "content": "We don't share any information with anyone except to"
    },
    {
        "location": {
            "left": 28,
            "top": 1326,
            "bottom": 1361,
            "right": 224
        },
        "type": "text",
        "id": 48,
        "isClick": false,
        "content": "comply with"
    },
    {
        "location": {
            "left": 239,
            "top": 1322,
            "bottom": 1360,
            "right": 288
        },
        "type": "text",
        "id": 49,
        "isClick": false,
        "content": "the"
    },
    {
        "location": {
            "left": 303,
            "top": 1320,
            "bottom": 1361,
            "right": 964
        },
        "type": "text",
        "id": 50,
        "isClick": false,
        "content": "law , develop our products , or protect our"
    },
    {
        "location": {
            "left": 29,
            "top": 1367,
            "bottom": 1402,
            "right": 126
        },
        "type": "text",
        "id": 51,
        "isClick": false,
        "content": "rights ."
    },
    {
        "location": {
            "left": 28,
            "top": 1514,
            "bottom": 1545,
            "right": 201
        },
        "type": "text",
        "id": 52,
        "isClick": false,
        "content": "SECURITY"
    },
    {
        "location": {
            "left": 29,
            "top": 1609,
            "bottom": 1650,
            "right": 919
        },
        "type": "text",
        "id": 53,
        "isClick": false,
        "content": "Mobihome takes the security of your information very"
    },
    {
        "location": {
            "left": 28,
            "top": 1649,
            "bottom": 1690,
            "right": 1006
        },
        "type": "text",
        "id": 54,
        "isClick": false,
        "content": "seriously . We uses reasonable administrative , physical , and"
    },
    {
        "location": {
            "left": 29,
            "top": 1693,
            "bottom": 1729,
            "right": 534
        },
        "type": "text",
        "id": 55,
        "isClick": false,
        "content": "technical safeguards to secure"
    },
    {
        "location": {
            "left": 549,
            "top": 1692,
            "bottom": 1723,
            "right": 597
        },
        "type": "text",
        "id": 56,
        "isClick": false,
        "content": "the"
    },
    {
        "location": {
            "left": 612,
            "top": 1693,
            "bottom": 1729,
            "right": 975
        },
        "type": "text",
        "id": 57,
        "isClick": false,
        "content": "information you share"
    },
    {
        "location": {
            "left": 27,
            "top": 1734,
            "bottom": 1769,
            "right": 94
        },
        "type": "text",
        "id": 58,
        "isClick": false,
        "content": "with"
    },
    {
        "location": {
            "left": 109,
            "top": 1737,
            "bottom": 1765,
            "right": 151
        },
        "type": "text",
        "id": 59,
        "isClick": false,
        "content": "us ."
    },
    {
        "location": {
            "left": 166,
            "top": 1731,
            "bottom": 1771,
            "right": 1014
        },
        "type": "text",
        "id": 60,
        "isClick": false,
        "content": "Despite these safeguards and our additional efforts"
    },
    {
        "location": {
            "left": 27,
            "top": 1777,
            "bottom": 1796,
            "right": 55
        },
        "type": "text",
        "id": 61,
        "isClick": false,
        "content": "to"
    },
    {
        "location": {
            "left": 70,
            "top": 1778,
            "bottom": 1799,
            "right": 175
        },
        "type": "text",
        "id": 62,
        "isClick": false,
        "content": "secure"
    },
    {
        "location": {
            "left": 191,
            "top": 1774,
            "bottom": 1801,
            "right": 544
        },
        "type": "text",
        "id": 63,
        "isClick": false,
        "content": "vour information We"
    },
    {
        "location": {
            "left": 561,
            "top": 1775,
            "bottom": 1800,
            "right": 1035
        },
        "type": "text",
        "id": 64,
        "isClick": false,
        "content": "cannot promise or cuarantee"
    }
]