[
    {
        "location": {
            "left": 1046,
            "top": 12,
            "bottom": 21,
            "right": 1078
        },
        "type": "text",
        "id": 0,
        "isClick": false,
        "content": "A"
    },
    {
        "location": {
            "left": 48,
            "top": 51,
            "bottom": 83,
            "right": 83
        },
        "type": "text",
        "id": 1,
        "isClick": false,
        "content": "\u0425"
    },
    {
        "location": {
            "left": 176,
            "top": 273,
            "bottom": 374,
            "right": 535
        },
        "type": "text",
        "id": 2,
        "isClick": false,
        "content": "Search"
    },
    {
        "location": {
            "left": 584,
            "top": 273,
            "bottom": 371,
            "right": 911
        },
        "type": "text",
        "id": 3,
        "isClick": false,
        "content": "Phone"
    },
    {
        "location": {
            "left": 304,
            "top": 409,
            "bottom": 511,
            "right": 787
        },
        "type": "text",
        "id": 4,
        "isClick": false,
        "content": "Numbers"
    },
    {
        "location": {
            "left": 239,
            "top": 833,
            "bottom": 888,
            "right": 349
        },
        "type": "text",
        "id": 5,
        "isClick": false,
        "content": "Find"
    },
    {
        "location": {
            "left": 371,
            "top": 833,
            "bottom": 897,
            "right": 471
        },
        "type": "text",
        "id": 6,
        "isClick": false,
        "content": "Any"
    },
    {
        "location": {
            "left": 493,
            "top": 833,
            "bottom": 897,
            "right": 769
        },
        "type": "text",
        "id": 7,
        "isClick": false,
        "content": "Name just"
    },
    {
        "location": {
            "left": 791,
            "top": 835,
            "bottom": 897,
            "right": 849
        },
        "type": "text",
        "id": 8,
        "isClick": false,
        "content": "by"
    },
    {
        "location": {
            "left": 185,
            "top": 921,
            "bottom": 986,
            "right": 403
        },
        "type": "text",
        "id": 9,
        "isClick": false,
        "content": "entering"
    },
    {
        "location": {
            "left": 425,
            "top": 937,
            "bottom": 977,
            "right": 451
        },
        "type": "text",
        "id": 10,
        "isClick": false,
        "content": "a"
    },
    {
        "location": {
            "left": 477,
            "top": 923,
            "bottom": 976,
            "right": 645
        },
        "type": "text",
        "id": 11,
        "isClick": false,
        "content": "Phone"
    },
    {
        "location": {
            "left": 669,
            "top": 921,
            "bottom": 977,
            "right": 885
        },
        "type": "text",
        "id": 12,
        "isClick": false,
        "content": "Number"
    },
    {
        "location": {
            "left": 892,
            "top": 963,
            "bottom": 974,
            "right": 898
        },
        "type": "text",
        "id": 13,
        "isClick": false,
        "content": "."
    },
    {
        "location": {
            "left": 317,
            "top": 1009,
            "bottom": 1065,
            "right": 503
        },
        "type": "text",
        "id": 14,
        "isClick": false,
        "content": "Search"
    },
    {
        "location": {
            "left": 527,
            "top": 1013,
            "bottom": 1076,
            "right": 755
        },
        "type": "text",
        "id": 15,
        "isClick": false,
        "content": "Instantly"
    },
    {
        "location": {
            "left": 761,
            "top": 1014,
            "bottom": 1063,
            "right": 767
        },
        "type": "text",
        "id": 16,
        "isClick": false,
        "content": "!"
    },
    {
        "location": {
            "left": 136,
            "top": 1501,
            "bottom": 1563,
            "right": 945
        },
        "type": "text",
        "id": 17,
        "isClick": false,
        "content": "phone.instantcheckmate.com"
    }
]