[
    {
        "location": {
            "left": 342,
            "top": 11,
            "bottom": 25,
            "right": 380
        },
        "type": "text",
        "id": 0,
        "isClick": false,
        "content": "FAK"
    },
    {
        "location": {
            "left": 32,
            "top": 10,
            "bottom": 57,
            "right": 191
        },
        "type": "text",
        "id": 1,
        "isClick": false,
        "content": "IVB"
    },
    {
        "location": {
            "left": 288,
            "top": 22,
            "bottom": 40,
            "right": 309
        },
        "type": "text",
        "id": 2,
        "isClick": false,
        "content": "5"
    },
    {
        "location": {
            "left": 941,
            "top": 11,
            "bottom": 50,
            "right": 1056
        },
        "type": "text",
        "id": 3,
        "isClick": false,
        "content": "56:23"
    },
    {
        "location": {
            "left": 46,
            "top": 117,
            "bottom": 155,
            "right": 143
        },
        "type": "text",
        "id": 4,
        "isClick": false,
        "content": "Real"
    },
    {
        "location": {
            "left": 164,
            "top": 116,
            "bottom": 156,
            "right": 353
        },
        "type": "text",
        "id": 5,
        "isClick": false,
        "content": "Number"
    },
    {
        "location": {
            "left": 372,
            "top": 116,
            "bottom": 156,
            "right": 547
        },
        "type": "text",
        "id": 6,
        "isClick": false,
        "content": "Locator"
    },
    {
        "location": {
            "left": 20,
            "top": 236,
            "bottom": 261,
            "right": 53
        },
        "type": "text",
        "id": 7,
        "isClick": false,
        "content": "Ad"
    },
    {
        "location": {
            "left": 318,
            "top": 272,
            "bottom": 318,
            "right": 463
        },
        "type": "text",
        "id": 8,
        "isClick": false,
        "content": "Is your"
    },
    {
        "location": {
            "left": 478,
            "top": 264,
            "bottom": 319,
            "right": 629
        },
        "type": "text",
        "id": 9,
        "isClick": false,
        "content": "money"
    },
    {
        "location": {
            "left": 645,
            "top": 272,
            "bottom": 309,
            "right": 829
        },
        "type": "text",
        "id": 10,
        "isClick": false,
        "content": "invested"
    },
    {
        "location": {
            "left": 847,
            "top": 273,
            "bottom": 308,
            "right": 882
        },
        "type": "text",
        "id": 11,
        "isClick": false,
        "content": "in"
    },
    {
        "location": {
            "left": 320,
            "top": 345,
            "bottom": 381,
            "right": 475
        },
        "type": "text",
        "id": 12,
        "isClick": false,
        "content": "breaking"
    },
    {
        "location": {
            "left": 512,
            "top": 341,
            "bottom": 387,
            "right": 569
        },
        "type": "text",
        "id": 13,
        "isClick": false,
        "content": "or"
    },
    {
        "location": {
            "left": 601,
            "top": 345,
            "bottom": 382,
            "right": 757
        },
        "type": "text",
        "id": 14,
        "isClick": false,
        "content": "breaking"
    },
    {
        "location": {
            "left": 773,
            "top": 345,
            "bottom": 378,
            "right": 863
        },
        "type": "text",
        "id": 15,
        "isClick": false,
        "content": "glass"
    },
    {
        "location": {
            "left": 319,
            "top": 384,
            "bottom": 414,
            "right": 373
        },
        "type": "text",
        "id": 16,
        "isClick": false,
        "content": "the"
    },
    {
        "location": {
            "left": 389,
            "top": 384,
            "bottom": 415,
            "right": 448
        },
        "type": "text",
        "id": 17,
        "isClick": false,
        "content": "law"
    },
    {
        "location": {
            "left": 601,
            "top": 384,
            "bottom": 422,
            "right": 754
        },
        "type": "text",
        "id": 18,
        "isClick": false,
        "content": "ceilings ?"
    },
    {
        "location": {
            "left": 65,
            "top": 692,
            "bottom": 734,
            "right": 193
        },
        "type": "text",
        "id": 19,
        "isClick": false,
        "content": "motif"
    },
    {
        "location": {
            "left": 160,
            "top": 776,
            "bottom": 806,
            "right": 249
        },
        "type": "text",
        "id": 20,
        "isClick": false,
        "content": "Motif"
    },
    {
        "location": {
            "left": 58,
            "top": 796,
            "bottom": 862,
            "right": 78
        },
        "type": "text",
        "id": 21,
        "isClick": false,
        "content": "O"
    },
    {
        "location": {
            "left": 164,
            "top": 793,
            "bottom": 862,
            "right": 706
        },
        "type": "text",
        "id": 22,
        "isClick": false,
        "content": "Do you know if your portfolio is invested in"
    },
    {
        "location": {
            "left": 813,
            "top": 801,
            "bottom": 833,
            "right": 1032
        },
        "type": "text",
        "id": 23,
        "isClick": false,
        "content": "INSTALL NOW"
    },
    {
        "location": {
            "left": 158,
            "top": 856,
            "bottom": 890,
            "right": 357
        },
        "type": "text",
        "id": 24,
        "isClick": false,
        "content": "companies that"
    },
    {
        "location": {
            "left": 368,
            "top": 854,
            "bottom": 888,
            "right": 539
        },
        "type": "text",
        "id": 25,
        "isClick": false,
        "content": "broke the law"
    },
    {
        "location": {
            "left": 541,
            "top": 861,
            "bottom": 885,
            "right": 552
        },
        "type": "text",
        "id": 26,
        "isClick": false,
        "content": "?"
    },
    {
        "location": {
            "left": 624,
            "top": 860,
            "bottom": 890,
            "right": 725
        },
        "type": "text",
        "id": 27,
        "isClick": false,
        "content": "ably not"
    },
    {
        "location": {
            "left": 727,
            "top": 880,
            "bottom": 886,
            "right": 753
        },
        "type": "text",
        "id": 28,
        "isClick": false,
        "content": "...."
    },
    {
        "location": {
            "left": 191,
            "top": 1228,
            "bottom": 1274,
            "right": 293
        },
        "type": "text",
        "id": 29,
        "isClick": false,
        "content": "Open"
    },
    {
        "location": {
            "left": 311,
            "top": 1225,
            "bottom": 1265,
            "right": 393
        },
        "type": "text",
        "id": 30,
        "isClick": false,
        "content": "with"
    },
    {
        "location": {
            "left": 414,
            "top": 1227,
            "bottom": 1274,
            "right": 497
        },
        "type": "text",
        "id": 31,
        "isClick": false,
        "content": "Play"
    },
    {
        "location": {
            "left": 513,
            "top": 1229,
            "bottom": 1265,
            "right": 618
        },
        "type": "text",
        "id": 32,
        "isClick": false,
        "content": "Store"
    },
    {
        "location": {
            "left": 618,
            "top": 1400,
            "bottom": 1431,
            "right": 810
        },
        "type": "text",
        "id": 33,
        "isClick": true,
        "content": "JUST ONCE"
    },
    {
        "location": {
            "left": 876,
            "top": 1400,
            "bottom": 1429,
            "right": 1014
        },
        "type": "text",
        "id": 34,
        "isClick": false,
        "content": "ALWAYS"
    },
    {
        "location": {
            "left": 45,
            "top": 1557,
            "bottom": 1593,
            "right": 119
        },
        "type": "text",
        "id": 35,
        "isClick": false,
        "content": "Use"
    },
    {
        "location": {
            "left": 135,
            "top": 1566,
            "bottom": 1593,
            "right": 157
        },
        "type": "text",
        "id": 36,
        "isClick": false,
        "content": "a"
    },
    {
        "location": {
            "left": 173,
            "top": 1555,
            "bottom": 1593,
            "right": 345
        },
        "type": "text",
        "id": 37,
        "isClick": false,
        "content": "different"
    },
    {
        "location": {
            "left": 361,
            "top": 1566,
            "bottom": 1602,
            "right": 435
        },
        "type": "text",
        "id": 38,
        "isClick": false,
        "content": "app"
    },
    {
        "location": {
            "left": 192,
            "top": 1704,
            "bottom": 1742,
            "right": 357
        },
        "type": "text",
        "id": 39,
        "isClick": false,
        "content": "Browser"
    }
]