[
    {
        "isClick": false,
        "id": 0,
        "content": "fff99",
        "type": "text",
        "location": {
            "right": 191,
            "top": 6,
            "left": 47,
            "bottom": 24
        }
    },
    {
        "isClick": false,
        "id": 1,
        "content": "90",
        "type": "text",
        "location": {
            "right": 285,
            "top": 10,
            "left": 265,
            "bottom": 22
        }
    },
    {
        "isClick": false,
        "id": 2,
        "content": "PE",
        "type": "text",
        "location": {
            "right": 376,
            "top": 5,
            "left": 329,
            "bottom": 25
        }
    },
    {
        "isClick": false,
        "id": 3,
        "content": "8:56",
        "type": "text",
        "location": {
            "right": 527,
            "top": 9,
            "left": 494,
            "bottom": 22
        }
    },
    {
        "isClick": false,
        "id": 4,
        "content": "The server that the application is connecting to",
        "type": "text",
        "location": {
            "right": 473,
            "top": 68,
            "left": 93,
            "bottom": 88
        }
    },
    {
        "isClick": false,
        "id": 5,
        "content": "is unverified .",
        "type": "text",
        "location": {
            "right": 193,
            "top": 90,
            "left": 86,
            "bottom": 103
        }
    },
    {
        "isClick": false,
        "id": 6,
        "content": "ANOL",
        "type": "text",
        "location": {
            "right": 524,
            "top": 98,
            "left": 488,
            "bottom": 115
        }
    },
    {
        "isClick": false,
        "id": 7,
        "content": "Server : https://www.youravon.com/us-home ?",
        "type": "text",
        "location": {
            "right": 460,
            "top": 115,
            "left": 93,
            "bottom": 132
        }
    },
    {
        "isClick": false,
        "id": 8,
        "content": "youravonpage = yaToAphrodite.page ? pageld = / us",
        "type": "text",
        "location": {
            "right": 488,
            "top": 131,
            "left": 93,
            "bottom": 158
        }
    },
    {
        "isClick": false,
        "id": 9,
        "content": "home / registration - validate",
        "type": "text",
        "location": {
            "right": 307,
            "top": 155,
            "left": 88,
            "bottom": 177
        }
    },
    {
        "isClick": false,
        "id": 10,
        "content": "Certificate :",
        "type": "text",
        "location": {
            "right": 139,
            "top": 185,
            "left": 52,
            "bottom": 198
        }
    },
    {
        "isClick": false,
        "id": 11,
        "content": "yo",
        "type": "text",
        "location": {
            "right": 51,
            "top": 160,
            "left": 16,
            "bottom": 206
        }
    },
    {
        "isClick": false,
        "id": 12,
        "content": "Issued To :",
        "type": "text",
        "location": {
            "right": 136,
            "top": 228,
            "left": 57,
            "bottom": 241
        }
    },
    {
        "isClick": false,
        "id": 13,
        "content": "Common Name :",
        "type": "text",
        "location": {
            "right": 186,
            "top": 250,
            "left": 56,
            "bottom": 262
        }
    },
    {
        "isClick": false,
        "id": 14,
        "content": "A1 * .sc.omtrdc.net",
        "type": "text",
        "location": {
            "right": 180,
            "top": 261,
            "left": 28,
            "bottom": 295
        }
    },
    {
        "isClick": false,
        "id": 15,
        "content": "tative Log In",
        "type": "text",
        "location": {
            "right": 351,
            "top": 263,
            "left": 204,
            "bottom": 297
        }
    },
    {
        "isClick": false,
        "id": 16,
        "content": "Organization :",
        "type": "text",
        "location": {
            "right": 161,
            "top": 313,
            "left": 56,
            "bottom": 330
        }
    },
    {
        "isClick": false,
        "id": 17,
        "content": "Adobe Systems Incorporated",
        "type": "text",
        "location": {
            "right": 288,
            "top": 335,
            "left": 56,
            "bottom": 352
        }
    },
    {
        "isClick": false,
        "id": 18,
        "content": "Organizational Unit",
        "type": "text",
        "location": {
            "right": 208,
            "top": 377,
            "left": 56,
            "bottom": 395
        }
    },
    {
        "isClick": false,
        "id": 19,
        "content": ":",
        "type": "text",
        "location": {
            "right": 212,
            "top": 375,
            "left": 212,
            "bottom": 392
        }
    },
    {
        "isClick": false,
        "id": 20,
        "content": "Issued by :",
        "type": "text",
        "location": {
            "right": 135,
            "top": 441,
            "left": 57,
            "bottom": 459
        }
    },
    {
        "isClick": false,
        "id": 21,
        "content": "Common Name :",
        "type": "text",
        "location": {
            "right": 186,
            "top": 464,
            "left": 56,
            "bottom": 476
        }
    },
    {
        "isClick": false,
        "id": 22,
        "content": "DigiCert SHA2 High Assurance Server CA",
        "type": "text",
        "location": {
            "right": 388,
            "top": 483,
            "left": 57,
            "bottom": 502
        }
    },
    {
        "isClick": false,
        "id": 23,
        "content": "Organization :",
        "type": "text",
        "location": {
            "right": 162,
            "top": 528,
            "left": 56,
            "bottom": 544
        }
    },
    {
        "isClick": false,
        "id": 24,
        "content": "DigiCert Inc",
        "type": "text",
        "location": {
            "right": 148,
            "top": 549,
            "left": 57,
            "bottom": 565
        }
    },
    {
        "isClick": false,
        "id": 25,
        "content": "Organizational Unit :",
        "type": "text",
        "location": {
            "right": 212,
            "top": 591,
            "left": 56,
            "bottom": 608
        }
    },
    {
        "isClick": false,
        "id": 26,
        "content": "Fi www.digicert.com",
        "type": "text",
        "location": {
            "right": 201,
            "top": 604,
            "left": 28,
            "bottom": 637
        }
    },
    {
        "isClick": false,
        "id": 27,
        "content": "Your AVON.com",
        "type": "text",
        "location": {
            "right": 404,
            "top": 606,
            "left": 219,
            "bottom": 639
        }
    },
    {
        "isClick": false,
        "id": 28,
        "content": "?",
        "type": "text",
        "location": {
            "right": 438,
            "top": 608,
            "left": 430,
            "bottom": 639
        }
    },
    {
        "isClick": false,
        "id": 29,
        "content": "YourAvon.com",
        "type": "text",
        "location": {
            "right": 216,
            "top": 599,
            "left": 208,
            "bottom": 609
        }
    },
    {
        "isClick": false,
        "id": 30,
        "content": "Validity :",
        "type": "text",
        "location": {
            "right": 116,
            "top": 655,
            "left": 56,
            "bottom": 673
        }
    },
    {
        "isClick": false,
        "id": 31,
        "content": "WE",
        "type": "text",
        "location": {
            "right": 50,
            "top": 664,
            "left": 21,
            "bottom": 684
        }
    },
    {
        "isClick": false,
        "id": 32,
        "content": "REPRESENTATIVEN",
        "type": "text",
        "location": {
            "right": 317,
            "top": 667,
            "left": 165,
            "bottom": 679
        }
    },
    {
        "isClick": false,
        "id": 33,
        "content": "Issued On :",
        "type": "text",
        "location": {
            "right": 138,
            "top": 676,
            "left": 57,
            "bottom": 690
        }
    },
    {
        "isClick": false,
        "id": 34,
        "content": "2016-05-03 20 : 00 : 00-0400",
        "type": "text",
        "location": {
            "right": 270,
            "top": 698,
            "left": 56,
            "bottom": 712
        }
    },
    {
        "isClick": false,
        "id": 35,
        "content": "Set",
        "type": "text",
        "location": {
            "right": 48,
            "top": 720,
            "left": 24,
            "bottom": 735
        }
    },
    {
        "isClick": false,
        "id": 36,
        "content": "and get your",
        "type": "text",
        "location": {
            "right": 270,
            "top": 713,
            "left": 234,
            "bottom": 714
        }
    },
    {
        "isClick": false,
        "id": 37,
        "content": "busine",
        "type": "text",
        "location": {
            "right": 433,
            "top": 712,
            "left": 379,
            "bottom": 736
        }
    },
    {
        "isClick": false,
        "id": 38,
        "content": "sta",
        "type": "text",
        "location": {
            "right": 43,
            "top": 745,
            "left": 16,
            "bottom": 761
        }
    },
    {
        "isClick": false,
        "id": 39,
        "content": "Expires",
        "type": "text",
        "location": {
            "right": 113,
            "top": 737,
            "left": 55,
            "bottom": 760
        }
    },
    {
        "isClick": false,
        "id": 40,
        "content": "On :",
        "type": "text",
        "location": {
            "right": 144,
            "top": 737,
            "left": 119,
            "bottom": 757
        }
    },
    {
        "isClick": false,
        "id": 41,
        "content": "\u0729\u0729\u0722\u0729\u0729\u0729\u0729\u0729\u0729\u0729",
        "type": "text",
        "location": {
            "right": 273,
            "top": 761,
            "left": 153,
            "bottom": 769
        }
    },
    {
        "isClick": true,
        "id": 42,
        "content": "Trust this server and make the connection ?",
        "type": "text",
        "location": {
            "right": 400,
            "top": 775,
            "left": 51,
            "bottom": 788
        }
    },
    {
        "isClick": true,
        "id": 43,
        "content": "Trust for Session",
        "type": "text",
        "location": {
            "right": 229,
            "top": 828,
            "left": 93,
            "bottom": 841
        }
    },
    {
        "isClick": false,
        "id": 44,
        "content": "Cancel",
        "type": "text",
        "location": {
            "right": 404,
            "top": 828,
            "left": 352,
            "bottom": 841
        }
    },
    {
        "isClick": false,
        "id": 45,
        "content": "ALANLAILA",
        "type": "text",
        "location": {
            "right": 191,
            "top": 891,
            "left": 19,
            "bottom": 899
        }
    }
]