[
    {
        "content": "FAK",
        "location": {
            "bottom": 24,
            "top": 10,
            "left": 90,
            "right": 126
        },
        "id": 0,
        "isClick": false,
        "type": "text"
    },
    {
        "content": "f",
        "location": {
            "bottom": 51,
            "top": 14,
            "left": 28,
            "right": 66
        },
        "id": 1,
        "isClick": false,
        "type": "text"
    },
    {
        "content": "4",
        "location": {
            "bottom": 50,
            "top": 13,
            "left": 777,
            "right": 805
        },
        "id": 2,
        "isClick": false,
        "type": "text"
    },
    {
        "content": "3",
        "location": {
            "bottom": 48,
            "top": 16,
            "left": 942,
            "right": 965
        },
        "id": 3,
        "isClick": false,
        "type": "text"
    },
    {
        "content": "6:49",
        "location": {
            "bottom": 48,
            "top": 17,
            "left": 987,
            "right": 1055
        },
        "id": 4,
        "isClick": false,
        "type": "text"
    },
    {
        "content": "Name",
        "location": {
            "bottom": 514,
            "top": 494,
            "left": 200,
            "right": 254
        },
        "id": 5,
        "isClick": false,
        "type": "text"
    },
    {
        "content": "Name",
        "location": {
            "bottom": 514,
            "top": 494,
            "left": 673,
            "right": 727
        },
        "id": 6,
        "isClick": false,
        "type": "text"
    },
    {
        "content": "E - mail",
        "location": {
            "bottom": 574,
            "top": 552,
            "left": 199,
            "right": 259
        },
        "id": 7,
        "isClick": false,
        "type": "text"
    },
    {
        "content": "Code",
        "location": {
            "bottom": 572,
            "top": 552,
            "left": 671,
            "right": 718
        },
        "id": 8,
        "isClick": false,
        "type": "text"
    },
    {
        "content": "Password",
        "location": {
            "bottom": 633,
            "top": 612,
            "left": 199,
            "right": 291
        },
        "id": 9,
        "isClick": false,
        "type": "text"
    },
    {
        "content": "JOIN",
        "location": {
            "bottom": 650,
            "top": 631,
            "left": 755,
            "right": 800
        },
        "id": 10,
        "isClick": false,
        "type": "text"
    },
    {
        "content": "REGISTER",
        "location": {
            "bottom": 712,
            "top": 692,
            "left": 258,
            "right": 353
        },
        "id": 11,
        "isClick": false,
        "type": "text"
    },
    {
        "content": "HELLO",
        "location": {
            "bottom": 1105,
            "top": 1041,
            "left": 424,
            "right": 657
        },
        "id": 12,
        "isClick": false,
        "type": "text"
    },
    {
        "content": "You",
        "location": {
            "bottom": 1217,
            "top": 1181,
            "left": 79,
            "right": 145
        },
        "id": 13,
        "isClick": false,
        "type": "text"
    },
    {
        "content": "can",
        "location": {
            "bottom": 1217,
            "top": 1185,
            "left": 162,
            "right": 223
        },
        "id": 14,
        "isClick": false,
        "type": "text"
    },
    {
        "content": "use the",
        "location": {
            "bottom": 1217,
            "top": 1179,
            "left": 240,
            "right": 372
        },
        "id": 15,
        "isClick": false,
        "type": "text"
    },
    {
        "content": "app",
        "location": {
            "bottom": 1223,
            "top": 1186,
            "left": 388,
            "right": 452
        },
        "id": 16,
        "isClick": false,
        "type": "text"
    },
    {
        "content": "on",
        "location": {
            "bottom": 1216,
            "top": 1189,
            "left": 467,
            "right": 508
        },
        "id": 17,
        "isClick": false,
        "type": "text"
    },
    {
        "content": "your",
        "location": {
            "bottom": 1224,
            "top": 1187,
            "left": 523,
            "right": 603
        },
        "id": 18,
        "isClick": false,
        "type": "text"
    },
    {
        "content": "phone",
        "location": {
            "bottom": 1223,
            "top": 1180,
            "left": 618,
            "right": 729
        },
        "id": 19,
        "isClick": false,
        "type": "text"
    },
    {
        "content": "and",
        "location": {
            "bottom": 1217,
            "top": 1181,
            "left": 744,
            "right": 807
        },
        "id": 20,
        "isClick": false,
        "type": "text"
    },
    {
        "content": "computer",
        "location": {
            "bottom": 1224,
            "top": 1185,
            "left": 824,
            "right": 1000
        },
        "id": 21,
        "isClick": false,
        "type": "text"
    },
    {
        "content": "\u0394",
        "location": {
            "bottom": 1882,
            "top": 1834,
            "left": 214,
            "right": 258
        },
        "id": 22,
        "isClick": false,
        "type": "text"
    }
]