[
    {
        "isClick": false,
        "location": {
            "bottom": 22,
            "right": 525,
            "top": 10,
            "left": 484
        },
        "content": "11:21",
        "type": "text",
        "id": 0
    },
    {
        "isClick": false,
        "location": {
            "bottom": 102,
            "right": 357,
            "top": 65,
            "left": 42
        },
        "content": "0 What's New in 4.2.0 ?",
        "type": "text",
        "id": 1
    },
    {
        "isClick": false,
        "location": {
            "bottom": 118,
            "right": 19,
            "top": 104,
            "left": 9
        },
        "content": "M",
        "type": "text",
        "id": 2
    },
    {
        "isClick": false,
        "location": {
            "bottom": 170,
            "right": 181,
            "top": 153,
            "left": 41
        },
        "content": "What's New ?",
        "type": "text",
        "id": 3
    },
    {
        "isClick": false,
        "location": {
            "bottom": 225,
            "right": 445,
            "top": 206,
            "left": 41
        },
        "content": "The tablet version has gotten a long needed",
        "type": "text",
        "id": 4
    },
    {
        "isClick": false,
        "location": {
            "bottom": 250,
            "right": 448,
            "top": 230,
            "left": 41
        },
        "content": "facelift , there is now also support for editing",
        "type": "text",
        "id": 5
    },
    {
        "isClick": false,
        "location": {
            "bottom": 277,
            "right": 489,
            "top": 254,
            "left": 42
        },
        "content": "database information , including changing poster",
        "type": "text",
        "id": 6
    },
    {
        "isClick": false,
        "location": {
            "bottom": 296,
            "right": 271,
            "top": 281,
            "left": 41
        },
        "content": "for movies and tv shows .",
        "type": "text",
        "id": 7
    },
    {
        "isClick": false,
        "location": {
            "bottom": 346,
            "right": 481,
            "top": 327,
            "left": 42
        },
        "content": "Switching between multiple audio tracks is now",
        "type": "text",
        "id": 8
    },
    {
        "isClick": false,
        "location": {
            "bottom": 371,
            "right": 469,
            "top": 352,
            "left": 42
        },
        "content": "also possible , but requires android 4.1 or later .",
        "type": "text",
        "id": 9
    },
    {
        "isClick": false,
        "location": {
            "bottom": 417,
            "right": 295,
            "top": 398,
            "left": 42
        },
        "content": "Please report any issues to :",
        "type": "text",
        "id": 10
    },
    {
        "isClick": false,
        "location": {
            "bottom": 443,
            "right": 303,
            "top": 420,
            "left": 41
        },
        "content": "daniel.nilsson.9@gmail.com",
        "type": "text",
        "id": 11
    },
    {
        "isClick": false,
        "location": {
            "bottom": 489,
            "right": 248,
            "top": 472,
            "left": 41
        },
        "content": "4.1.2 - 2014-12-21",
        "type": "text",
        "id": 12
    },
    {
        "isClick": false,
        "location": {
            "bottom": 538,
            "right": 76,
            "top": 529,
            "left": 71
        },
        "content": "\u2022",
        "type": "text",
        "id": 13
    },
    {
        "isClick": false,
        "location": {
            "bottom": 540,
            "right": 279,
            "top": 523,
            "left": 94
        },
        "content": "Facelift for tablet UI .",
        "type": "text",
        "id": 14
    },
    {
        "isClick": false,
        "location": {
            "bottom": 565,
            "right": 183,
            "top": 551,
            "left": 95
        },
        "content": "New icon .",
        "type": "text",
        "id": 15
    },
    {
        "isClick": false,
        "location": {
            "bottom": 591,
            "right": 76,
            "top": 577,
            "left": 71
        },
        "content": "\u2022",
        "type": "text",
        "id": 16
    },
    {
        "isClick": false,
        "location": {
            "bottom": 594,
            "right": 486,
            "top": 574,
            "left": 95
        },
        "content": "Fixed bug ( hopefully ) where multiple items",
        "type": "text",
        "id": 17
    },
    {
        "isClick": false,
        "location": {
            "bottom": 615,
            "right": 403,
            "top": 600,
            "left": 94
        },
        "content": "of the same video could be listed .",
        "type": "text",
        "id": 18
    },
    {
        "isClick": false,
        "location": {
            "bottom": 645,
            "right": 433,
            "top": 624,
            "left": 94
        },
        "content": "Added support for selecting between",
        "type": "text",
        "id": 19
    },
    {
        "isClick": false,
        "location": {
            "bottom": 669,
            "right": 419,
            "top": 648,
            "left": 95
        },
        "content": "multiple audio tracks if available on",
        "type": "text",
        "id": 20
    },
    {
        "isClick": false,
        "location": {
            "bottom": 690,
            "right": 275,
            "top": 674,
            "left": 94
        },
        "content": "Android 4.1 or later .",
        "type": "text",
        "id": 21
    },
    {
        "isClick": false,
        "location": {
            "bottom": 713,
            "right": 76,
            "top": 704,
            "left": 71
        },
        "content": "\u2022",
        "type": "text",
        "id": 22
    },
    {
        "isClick": false,
        "location": {
            "bottom": 719,
            "right": 270,
            "top": 699,
            "left": 95
        },
        "content": "Database bugfixes .",
        "type": "text",
        "id": 23
    },
    {
        "isClick": false,
        "location": {
            "bottom": 738,
            "right": 76,
            "top": 730,
            "left": 71
        },
        "content": "\u2022",
        "type": "text",
        "id": 24
    },
    {
        "isClick": false,
        "location": {
            "bottom": 743,
            "right": 496,
            "top": 724,
            "left": 95
        },
        "content": "Better fullscreen support for devices having",
        "type": "text",
        "id": 25
    },
    {
        "isClick": false,
        "location": {
            "bottom": 769,
            "right": 357,
            "top": 749,
            "left": 94
        },
        "content": "software navigation buttons .",
        "type": "text",
        "id": 26
    },
    {
        "isClick": false,
        "location": {
            "bottom": 793,
            "right": 453,
            "top": 771,
            "left": 95
        },
        "content": "Now possible to edit information about",
        "type": "text",
        "id": 27
    },
    {
        "isClick": false,
        "location": {
            "bottom": 820,
            "right": 440,
            "top": 798,
            "left": 95
        },
        "content": "movies / tv shows manually including",
        "type": "text",
        "id": 28
    },
    {
        "isClick": true,
        "location": {
            "bottom": 861,
            "right": 281,
            "top": 849,
            "left": 259
        },
        "content": "OK",
        "type": "text",
        "id": 29
    }
]