[
    {
        "isClick": false,
        "location": {
            "bottom": 22,
            "right": 525,
            "top": 10,
            "left": 484
        },
        "content": "11:21",
        "type": "text",
        "id": 0
    },
    {
        "isClick": false,
        "location": {
            "bottom": 73,
            "right": 189,
            "top": 55,
            "left": 65
        },
        "content": "File Sources",
        "type": "text",
        "id": 1
    },
    {
        "isClick": true,
        "location": {
            "bottom": 73,
            "right": 515,
            "top": 55,
            "left": 491
        },
        "content": "+",
        "type": "text",
        "id": 2
    },
    {
        "isClick": false,
        "location": {
            "bottom": 116,
            "right": 70,
            "top": 103,
            "left": 10
        },
        "content": "Folders",
        "type": "text",
        "id": 3
    },
    {
        "isClick": false,
        "location": {
            "bottom": 486,
            "right": 319,
            "top": 470,
            "left": 221
        },
        "content": "No Folders",
        "type": "text",
        "id": 4
    },
    {
        "isClick": false,
        "location": {
            "bottom": 858,
            "right": 395,
            "top": 839,
            "left": 206
        },
        "content": "Android is slow ?",
        "type": "text",
        "id": 5
    },
    {
        "isClick": false,
        "location": {
            "bottom": 886,
            "right": 361,
            "top": 868,
            "left": 241
        },
        "content": "Clean Now",
        "type": "text",
        "id": 6
    }
]