[
    {
        "isClick": false,
        "location": {
            "bottom": 22,
            "right": 525,
            "top": 10,
            "left": 484
        },
        "content": "11:21",
        "type": "text",
        "id": 0
    },
    {
        "isClick": false,
        "location": {
            "bottom": 73,
            "right": 16,
            "top": 54,
            "left": 8
        },
        "content": "<",
        "type": "text",
        "id": 1
    },
    {
        "isClick": false,
        "location": {
            "bottom": 73,
            "right": 189,
            "top": 54,
            "left": 65
        },
        "content": "File Sources",
        "type": "text",
        "id": 2
    },
    {
        "isClick": false,
        "location": {
            "bottom": 71,
            "right": 507,
            "top": 55,
            "left": 503
        },
        "content": "+",
        "type": "text",
        "id": 3
    },
    {
        "isClick": false,
        "location": {
            "bottom": 116,
            "right": 69,
            "top": 103,
            "left": 10
        },
        "content": "Folders",
        "type": "text",
        "id": 4
    },
    {
        "isClick": false,
        "location": {
            "bottom": 231,
            "right": 219,
            "top": 213,
            "left": 93
        },
        "content": "File Browser",
        "type": "text",
        "id": 5
    },
    {
        "isClick": false,
        "location": {
            "bottom": 256,
            "right": 341,
            "top": 239,
            "left": 92
        },
        "content": "/ sdcard / ABA_English / UNIT121",
        "type": "text",
        "id": 6
    },
    {
        "isClick": false,
        "location": {
            "bottom": 323,
            "right": 329,
            "top": 307,
            "left": 156
        },
        "content": "/ sdcard / ABA_English",
        "type": "text",
        "id": 7
    },
    {
        "isClick": false,
        "location": {
            "bottom": 702,
            "right": 196,
            "top": 689,
            "left": 143
        },
        "content": "Cancel",
        "type": "text",
        "id": 8
    },
    {
        "isClick": false,
        "location": {
            "bottom": 702,
            "right": 380,
            "top": 689,
            "left": 359
        },
        "content": "OK",
        "type": "text",
        "id": 9
    },
    {
        "isClick": false,
        "location": {
            "bottom": 858,
            "right": 395,
            "top": 840,
            "left": 206
        },
        "content": "Android is slow ?",
        "type": "text",
        "id": 10
    },
    {
        "isClick": false,
        "location": {
            "bottom": 886,
            "right": 361,
            "top": 868,
            "left": 241
        },
        "content": "Clean Now",
        "type": "text",
        "id": 11
    }
]