[
    {
        "isClick": false,
        "location": {
            "bottom": 22,
            "right": 525,
            "top": 10,
            "left": 484
        },
        "content": "11:21",
        "type": "text",
        "id": 0
    },
    {
        "isClick": false,
        "location": {
            "bottom": 72,
            "right": 189,
            "top": 55,
            "left": 65
        },
        "content": "File Sources",
        "type": "text",
        "id": 1
    },
    {
        "isClick": false,
        "location": {
            "bottom": 73,
            "right": 515,
            "top": 55,
            "left": 491
        },
        "content": "+",
        "type": "text",
        "id": 2
    },
    {
        "isClick": false,
        "location": {
            "bottom": 116,
            "right": 70,
            "top": 103,
            "left": 10
        },
        "content": "Folders",
        "type": "text",
        "id": 3
    },
    {
        "isClick": false,
        "location": {
            "bottom": 167,
            "right": 180,
            "top": 149,
            "left": 90
        },
        "content": "UNIT121",
        "type": "text",
        "id": 4
    },
    {
        "isClick": false,
        "location": {
            "bottom": 178,
            "right": 511,
            "top": 155,
            "left": 489
        },
        "content": "\u0425",
        "type": "text",
        "id": 5
    },
    {
        "isClick": false,
        "location": {
            "bottom": 190,
            "right": 267,
            "top": 179,
            "left": 88
        },
        "content": "/ sdcard / ABA_English / UNIT121",
        "type": "text",
        "id": 6
    },
    {
        "isClick": false,
        "location": {
            "bottom": 858,
            "right": 395,
            "top": 839,
            "left": 206
        },
        "content": "Android is slow ?",
        "type": "text",
        "id": 7
    },
    {
        "isClick": false,
        "location": {
            "bottom": 886,
            "right": 361,
            "top": 868,
            "left": 241
        },
        "content": "Clean Now",
        "type": "text",
        "id": 8
    }
]