[
    {
        "isClick": false,
        "location": {
            "bottom": 11,
            "right": 539,
            "top": 7,
            "left": 523
        },
        "content": "A",
        "type": "text",
        "id": 0
    },
    {
        "isClick": false,
        "location": {
            "bottom": 151,
            "right": 515,
            "top": 60,
            "left": 24
        },
        "content": "amazon",
        "type": "text",
        "id": 1
    },
    {
        "isClick": false,
        "location": {
            "bottom": 366,
            "right": 323,
            "top": 346,
            "left": 218
        },
        "content": "amazon",
        "type": "text",
        "id": 2
    },
    {
        "isClick": false,
        "location": {
            "bottom": 441,
            "right": 253,
            "top": 385,
            "left": 208
        },
        "content": "1",
        "type": "text",
        "id": 3
    },
    {
        "isClick": false,
        "location": {
            "bottom": 528,
            "right": 252,
            "top": 489,
            "left": 111
        },
        "content": "Amazon",
        "type": "text",
        "id": 4
    },
    {
        "isClick": false,
        "location": {
            "bottom": 530,
            "right": 427,
            "top": 490,
            "left": 267
        },
        "content": "Shopping",
        "type": "text",
        "id": 5
    },
    {
        "isClick": false,
        "location": {
            "bottom": 592,
            "right": 152,
            "top": 564,
            "left": 115
        },
        "content": "4.3",
        "type": "text",
        "id": 6
    },
    {
        "isClick": false,
        "location": {
            "bottom": 619,
            "right": 204,
            "top": 603,
            "left": 90
        },
        "content": "500 thousand",
        "type": "text",
        "id": 7
    },
    {
        "isClick": false,
        "location": {
            "bottom": 616,
            "right": 457,
            "top": 602,
            "left": 377
        },
        "content": "80 million",
        "type": "text",
        "id": 8
    },
    {
        "isClick": false,
        "location": {
            "bottom": 679,
            "right": 426,
            "top": 657,
            "left": 76
        },
        "content": "Search , compare , read reviews Shop and",
        "type": "text",
        "id": 9
    },
    {
        "isClick": false,
        "location": {
            "bottom": 676,
            "right": 463,
            "top": 657,
            "left": 434
        },
        "content": "buy",
        "type": "text",
        "id": 10
    },
    {
        "isClick": false,
        "location": {
            "bottom": 703,
            "right": 277,
            "top": 684,
            "left": 199
        },
        "content": "wherever",
        "type": "text",
        "id": 11
    },
    {
        "isClick": false,
        "location": {
            "bottom": 705,
            "right": 340,
            "top": 689,
            "left": 284
        },
        "content": "you go",
        "type": "text",
        "id": 12
    },
    {
        "isClick": false,
        "location": {
            "bottom": 770,
            "right": 337,
            "top": 750,
            "left": 235
        },
        "content": "Google Play",
        "type": "text",
        "id": 13
    },
    {
        "isClick": true,
        "location": {
            "bottom": 840,
            "right": 197,
            "top": 825,
            "left": 91
        },
        "content": "NO THANKS",
        "type": "text",
        "id": 14
    },
    {
        "isClick": false,
        "location": {
            "bottom": 839,
            "right": 432,
            "top": 826,
            "left": 358
        },
        "content": "INSTALL",
        "type": "text",
        "id": 15
    }
]