[
    {
        "isClick": false,
        "location": {
            "bottom": 22,
            "right": 528,
            "top": 10,
            "left": 484
        },
        "content": "11:22",
        "type": "text",
        "id": 0
    },
    {
        "isClick": false,
        "location": {
            "bottom": 72,
            "right": 218,
            "top": 55,
            "left": 65
        },
        "content": "Media Browser",
        "type": "text",
        "id": 1
    },
    {
        "isClick": false,
        "location": {
            "bottom": 122,
            "right": 74,
            "top": 109,
            "left": 32
        },
        "content": "TABS",
        "type": "text",
        "id": 2
    },
    {
        "isClick": false,
        "location": {
            "bottom": 177,
            "right": 202,
            "top": 157,
            "left": 32
        },
        "content": "Show / Hide Tabs",
        "type": "text",
        "id": 3
    },
    {
        "isClick": false,
        "location": {
            "bottom": 206,
            "right": 337,
            "top": 188,
            "left": 32
        },
        "content": "Show or hide tab ( s ) you are not using .",
        "type": "text",
        "id": 4
    },
    {
        "isClick": false,
        "location": {
            "bottom": 255,
            "right": 150,
            "top": 237,
            "left": 33
        },
        "content": "Default Tab",
        "type": "text",
        "id": 5
    },
    {
        "isClick": false,
        "location": {
            "bottom": 284,
            "right": 451,
            "top": 266,
            "left": 32
        },
        "content": "Select which tab that should be first show when you",
        "type": "text",
        "id": 6
    },
    {
        "isClick": false,
        "location": {
            "bottom": 306,
            "right": 137,
            "top": 289,
            "left": 32
        },
        "content": "start the app .",
        "type": "text",
        "id": 7
    },
    {
        "isClick": false,
        "location": {
            "bottom": 360,
            "right": 286,
            "top": 337,
            "left": 33
        },
        "content": "Unidentified Videos Only",
        "type": "text",
        "id": 8
    },
    {
        "isClick": false,
        "location": {
            "bottom": 385,
            "right": 430,
            "top": 368,
            "left": 32
        },
        "content": "Only show unidentified videos in the \" Videos \" tab .",
        "type": "text",
        "id": 9
    },
    {
        "isClick": false,
        "location": {
            "bottom": 429,
            "right": 153,
            "top": 416,
            "left": 32
        },
        "content": "VIDEO PLAYER",
        "type": "text",
        "id": 10
    },
    {
        "isClick": false,
        "location": {
            "bottom": 482,
            "right": 294,
            "top": 457,
            "left": 33
        },
        "content": "Use another Video Player",
        "type": "text",
        "id": 11
    },
    {
        "isClick": false,
        "location": {
            "bottom": 508,
            "right": 383,
            "top": 487,
            "left": 33
        },
        "content": "Don't use mVideo Player's inbuilt player . Use",
        "type": "text",
        "id": 12
    },
    {
        "isClick": false,
        "location": {
            "bottom": 528,
            "right": 396,
            "top": 511,
            "left": 32
        },
        "content": "another one you specify below as your player",
        "type": "text",
        "id": 13
    },
    {
        "isClick": false,
        "location": {
            "bottom": 551,
            "right": 431,
            "top": 528,
            "left": 32
        },
        "content": "that will be launched when you press play . Useful",
        "type": "text",
        "id": 14
    },
    {
        "isClick": false,
        "location": {
            "bottom": 571,
            "right": 386,
            "top": 553,
            "left": 33
        },
        "content": "if you need another play that supports more",
        "type": "text",
        "id": 15
    },
    {
        "isClick": false,
        "location": {
            "bottom": 590,
            "right": 148,
            "top": 573,
            "left": 32
        },
        "content": "video formats .",
        "type": "text",
        "id": 16
    },
    {
        "isClick": false,
        "location": {
            "bottom": 640,
            "right": 148,
            "top": 618,
            "left": 43
        },
        "content": "Open With",
        "type": "text",
        "id": 17
    },
    {
        "isClick": false,
        "location": {
            "bottom": 636,
            "right": 164,
            "top": 633,
            "left": 151
        },
        "content": "...",
        "type": "text",
        "id": 18
    },
    {
        "isClick": false,
        "location": {
            "bottom": 665,
            "right": 462,
            "top": 648,
            "left": 43
        },
        "content": "Specify wich application that should be used to play",
        "type": "text",
        "id": 19
    },
    {
        "isClick": false,
        "location": {
            "bottom": 686,
            "right": 395,
            "top": 669,
            "left": 43
        },
        "content": "your videos when you press the play button .",
        "type": "text",
        "id": 20
    },
    {
        "isClick": false,
        "location": {
            "bottom": 725,
            "right": 89,
            "top": 712,
            "left": 32
        },
        "content": "OTHER",
        "type": "text",
        "id": 21
    },
    {
        "isClick": false,
        "location": {
            "bottom": 777,
            "right": 264,
            "top": 753,
            "left": 32
        },
        "content": "Skip Video Info Screen",
        "type": "text",
        "id": 22
    },
    {
        "isClick": false,
        "location": {
            "bottom": 802,
            "right": 419,
            "top": 785,
            "left": 32
        },
        "content": "Start playback directly instead of showing video",
        "type": "text",
        "id": 23
    },
    {
        "isClick": false,
        "location": {
            "bottom": 824,
            "right": 431,
            "top": 807,
            "left": 33
        },
        "content": "info screen . The info screen can still be shown by",
        "type": "text",
        "id": 24
    },
    {
        "isClick": false,
        "location": {
            "bottom": 845,
            "right": 206,
            "top": 827,
            "left": 33
        },
        "content": "long pressing a video .",
        "type": "text",
        "id": 25
    },
    {
        "isClick": false,
        "location": {
            "bottom": 897,
            "right": 279,
            "top": 875,
            "left": 32
        },
        "content": "Resume Video Playback",
        "type": "text",
        "id": 26
    }
]