[
    {
        "isClick": false,
        "location": {
            "bottom": 22,
            "right": 527,
            "top": 10,
            "left": 484
        },
        "content": "11:23",
        "type": "text",
        "id": 0
    },
    {
        "isClick": true,
        "location": {
            "bottom": 79,
            "right": 7,
            "top": 42,
            "left": -3
        },
        "content": "=",
        "type": "text",
        "id": 1
    },
    {
        "isClick": false,
        "location": {
            "bottom": 81,
            "right": 210,
            "top": 49,
            "left": 64
        },
        "content": "mVideo Player",
        "type": "text",
        "id": 2
    },
    {
        "isClick": false,
        "location": {
            "bottom": 72,
            "right": 506,
            "top": 50,
            "left": 500
        },
        "content": "!",
        "type": "text",
        "id": 3
    },
    {
        "isClick": false,
        "location": {
            "bottom": 118,
            "right": 69,
            "top": 103,
            "left": 10
        },
        "content": "Browse",
        "type": "text",
        "id": 4
    },
    {
        "isClick": false,
        "location": {
            "bottom": 179,
            "right": 319,
            "top": 155,
            "left": 90
        },
        "content": "Up to Device Storage",
        "type": "text",
        "id": 5
    },
    {
        "isClick": false,
        "location": {
            "bottom": 244,
            "right": 162,
            "top": 225,
            "left": 89
        },
        "content": "vendor",
        "type": "text",
        "id": 6
    },
    {
        "isClick": false,
        "location": {
            "bottom": 265,
            "right": 121,
            "top": 256,
            "left": 88
        },
        "content": "< DIR >",
        "type": "text",
        "id": 7
    },
    {
        "isClick": false,
        "location": {
            "bottom": 265,
            "right": 530,
            "top": 256,
            "left": 467
        },
        "content": "18-09-2016",
        "type": "text",
        "id": 8
    },
    {
        "isClick": false,
        "location": {
            "bottom": 329,
            "right": 166,
            "top": 307,
            "left": 89
        },
        "content": "system",
        "type": "text",
        "id": 9
    },
    {
        "isClick": false,
        "location": {
            "bottom": 345,
            "right": 120,
            "top": 335,
            "left": 89
        },
        "content": "< DIR >",
        "type": "text",
        "id": 10
    },
    {
        "isClick": false,
        "location": {
            "bottom": 345,
            "right": 532,
            "top": 336,
            "left": 466
        },
        "content": "30-01-1970",
        "type": "text",
        "id": 11
    },
    {
        "isClick": false,
        "location": {
            "bottom": 409,
            "right": 123,
            "top": 388,
            "left": 89
        },
        "content": "sys",
        "type": "text",
        "id": 12
    },
    {
        "isClick": false,
        "location": {
            "bottom": 427,
            "right": 110,
            "top": 411,
            "left": 91
        },
        "content": "< DIR",
        "type": "text",
        "id": 13
    },
    {
        "isClick": false,
        "location": {
            "bottom": 426,
            "right": 532,
            "top": 416,
            "left": 467
        },
        "content": "18-02-1970",
        "type": "text",
        "id": 14
    },
    {
        "isClick": false,
        "location": {
            "bottom": 488,
            "right": 171,
            "top": 468,
            "left": 89
        },
        "content": "storage",
        "type": "text",
        "id": 15
    },
    {
        "isClick": false,
        "location": {
            "bottom": 504,
            "right": 121,
            "top": 496,
            "left": 89
        },
        "content": "< DIR >",
        "type": "text",
        "id": 16
    },
    {
        "isClick": false,
        "location": {
            "bottom": 504,
            "right": 531,
            "top": 496,
            "left": 467
        },
        "content": "18-02-1970",
        "type": "text",
        "id": 17
    },
    {
        "isClick": false,
        "location": {
            "bottom": 563,
            "right": 133,
            "top": 545,
            "left": 89
        },
        "content": "sbin",
        "type": "text",
        "id": 18
    },
    {
        "isClick": false,
        "location": {
            "bottom": 584,
            "right": 120,
            "top": 575,
            "left": 89
        },
        "content": "< DIR >",
        "type": "text",
        "id": 19
    },
    {
        "isClick": false,
        "location": {
            "bottom": 584,
            "right": 531,
            "top": 575,
            "left": 466
        },
        "content": "01-01-1970",
        "type": "text",
        "id": 20
    },
    {
        "isClick": false,
        "location": {
            "bottom": 644,
            "right": 132,
            "top": 625,
            "left": 90
        },
        "content": "root",
        "type": "text",
        "id": 21
    },
    {
        "isClick": false,
        "location": {
            "bottom": 664,
            "right": 121,
            "top": 655,
            "left": 89
        },
        "content": "< DIR >",
        "type": "text",
        "id": 22
    },
    {
        "isClick": false,
        "location": {
            "bottom": 664,
            "right": 532,
            "top": 655,
            "left": 466
        },
        "content": "25-03-2016",
        "type": "text",
        "id": 23
    },
    {
        "isClick": false,
        "location": {
            "bottom": 723,
            "right": 121,
            "top": 710,
            "left": 90
        },
        "content": "res",
        "type": "text",
        "id": 24
    },
    {
        "isClick": false,
        "location": {
            "bottom": 744,
            "right": 121,
            "top": 735,
            "left": 88
        },
        "content": "< DIR >",
        "type": "text",
        "id": 25
    },
    {
        "isClick": false,
        "location": {
            "bottom": 744,
            "right": 532,
            "top": 735,
            "left": 466
        },
        "content": "01-01-1970",
        "type": "text",
        "id": 26
    },
    {
        "isClick": false,
        "location": {
            "bottom": 808,
            "right": 135,
            "top": 789,
            "left": 90
        },
        "content": "proc",
        "type": "text",
        "id": 27
    },
    {
        "isClick": false,
        "location": {
            "bottom": 824,
            "right": 120,
            "top": 814,
            "left": 88
        },
        "content": "< DIR >",
        "type": "text",
        "id": 28
    },
    {
        "isClick": false,
        "location": {
            "bottom": 824,
            "right": 532,
            "top": 815,
            "left": 466
        },
        "content": "01-01-1970",
        "type": "text",
        "id": 29
    },
    {
        "isClick": false,
        "location": {
            "bottom": 874,
            "right": 408,
            "top": 856,
            "left": 159
        },
        "content": "Click to increase now !",
        "type": "text",
        "id": 30
    }
]