[
    {
        "id": 0,
        "location": {
            "right": 684,
            "left": 658,
            "top": 12,
            "bottom": 24
        },
        "content": "FAK",
        "isClick": false,
        "type": "text"
    },
    {
        "id": 1,
        "location": {
            "right": 128,
            "left": 112,
            "top": 13,
            "bottom": 51
        },
        "content": "A",
        "isClick": false,
        "type": "text"
    },
    {
        "id": 2,
        "location": {
            "right": 184,
            "left": 167,
            "top": 14,
            "bottom": 50
        },
        "content": "A",
        "isClick": false,
        "type": "text"
    },
    {
        "id": 3,
        "location": {
            "right": 567,
            "left": 156,
            "top": 11,
            "bottom": 51
        },
        "content": "ffffff",
        "isClick": false,
        "type": "text"
    },
    {
        "id": 4,
        "location": {
            "right": 945,
            "left": 922,
            "top": 12,
            "bottom": 48
        },
        "content": "5",
        "isClick": false,
        "type": "text"
    },
    {
        "id": 5,
        "location": {
            "right": 1056,
            "left": 968,
            "top": 17,
            "bottom": 49
        },
        "content": "10:10",
        "isClick": false,
        "type": "text"
    },
    {
        "id": 6,
        "location": {
            "right": 129,
            "left": 46,
            "top": 118,
            "bottom": 160
        },
        "content": "100",
        "isClick": false,
        "type": "text"
    },
    {
        "id": 7,
        "location": {
            "right": 347,
            "left": 148,
            "top": 116,
            "bottom": 167
        },
        "content": "Pushups",
        "isClick": false,
        "type": "text"
    },
    {
        "id": 8,
        "location": {
            "right": 1028,
            "left": 1004,
            "top": 115,
            "bottom": 156
        },
        "content": "?",
        "isClick": false,
        "type": "text"
    },
    {
        "id": 9,
        "location": {
            "right": 621,
            "left": 537,
            "top": 267,
            "bottom": 312
        },
        "content": "100",
        "isClick": false,
        "type": "text"
    },
    {
        "id": 10,
        "location": {
            "right": 758,
            "left": 643,
            "top": 265,
            "bottom": 311
        },
        "content": "Push",
        "isClick": false,
        "type": "text"
    },
    {
        "id": 11,
        "location": {
            "right": 865,
            "left": 762,
            "top": 273,
            "bottom": 317
        },
        "content": "- ups",
        "isClick": false,
        "type": "text"
    },
    {
        "id": 12,
        "location": {
            "right": 655,
            "left": 527,
            "top": 348,
            "bottom": 393
        },
        "content": "Week",
        "isClick": false,
        "type": "text"
    },
    {
        "id": 13,
        "location": {
            "right": 687,
            "left": 673,
            "top": 352,
            "bottom": 393
        },
        "content": "1",
        "isClick": false,
        "type": "text"
    },
    {
        "id": 14,
        "location": {
            "right": 720,
            "left": 715,
            "top": 369,
            "bottom": 377
        },
        "content": "-",
        "isClick": false,
        "type": "text"
    },
    {
        "id": 15,
        "location": {
            "right": 827,
            "left": 743,
            "top": 352,
            "bottom": 402
        },
        "content": "Day",
        "isClick": false,
        "type": "text"
    },
    {
        "id": 16,
        "location": {
            "right": 861,
            "left": 847,
            "top": 352,
            "bottom": 393
        },
        "content": "1",
        "isClick": false,
        "type": "text"
    },
    {
        "id": 17,
        "location": {
            "right": 157,
            "left": 118,
            "top": 506,
            "bottom": 631
        },
        "content": "(",
        "isClick": true,
        "type": "text"
    },
    {
        "id": 18,
        "location": {
            "right": 252,
            "left": 179,
            "top": 501,
            "bottom": 630
        },
        "content": "0 )",
        "isClick": true,
        "type": "text"
    },
    {
        "id": 19,
        "location": {
            "right": 358,
            "left": 332,
            "top": 1499,
            "bottom": 1545
        },
        "content": "7",
        "isClick": false,
        "type": "text"
    },
    {
        "id": 20,
        "location": {
            "right": 603,
            "left": 376,
            "top": 1504,
            "bottom": 1550
        },
        "content": "programs",
        "isClick": false,
        "type": "text"
    },
    {
        "id": 21,
        "location": {
            "right": 661,
            "left": 625,
            "top": 1496,
            "bottom": 1544
        },
        "content": "in",
        "isClick": false,
        "type": "text"
    },
    {
        "id": 22,
        "location": {
            "right": 783,
            "left": 681,
            "top": 1497,
            "bottom": 1541
        },
        "content": "ONE",
        "isClick": false,
        "type": "text"
    },
    {
        "id": 23,
        "location": {
            "right": 394,
            "left": 335,
            "top": 1577,
            "bottom": 1619
        },
        "content": "No",
        "isClick": false,
        "type": "text"
    },
    {
        "id": 24,
        "location": {
            "right": 502,
            "left": 412,
            "top": 1577,
            "bottom": 1618
        },
        "content": "Ads",
        "isClick": false,
        "type": "text"
    },
    {
        "id": 25,
        "location": {
            "right": 931,
            "left": 790,
            "top": 1689,
            "bottom": 1733
        },
        "content": "Install",
        "isClick": false,
        "type": "text"
    }
]