[
    {
        "id": 0,
        "location": {
            "right": 691,
            "left": 658,
            "top": 11,
            "bottom": 25
        },
        "content": "FAK",
        "isClick": false,
        "type": "text"
    },
    {
        "id": 1,
        "location": {
            "right": 567,
            "left": 156,
            "top": 11,
            "bottom": 51
        },
        "content": "ffffff",
        "isClick": false,
        "type": "text"
    },
    {
        "id": 2,
        "location": {
            "right": 1056,
            "left": 968,
            "top": 19,
            "bottom": 45
        },
        "content": "10:15",
        "isClick": false,
        "type": "text"
    },
    {
        "id": 3,
        "location": {
            "right": 140,
            "left": 42,
            "top": 116,
            "bottom": 167
        },
        "content": "Tips",
        "isClick": false,
        "type": "text"
    },
    {
        "id": 4,
        "location": {
            "right": 285,
            "left": 144,
            "top": 296,
            "bottom": 345
        },
        "content": "Work",
        "isClick": false,
        "type": "text"
    },
    {
        "id": 5,
        "location": {
            "right": 391,
            "left": 306,
            "top": 301,
            "bottom": 345
        },
        "content": "out",
        "isClick": false,
        "type": "text"
    },
    {
        "id": 6,
        "location": {
            "right": 549,
            "left": 412,
            "top": 296,
            "bottom": 345
        },
        "content": "three",
        "isClick": false,
        "type": "text"
    },
    {
        "id": 7,
        "location": {
            "right": 721,
            "left": 570,
            "top": 296,
            "bottom": 345
        },
        "content": "times",
        "isClick": false,
        "type": "text"
    },
    {
        "id": 8,
        "location": {
            "right": 771,
            "left": 746,
            "top": 307,
            "bottom": 345
        },
        "content": "a",
        "isClick": false,
        "type": "text"
    },
    {
        "id": 9,
        "location": {
            "right": 935,
            "left": 794,
            "top": 296,
            "bottom": 345
        },
        "content": "week",
        "isClick": false,
        "type": "text"
    },
    {
        "id": 10,
        "location": {
            "right": 522,
            "left": 340,
            "top": 534,
            "bottom": 589
        },
        "content": "Sunday",
        "isClick": false,
        "type": "text"
    },
    {
        "id": 11,
        "location": {
            "right": 537,
            "left": 342,
            "top": 668,
            "bottom": 723
        },
        "content": "Monday",
        "isClick": false,
        "type": "text"
    },
    {
        "id": 12,
        "location": {
            "right": 545,
            "left": 337,
            "top": 801,
            "bottom": 857
        },
        "content": "Tuesday",
        "isClick": false,
        "type": "text"
    },
    {
        "id": 13,
        "location": {
            "right": 625,
            "left": 338,
            "top": 938,
            "bottom": 991
        },
        "content": "Wednesday",
        "isClick": false,
        "type": "text"
    },
    {
        "id": 14,
        "location": {
            "right": 570,
            "left": 336,
            "top": 1065,
            "bottom": 1127
        },
        "content": "Thursday",
        "isClick": false,
        "type": "text"
    },
    {
        "id": 15,
        "location": {
            "right": 489,
            "left": 341,
            "top": 1203,
            "bottom": 1262
        },
        "content": "Friday",
        "isClick": false,
        "type": "text"
    },
    {
        "id": 16,
        "location": {
            "right": 559,
            "left": 339,
            "top": 1337,
            "bottom": 1396
        },
        "content": "Saturday",
        "isClick": false,
        "type": "text"
    },
    {
        "id": 17,
        "location": {
            "right": 256,
            "left": 214,
            "top": 1834,
            "bottom": 1882
        },
        "content": "\u0394",
        "isClick": true,
        "type": "text"
    }
]