[
    {
        "location": {
            "left": 777,
            "top": 13,
            "bottom": 52,
            "right": 802
        },
        "type": "text",
        "id": 0,
        "isClick": false,
        "content": "*"
    },
    {
        "location": {
            "left": 988,
            "top": 17,
            "bottom": 48,
            "right": 1056
        },
        "type": "text",
        "id": 1,
        "isClick": false,
        "content": "8:30"
    },
    {
        "location": {
            "left": 161,
            "top": 117,
            "bottom": 155,
            "right": 288
        },
        "type": "text",
        "id": 2,
        "isClick": false,
        "content": "Radio"
    },
    {
        "location": {
            "left": 25,
            "top": 265,
            "bottom": 309,
            "right": 324
        },
        "type": "text",
        "id": 3,
        "isClick": false,
        "content": "READINESS"
    },
    {
        "location": {
            "left": 346,
            "top": 266,
            "bottom": 309,
            "right": 447
        },
        "type": "text",
        "id": 4,
        "isClick": false,
        "content": "FOR"
    },
    {
        "location": {
            "left": 466,
            "top": 266,
            "bottom": 309,
            "right": 571
        },
        "type": "text",
        "id": 5,
        "isClick": false,
        "content": "THE"
    },
    {
        "location": {
            "left": 592,
            "top": 265,
            "bottom": 309,
            "right": 778
        },
        "type": "text",
        "id": 6,
        "isClick": false,
        "content": "ROUGH"
    },
    {
        "location": {
            "left": 799,
            "top": 265,
            "bottom": 309,
            "right": 965
        },
        "type": "text",
        "id": 7,
        "isClick": false,
        "content": "TIMES"
    },
    {
        "location": {
            "left": 23,
            "top": 388,
            "bottom": 437,
            "right": 212
        },
        "type": "text",
        "id": 8,
        "isClick": false,
        "content": "February"
    },
    {
        "location": {
            "left": 231,
            "top": 390,
            "bottom": 433,
            "right": 288
        },
        "type": "text",
        "id": 9,
        "isClick": false,
        "content": "11 ,"
    },
    {
        "location": {
            "left": 307,
            "top": 386,
            "bottom": 427,
            "right": 412
        },
        "type": "text",
        "id": 10,
        "isClick": false,
        "content": "2017"
    },
    {
        "location": {
            "left": 809,
            "top": 511,
            "bottom": 553,
            "right": 927
        },
        "type": "text",
        "id": 11,
        "isClick": false,
        "content": "24:30"
    },
    {
        "location": {
            "left": 971,
            "top": 506,
            "bottom": 555,
            "right": 1027
        },
        "type": "text",
        "id": 12,
        "isClick": false,
        "content": "\u00bb )"
    },
    {
        "location": {
            "left": 25,
            "top": 637,
            "bottom": 674,
            "right": 131
        },
        "type": "text",
        "id": 13,
        "isClick": false,
        "content": "Have"
    },
    {
        "location": {
            "left": 160,
            "top": 642,
            "bottom": 683,
            "right": 234
        },
        "type": "text",
        "id": 14,
        "isClick": false,
        "content": "you"
    },
    {
        "location": {
            "left": 253,
            "top": 642,
            "bottom": 675,
            "right": 343
        },
        "type": "text",
        "id": 15,
        "isClick": false,
        "content": "ever"
    },
    {
        "location": {
            "left": 358,
            "top": 635,
            "bottom": 674,
            "right": 572
        },
        "type": "text",
        "id": 16,
        "isClick": false,
        "content": "wondered"
    },
    {
        "location": {
            "left": 592,
            "top": 635,
            "bottom": 673,
            "right": 617
        },
        "type": "text",
        "id": 17,
        "isClick": false,
        "content": "if"
    },
    {
        "location": {
            "left": 634,
            "top": 634,
            "bottom": 674,
            "right": 690
        },
        "type": "text",
        "id": 18,
        "isClick": false,
        "content": "it's"
    },
    {
        "location": {
            "left": 709,
            "top": 634,
            "bottom": 683,
            "right": 889
        },
        "type": "text",
        "id": 19,
        "isClick": false,
        "content": "possible"
    },
    {
        "location": {
            "left": 905,
            "top": 639,
            "bottom": 674,
            "right": 946
        },
        "type": "text",
        "id": 20,
        "isClick": false,
        "content": "to"
    },
    {
        "location": {
            "left": 23,
            "top": 703,
            "bottom": 746,
            "right": 186
        },
        "type": "text",
        "id": 21,
        "isClick": false,
        "content": "prepare"
    },
    {
        "location": {
            "left": 203,
            "top": 693,
            "bottom": 735,
            "right": 262
        },
        "type": "text",
        "id": 22,
        "isClick": false,
        "content": "for"
    },
    {
        "location": {
            "left": 277,
            "top": 693,
            "bottom": 736,
            "right": 344
        },
        "type": "text",
        "id": 23,
        "isClick": false,
        "content": "the"
    },
    {
        "location": {
            "left": 361,
            "top": 692,
            "bottom": 735,
            "right": 588
        },
        "type": "text",
        "id": 24,
        "isClick": false,
        "content": "difficulties"
    },
    {
        "location": {
            "left": 607,
            "top": 693,
            "bottom": 737,
            "right": 650
        },
        "type": "text",
        "id": 25,
        "isClick": false,
        "content": "of"
    },
    {
        "location": {
            "left": 667,
            "top": 693,
            "bottom": 735,
            "right": 752
        },
        "type": "text",
        "id": 26,
        "isClick": false,
        "content": "life ?"
    },
    {
        "location": {
            "left": 769,
            "top": 690,
            "bottom": 741,
            "right": 964
        },
        "type": "text",
        "id": 27,
        "isClick": false,
        "content": "Scripture"
    },
    {
        "location": {
            "left": 24,
            "top": 750,
            "bottom": 791,
            "right": 139
        },
        "type": "text",
        "id": 28,
        "isClick": false,
        "content": "holds"
    },
    {
        "location": {
            "left": 155,
            "top": 750,
            "bottom": 790,
            "right": 222
        },
        "type": "text",
        "id": 29,
        "isClick": false,
        "content": "the"
    },
    {
        "location": {
            "left": 241,
            "top": 750,
            "bottom": 799,
            "right": 366
        },
        "type": "text",
        "id": 30,
        "isClick": false,
        "content": "key to"
    },
    {
        "location": {
            "left": 384,
            "top": 752,
            "bottom": 799,
            "right": 537
        },
        "type": "text",
        "id": 31,
        "isClick": false,
        "content": "victory ,"
    },
    {
        "location": {
            "left": 555,
            "top": 761,
            "bottom": 790,
            "right": 604
        },
        "type": "text",
        "id": 32,
        "isClick": false,
        "content": "no"
    },
    {
        "location": {
            "left": 624,
            "top": 755,
            "bottom": 791,
            "right": 765
        },
        "type": "text",
        "id": 33,
        "isClick": false,
        "content": "matter"
    },
    {
        "location": {
            "left": 781,
            "top": 748,
            "bottom": 792,
            "right": 885
        },
        "type": "text",
        "id": 34,
        "isClick": false,
        "content": "what"
    },
    {
        "location": {
            "left": 22,
            "top": 808,
            "bottom": 849,
            "right": 199
        },
        "type": "text",
        "id": 35,
        "isClick": false,
        "content": "troubles"
    },
    {
        "location": {
            "left": 218,
            "top": 796,
            "bottom": 855,
            "right": 307
        },
        "type": "text",
        "id": 36,
        "isClick": false,
        "content": "may"
    },
    {
        "location": {
            "left": 324,
            "top": 810,
            "bottom": 849,
            "right": 437
        },
        "type": "text",
        "id": 37,
        "isClick": false,
        "content": "arise ."
    },
    {
        "location": {
            "left": 460,
            "top": 796,
            "bottom": 848,
            "right": 551
        },
        "type": "text",
        "id": 38,
        "isClick": false,
        "content": "First"
    },
    {
        "location": {
            "left": 570,
            "top": 810,
            "bottom": 849,
            "right": 681
        },
        "type": "text",
        "id": 39,
        "isClick": false,
        "content": "Peter"
    },
    {
        "location": {
            "left": 698,
            "top": 808,
            "bottom": 848,
            "right": 825
        },
        "type": "text",
        "id": 40,
        "isClick": false,
        "content": "offers"
    },
    {
        "location": {
            "left": 844,
            "top": 819,
            "bottom": 849,
            "right": 889
        },
        "type": "text",
        "id": 41,
        "isClick": false,
        "content": "us"
    },
    {
        "location": {
            "left": 908,
            "top": 808,
            "bottom": 848,
            "right": 983
        },
        "type": "text",
        "id": 42,
        "isClick": false,
        "content": "five"
    },
    {
        "location": {
            "left": 24,
            "top": 868,
            "bottom": 914,
            "right": 235
        },
        "type": "text",
        "id": 43,
        "isClick": false,
        "content": "important"
    },
    {
        "location": {
            "left": 252,
            "top": 870,
            "bottom": 915,
            "right": 367
        },
        "type": "text",
        "id": 44,
        "isClick": false,
        "content": "steps"
    },
    {
        "location": {
            "left": 384,
            "top": 866,
            "bottom": 905,
            "right": 469
        },
        "type": "text",
        "id": 45,
        "isClick": false,
        "content": "that"
    },
    {
        "location": {
            "left": 486,
            "top": 868,
            "bottom": 915,
            "right": 603
        },
        "type": "text",
        "id": 46,
        "isClick": false,
        "content": "equip"
    },
    {
        "location": {
            "left": 622,
            "top": 877,
            "bottom": 905,
            "right": 667
        },
        "type": "text",
        "id": 47,
        "isClick": false,
        "content": "us"
    },
    {
        "location": {
            "left": 684,
            "top": 870,
            "bottom": 905,
            "right": 725
        },
        "type": "text",
        "id": 48,
        "isClick": false,
        "content": "to"
    },
    {
        "location": {
            "left": 742,
            "top": 866,
            "bottom": 916,
            "right": 919
        },
        "type": "text",
        "id": 49,
        "isClick": false,
        "content": "triumph ,"
    },
    {
        "location": {
            "left": 22,
            "top": 923,
            "bottom": 971,
            "right": 181
        },
        "type": "text",
        "id": 50,
        "isClick": false,
        "content": "despite"
    },
    {
        "location": {
            "left": 198,
            "top": 930,
            "bottom": 963,
            "right": 267
        },
        "type": "text",
        "id": 51,
        "isClick": false,
        "content": "our"
    },
    {
        "location": {
            "left": 284,
            "top": 923,
            "bottom": 971,
            "right": 527
        },
        "type": "text",
        "id": 52,
        "isClick": false,
        "content": "challenges ,"
    },
    {
        "location": {
            "left": 544,
            "top": 922,
            "bottom": 971,
            "right": 727
        },
        "type": "text",
        "id": 53,
        "isClick": false,
        "content": "enabling"
    },
    {
        "location": {
            "left": 746,
            "top": 932,
            "bottom": 966,
            "right": 793
        },
        "type": "text",
        "id": 54,
        "isClick": false,
        "content": "us"
    },
    {
        "location": {
            "left": 810,
            "top": 928,
            "bottom": 963,
            "right": 851
        },
        "type": "text",
        "id": 55,
        "isClick": false,
        "content": "to"
    },
    {
        "location": {
            "left": 870,
            "top": 924,
            "bottom": 964,
            "right": 939
        },
        "type": "text",
        "id": 56,
        "isClick": false,
        "content": "live"
    },
    {
        "location": {
            "left": 956,
            "top": 928,
            "bottom": 968,
            "right": 1023
        },
        "type": "text",
        "id": 57,
        "isClick": false,
        "content": "out"
    },
    {
        "location": {
            "left": 23,
            "top": 992,
            "bottom": 1021,
            "right": 92
        },
        "type": "text",
        "id": 58,
        "isClick": false,
        "content": "our"
    },
    {
        "location": {
            "left": 109,
            "top": 980,
            "bottom": 1025,
            "right": 288
        },
        "type": "text",
        "id": 59,
        "isClick": false,
        "content": "holiness"
    },
    {
        "location": {
            "left": 307,
            "top": 981,
            "bottom": 1030,
            "right": 353
        },
        "type": "text",
        "id": 60,
        "isClick": false,
        "content": "by"
    },
    {
        "location": {
            "left": 370,
            "top": 981,
            "bottom": 1030,
            "right": 537
        },
        "type": "text",
        "id": 61,
        "isClick": false,
        "content": "obeying"
    },
    {
        "location": {
            "left": 557,
            "top": 981,
            "bottom": 1025,
            "right": 682
        },
        "type": "text",
        "id": 62,
        "isClick": false,
        "content": "Christ"
    },
    {
        "location": {
            "left": 700,
            "top": 981,
            "bottom": 1024,
            "right": 775
        },
        "type": "text",
        "id": 63,
        "isClick": false,
        "content": "and"
    },
    {
        "location": {
            "left": 796,
            "top": 983,
            "bottom": 1031,
            "right": 983
        },
        "type": "text",
        "id": 64,
        "isClick": false,
        "content": "imitating"
    },
    {
        "location": {
            "left": 23,
            "top": 1041,
            "bottom": 1081,
            "right": 91
        },
        "type": "text",
        "id": 65,
        "isClick": false,
        "content": "His"
    },
    {
        "location": {
            "left": 107,
            "top": 1050,
            "bottom": 1088,
            "right": 217
        },
        "type": "text",
        "id": 66,
        "isClick": false,
        "content": "ways"
    },
    {
        "location": {
            "left": 223,
            "top": 1071,
            "bottom": 1078,
            "right": 229
        },
        "type": "text",
        "id": 67,
        "isClick": false,
        "content": "."
    }
]