[
    {
        "location": {
            "left": 781,
            "top": 14,
            "bottom": 49,
            "right": 803
        },
        "type": "text",
        "id": 0,
        "isClick": false,
        "content": "4"
    },
    {
        "location": {
            "left": 942,
            "top": 12,
            "bottom": 48,
            "right": 965
        },
        "type": "text",
        "id": 1,
        "isClick": false,
        "content": "$"
    },
    {
        "location": {
            "left": 988,
            "top": 18,
            "bottom": 48,
            "right": 1051
        },
        "type": "text",
        "id": 2,
        "isClick": false,
        "content": "8 : 31"
    },
    {
        "location": {
            "left": 144,
            "top": 113,
            "bottom": 161,
            "right": 803
        },
        "type": "text",
        "id": 3,
        "isClick": false,
        "content": "https://www.intouch.org/station"
    }
]