[
    {
        "location": {
            "left": 382,
            "top": 161,
            "bottom": 201,
            "right": 590
        },
        "type": "text",
        "id": 0,
        "isClick": false,
        "content": "Age Scanner"
    },
    {
        "location": {
            "left": 602,
            "top": 161,
            "bottom": 198,
            "right": 695
        },
        "type": "text",
        "id": 1,
        "isClick": false,
        "content": "Prank"
    },
    {
        "location": {
            "left": 788,
            "top": 553,
            "bottom": 707,
            "right": 941
        },
        "type": "text",
        "id": 2,
        "isClick": false,
        "content": "-"
    },
    {
        "location": {
            "left": 226,
            "top": 912,
            "bottom": 949,
            "right": 485
        },
        "type": "text",
        "id": 3,
        "isClick": false,
        "content": "MORE APPS"
    },
    {
        "location": {
            "left": 504,
            "top": 912,
            "bottom": 949,
            "right": 555
        },
        "type": "text",
        "id": 4,
        "isClick": false,
        "content": "BY"
    },
    {
        "location": {
            "left": 574,
            "top": 912,
            "bottom": 949,
            "right": 855
        },
        "type": "text",
        "id": 5,
        "isClick": false,
        "content": "DEVELOPERS"
    },
    {
        "location": {
            "left": 60,
            "top": 1005,
            "bottom": 1039,
            "right": 201
        },
        "type": "text",
        "id": 6,
        "isClick": false,
        "content": "Bhabhi Calling"
    },
    {
        "location": {
            "left": 199,
            "top": 1009,
            "bottom": 1040,
            "right": 220
        },
        "type": "text",
        "id": 7,
        "isClick": false,
        "content": "..."
    },
    {
        "location": {
            "left": 52,
            "top": 1036,
            "bottom": 1059,
            "right": 195
        },
        "type": "text",
        "id": 8,
        "isClick": false,
        "content": "+91 7854632595"
    },
    {
        "location": {
            "left": 790,
            "top": 996,
            "bottom": 1134,
            "right": 1033
        },
        "type": "text",
        "id": 9,
        "isClick": false,
        "content": "NO"
    },
    {
        "location": {
            "left": 810,
            "top": 1256,
            "bottom": 1273,
            "right": 1036
        },
        "type": "text",
        "id": 10,
        "isClick": false,
        "content": "VIDEO AUDIO MIXER"
    },
    {
        "location": {
            "left": 38,
            "top": 1294,
            "bottom": 1323,
            "right": 312
        },
        "type": "text",
        "id": 11,
        "isClick": false,
        "content": "Girl ( Bhabhi ) Fake Call"
    },
    {
        "location": {
            "left": 436,
            "top": 1292,
            "bottom": 1323,
            "right": 649
        },
        "type": "text",
        "id": 12,
        "isClick": false,
        "content": "Love Video Maker"
    },
    {
        "location": {
            "left": 745,
            "top": 1288,
            "bottom": 1326,
            "right": 872
        },
        "type": "text",
        "id": 13,
        "isClick": false,
        "content": "Video"
    },
    {
        "location": {
            "left": 890,
            "top": 1288,
            "bottom": 1326,
            "right": 1011
        },
        "type": "text",
        "id": 14,
        "isClick": false,
        "content": "Editor"
    },
    {
        "location": {
            "left": 73,
            "top": 1635,
            "bottom": 1670,
            "right": 216
        },
        "type": "text",
        "id": 15,
        "isClick": false,
        "content": "1000+ Photo"
    },
    {
        "location": {
            "left": 224,
            "top": 1639,
            "bottom": 1672,
            "right": 307
        },
        "type": "text",
        "id": 16,
        "isClick": false,
        "content": "Collage"
    },
    {
        "location": {
            "left": 420,
            "top": 1630,
            "bottom": 1672,
            "right": 563
        },
        "type": "text",
        "id": 17,
        "isClick": false,
        "content": "Love Photo"
    },
    {
        "location": {
            "left": 581,
            "top": 1632,
            "bottom": 1673,
            "right": 655
        },
        "type": "text",
        "id": 18,
        "isClick": false,
        "content": "Collage"
    },
    {
        "location": {
            "left": 757,
            "top": 1627,
            "bottom": 1665,
            "right": 840
        },
        "type": "text",
        "id": 19,
        "isClick": false,
        "content": "Photo"
    },
    {
        "location": {
            "left": 851,
            "top": 1629,
            "bottom": 1666,
            "right": 1021
        },
        "type": "text",
        "id": 20,
        "isClick": false,
        "content": "Effects 2017"
    },
    {
        "location": {
            "left": 770,
            "top": 1773,
            "bottom": 1795,
            "right": 1078
        },
        "type": "text",
        "id": 21,
        "isClick": false,
        "content": "App use vector from freepik.com"
    }
]