[
    {
        "location": {
            "left": 313,
            "top": 72,
            "bottom": 121,
            "right": 405
        },
        "type": "text",
        "id": 0,
        "isClick": false,
        "content": "Age"
    },
    {
        "location": {
            "left": 421,
            "top": 72,
            "bottom": 113,
            "right": 613
        },
        "type": "text",
        "id": 1,
        "isClick": false,
        "content": "Scanner"
    },
    {
        "location": {
            "left": 630,
            "top": 70,
            "bottom": 113,
            "right": 765
        },
        "type": "text",
        "id": 2,
        "isClick": false,
        "content": "Prank"
    },
    {
        "location": {
            "left": 205,
            "top": 894,
            "bottom": 924,
            "right": 334
        },
        "type": "text",
        "id": 3,
        "isClick": false,
        "content": "MALE"
    },
    {
        "location": {
            "left": 716,
            "top": 894,
            "bottom": 927,
            "right": 905
        },
        "type": "text",
        "id": 4,
        "isClick": false,
        "content": "FEMALE"
    },
    {
        "location": {
            "left": 138,
            "top": 1592,
            "bottom": 1621,
            "right": 197
        },
        "type": "text",
        "id": 5,
        "isClick": false,
        "content": "Ad"
    },
    {
        "location": {
            "left": 165,
            "top": 1666,
            "bottom": 1750,
            "right": 249
        },
        "type": "text",
        "id": 6,
        "isClick": false,
        "content": "T"
    },
    {
        "location": {
            "left": 292,
            "top": 1649,
            "bottom": 1681,
            "right": 459
        },
        "type": "text",
        "id": 7,
        "isClick": false,
        "content": "TopBuzz : Top"
    },
    {
        "location": {
            "left": 808,
            "top": 1667,
            "bottom": 1692,
            "right": 881
        },
        "type": "text",
        "id": 8,
        "isClick": false,
        "content": "Install"
    },
    {
        "location": {
            "left": 292,
            "top": 1682,
            "bottom": 1713,
            "right": 552
        },
        "type": "text",
        "id": 9,
        "isClick": false,
        "content": "Video.GIFs.TV.News"
    },
    {
        "location": {
            "left": 294,
            "top": 1729,
            "bottom": 1760,
            "right": 946
        },
        "type": "text",
        "id": 10,
        "isClick": false,
        "content": "In today's modern age , you should have trending content"
    },
    {
        "location": {
            "left": 293,
            "top": 1755,
            "bottom": 1783,
            "right": 428
        },
        "type": "text",
        "id": 11,
        "isClick": false,
        "content": "available t ..."
    }
]