[
    {
        "id": 0,
        "location": {
            "right": 192,
            "left": 154,
            "top": 12,
            "bottom": 26
        },
        "content": "FAK",
        "isClick": false,
        "type": "text"
    },
    {
        "id": 1,
        "location": {
            "right": 65,
            "left": 29,
            "top": 15,
            "bottom": 49
        },
        "content": "f",
        "isClick": false,
        "type": "text"
    },
    {
        "id": 2,
        "location": {
            "right": 945,
            "left": 922,
            "top": 18,
            "bottom": 48
        },
        "content": "3",
        "isClick": false,
        "type": "text"
    },
    {
        "id": 3,
        "location": {
            "right": 1055,
            "left": 967,
            "top": 18,
            "bottom": 47
        },
        "content": "10:42",
        "isClick": false,
        "type": "text"
    },
    {
        "id": 4,
        "location": {
            "right": 1010,
            "left": 45,
            "top": 104,
            "bottom": 130
        },
        "content": "ESPN's live TV networks are available for no additional cost",
        "isClick": false,
        "type": "text"
    },
    {
        "id": 5,
        "location": {
            "right": 618,
            "left": 42,
            "top": 146,
            "bottom": 180
        },
        "content": "to customers of the providers listed",
        "isClick": false,
        "type": "text"
    },
    {
        "id": 6,
        "location": {
            "right": 734,
            "left": 633,
            "top": 146,
            "bottom": 177
        },
        "content": "below .",
        "isClick": false,
        "type": "text"
    },
    {
        "id": 7,
        "location": {
            "right": 183,
            "left": 44,
            "top": 229,
            "bottom": 260
        },
        "content": "Choose",
        "isClick": false,
        "type": "text"
    },
    {
        "id": 8,
        "location": {
            "right": 364,
            "left": 198,
            "top": 229,
            "bottom": 260
        },
        "content": "Provider :",
        "isClick": false,
        "type": "text"
    },
    {
        "id": 9,
        "location": {
            "right": 137,
            "left": 70,
            "top": 371,
            "bottom": 399
        },
        "content": "AT &",
        "isClick": false,
        "type": "text"
    },
    {
        "id": 10,
        "location": {
            "right": 168,
            "left": 157,
            "top": 371,
            "bottom": 399
        },
        "content": "T",
        "isClick": false,
        "type": "text"
    },
    {
        "id": 11,
        "location": {
            "right": 319,
            "left": 184,
            "top": 371,
            "bottom": 399
        },
        "content": "U - verse",
        "isClick": false,
        "type": "text"
    },
    {
        "id": 12,
        "location": {
            "right": 479,
            "left": 397,
            "top": 362,
            "bottom": 415
        },
        "content": "house",
        "isClick": false,
        "type": "text"
    },
    {
        "id": 13,
        "location": {
            "right": 676,
            "left": 504,
            "top": 366,
            "bottom": 405
        },
        "content": "Spectrum",
        "isClick": false,
        "type": "text"
    },
    {
        "id": 14,
        "location": {
            "right": 857,
            "left": 739,
            "top": 368,
            "bottom": 400
        },
        "content": "Charter",
        "isClick": false,
        "type": "text"
    },
    {
        "id": 15,
        "location": {
            "right": 999,
            "left": 887,
            "top": 373,
            "bottom": 406
        },
        "content": "Spectrum",
        "isClick": false,
        "type": "text"
    },
    {
        "id": 16,
        "location": {
            "right": 283,
            "left": 107,
            "top": 502,
            "bottom": 562
        },
        "content": "xfinity",
        "isClick": false,
        "type": "text"
    },
    {
        "id": 17,
        "location": {
            "right": 597,
            "left": 454,
            "top": 497,
            "bottom": 562
        },
        "content": "COX",
        "isClick": false,
        "type": "text"
    },
    {
        "id": 18,
        "location": {
            "right": 1019,
            "left": 834,
            "top": 516,
            "bottom": 549
        },
        "content": "DIRECTV",
        "isClick": false,
        "type": "text"
    },
    {
        "id": 19,
        "location": {
            "right": 245,
            "left": 127,
            "top": 645,
            "bottom": 714
        },
        "content": "dish",
        "isClick": false,
        "type": "text"
    },
    {
        "id": 20,
        "location": {
            "right": 637,
            "left": 408,
            "top": 655,
            "bottom": 707
        },
        "content": "Mediacom",
        "isClick": false,
        "type": "text"
    },
    {
        "id": 21,
        "location": {
            "right": 993,
            "left": 750,
            "top": 652,
            "bottom": 707
        },
        "content": "optimum",
        "isClick": false,
        "type": "text"
    },
    {
        "id": 22,
        "location": {
            "right": 314,
            "left": 77,
            "top": 795,
            "bottom": 856
        },
        "content": "suddenlink",
        "isClick": false,
        "type": "text"
    },
    {
        "id": 23,
        "location": {
            "right": 435,
            "left": 399,
            "top": 806,
            "bottom": 822
        },
        "content": "Time",
        "isClick": false,
        "type": "text"
    },
    {
        "id": 24,
        "location": {
            "right": 451,
            "left": 400,
            "top": 817,
            "bottom": 831
        },
        "content": "Warner",
        "isClick": false,
        "type": "text"
    },
    {
        "id": 25,
        "location": {
            "right": 437,
            "left": 402,
            "top": 829,
            "bottom": 847
        },
        "content": "Cable",
        "isClick": false,
        "type": "text"
    },
    {
        "id": 26,
        "location": {
            "right": 673,
            "left": 496,
            "top": 810,
            "bottom": 847
        },
        "content": "Spectrum",
        "isClick": false,
        "type": "text"
    },
    {
        "id": 27,
        "location": {
            "right": 967,
            "left": 763,
            "top": 803,
            "bottom": 853
        },
        "content": "verizon",
        "isClick": false,
        "type": "text"
    },
    {
        "id": 28,
        "location": {
            "right": 340,
            "left": 59,
            "top": 936,
            "bottom": 958
        },
        "content": "ALL PROVIDERS A - Z",
        "isClick": false,
        "type": "text"
    },
    {
        "id": 29,
        "location": {
            "right": 77,
            "left": 60,
            "top": 1030,
            "bottom": 1059
        },
        "content": "3",
        "isClick": false,
        "type": "text"
    },
    {
        "id": 30,
        "location": {
            "right": 203,
            "left": 96,
            "top": 1030,
            "bottom": 1059
        },
        "content": "Rivers",
        "isClick": false,
        "type": "text"
    },
    {
        "id": 31,
        "location": {
            "right": 533,
            "left": 218,
            "top": 1030,
            "bottom": 1059
        },
        "content": "Communications",
        "isClick": false,
        "type": "text"
    },
    {
        "id": 32,
        "location": {
            "right": 191,
            "left": 58,
            "top": 1138,
            "bottom": 1167
        },
        "content": "Access",
        "isClick": false,
        "type": "text"
    },
    {
        "id": 33,
        "location": {
            "right": 367,
            "left": 208,
            "top": 1138,
            "bottom": 1167
        },
        "content": "Montana",
        "isClick": false,
        "type": "text"
    },
    {
        "id": 34,
        "location": {
            "right": 220,
            "left": 58,
            "top": 1243,
            "bottom": 1276
        },
        "content": "Acen Tek",
        "isClick": false,
        "type": "text"
    },
    {
        "id": 35,
        "location": {
            "right": 1038,
            "left": 1017,
            "top": 1249,
            "bottom": 1281
        },
        "content": ">",
        "isClick": false,
        "type": "text"
    },
    {
        "id": 36,
        "location": {
            "right": 164,
            "left": 59,
            "top": 1353,
            "bottom": 1383
        },
        "content": "Acme",
        "isClick": false,
        "type": "text"
    },
    {
        "id": 37,
        "location": {
            "right": 492,
            "left": 179,
            "top": 1353,
            "bottom": 1383
        },
        "content": "Communications",
        "isClick": false,
        "type": "text"
    },
    {
        "id": 38,
        "location": {
            "right": 187,
            "left": 58,
            "top": 1460,
            "bottom": 1491
        },
        "content": "Adams",
        "isClick": false,
        "type": "text"
    },
    {
        "id": 39,
        "location": {
            "right": 451,
            "left": 202,
            "top": 1460,
            "bottom": 1491
        },
        "content": "Cable Service",
        "isClick": false,
        "type": "text"
    },
    {
        "id": 40,
        "location": {
            "right": 1037,
            "left": 1018,
            "top": 1464,
            "bottom": 1497
        },
        "content": ">",
        "isClick": false,
        "type": "text"
    },
    {
        "id": 41,
        "location": {
            "right": 239,
            "left": 58,
            "top": 1567,
            "bottom": 1601
        },
        "content": "Advanced",
        "isClick": false,
        "type": "text"
    },
    {
        "id": 42,
        "location": {
            "right": 357,
            "left": 256,
            "top": 1567,
            "bottom": 1601
        },
        "content": "Cable",
        "isClick": false,
        "type": "text"
    },
    {
        "id": 43,
        "location": {
            "right": 687,
            "left": 372,
            "top": 1568,
            "bottom": 1601
        },
        "content": "Communications",
        "isClick": false,
        "type": "text"
    },
    {
        "id": 44,
        "location": {
            "right": 183,
            "left": 58,
            "top": 1674,
            "bottom": 1714
        },
        "content": "Albany",
        "isClick": false,
        "type": "text"
    },
    {
        "id": 45,
        "location": {
            "right": 321,
            "left": 198,
            "top": 1673,
            "bottom": 1712
        },
        "content": "Mutual",
        "isClick": false,
        "type": "text"
    },
    {
        "id": 46,
        "location": {
            "right": 529,
            "left": 336,
            "top": 1673,
            "bottom": 1715
        },
        "content": "Telephone",
        "isClick": false,
        "type": "text"
    },
    {
        "id": 47,
        "location": {
            "right": 1037,
            "left": 1018,
            "top": 1680,
            "bottom": 1711
        },
        "content": ">",
        "isClick": false,
        "type": "text"
    },
    {
        "id": 48,
        "location": {
            "right": 96,
            "left": 64,
            "top": 1782,
            "bottom": 1795
        },
        "content": "AI",
        "isClick": false,
        "type": "text"
    },
    {
        "id": 49,
        "location": {
            "right": 487,
            "left": 396,
            "top": 1782,
            "bottom": 1796
        },
        "content": "MIRA",
        "isClick": false,
        "type": "text"
    }
]