[
    {
        "isClick": false,
        "id": 0,
        "content": "FAK",
        "type": "text",
        "location": {
            "right": 192,
            "top": 12,
            "left": 154,
            "bottom": 26
        }
    },
    {
        "isClick": false,
        "id": 1,
        "content": "\u00a9",
        "type": "text",
        "location": {
            "right": 803,
            "top": 14,
            "left": 768,
            "bottom": 49
        }
    },
    {
        "isClick": false,
        "id": 2,
        "content": "5",
        "type": "text",
        "location": {
            "right": 966,
            "top": 13,
            "left": 943,
            "bottom": 49
        }
    },
    {
        "isClick": false,
        "id": 3,
        "content": "3:28",
        "type": "text",
        "location": {
            "right": 1056,
            "top": 17,
            "left": 988,
            "bottom": 49
        }
    },
    {
        "isClick": false,
        "id": 4,
        "content": "En",
        "type": "text",
        "location": {
            "right": 117,
            "top": 108,
            "left": 54,
            "bottom": 163
        }
    },
    {
        "isClick": false,
        "id": 5,
        "content": "https://www.walmart.com/ip/M",
        "type": "text",
        "location": {
            "right": 799,
            "top": 113,
            "left": 144,
            "bottom": 161
        }
    },
    {
        "isClick": false,
        "id": 6,
        "content": "\u0425",
        "type": "text",
        "location": {
            "right": 49,
            "top": 230,
            "left": 24,
            "bottom": 256
        }
    },
    {
        "isClick": false,
        "id": 7,
        "content": "Save Money . Live better",
        "type": "text",
        "location": {
            "right": 646,
            "top": 243,
            "left": 259,
            "bottom": 278
        }
    },
    {
        "isClick": false,
        "id": 8,
        "content": "*",
        "type": "text",
        "location": {
            "right": 171,
            "top": 225,
            "left": 131,
            "bottom": 359
        }
    },
    {
        "isClick": false,
        "id": 9,
        "content": "VIEW",
        "type": "text",
        "location": {
            "right": 1001,
            "top": 283,
            "left": 925,
            "bottom": 307
        }
    },
    {
        "isClick": false,
        "id": 10,
        "content": "Walmart.com",
        "type": "text",
        "location": {
            "right": 416,
            "top": 297,
            "left": 258,
            "bottom": 319
        }
    },
    {
        "isClick": false,
        "id": 11,
        "content": "Free - In Google Play",
        "type": "text",
        "location": {
            "right": 502,
            "top": 329,
            "left": 259,
            "bottom": 358
        }
    },
    {
        "isClick": false,
        "id": 12,
        "content": "=",
        "type": "text",
        "location": {
            "right": 83,
            "top": 426,
            "left": 31,
            "bottom": 480
        }
    },
    {
        "isClick": false,
        "id": 13,
        "content": "Q",
        "type": "text",
        "location": {
            "right": 199,
            "top": 427,
            "left": 147,
            "bottom": 481
        }
    },
    {
        "isClick": false,
        "id": 14,
        "content": "Walmart",
        "type": "text",
        "location": {
            "right": 599,
            "top": 437,
            "left": 414,
            "bottom": 476
        }
    },
    {
        "isClick": false,
        "id": 15,
        "content": "u",
        "type": "text",
        "location": {
            "right": 1049,
            "top": 436,
            "left": 1000,
            "bottom": 472
        }
    },
    {
        "isClick": false,
        "id": 16,
        "content": ":",
        "type": "text",
        "location": {
            "right": 1041,
            "top": 476,
            "left": 1011,
            "bottom": 484
        }
    },
    {
        "isClick": false,
        "id": 17,
        "content": "Search",
        "type": "text",
        "location": {
            "right": 177,
            "top": 537,
            "left": 65,
            "bottom": 568
        }
    },
    {
        "isClick": false,
        "id": 18,
        "content": "Q",
        "type": "text",
        "location": {
            "right": 1023,
            "top": 533,
            "left": 982,
            "bottom": 574
        }
    },
    {
        "isClick": false,
        "id": 19,
        "content": "Introducing FREE 2 - Day Shipping",
        "type": "text",
        "location": {
            "right": 801,
            "top": 648,
            "left": 280,
            "bottom": 683
        }
    },
    {
        "isClick": false,
        "id": 20,
        "content": "Madden",
        "type": "text",
        "location": {
            "right": 182,
            "top": 727,
            "left": 24,
            "bottom": 761
        }
    },
    {
        "isClick": false,
        "id": 21,
        "content": "NFL 17 Earbud and Wall Art Bundle - Xbox",
        "type": "text",
        "location": {
            "right": 1007,
            "top": 727,
            "left": 197,
            "bottom": 761
        }
    },
    {
        "isClick": false,
        "id": 22,
        "content": "One",
        "type": "text",
        "location": {
            "right": 101,
            "top": 800,
            "left": 23,
            "bottom": 832
        }
    },
    {
        "isClick": false,
        "id": 23,
        "content": "3 reviews",
        "type": "text",
        "location": {
            "right": 391,
            "top": 872,
            "left": 262,
            "bottom": 895
        }
    },
    {
        "isClick": false,
        "id": 24,
        "content": "EVERYONE",
        "type": "text",
        "location": {
            "right": 598,
            "top": 872,
            "left": 451,
            "bottom": 895
        }
    },
    {
        "isClick": false,
        "id": 25,
        "content": "BOXONE",
        "type": "text",
        "location": {
            "right": 318,
            "top": 991,
            "left": 282,
            "bottom": 1004
        }
    },
    {
        "isClick": false,
        "id": 26,
        "content": "NFL",
        "type": "text",
        "location": {
            "right": 713,
            "top": 1010,
            "left": 501,
            "bottom": 1125
        }
    },
    {
        "isClick": false,
        "id": 27,
        "content": "SPORTE",
        "type": "text",
        "location": {
            "right": 302,
            "top": 1117,
            "left": 274,
            "bottom": 1128
        }
    },
    {
        "isClick": false,
        "id": 28,
        "content": "AMERICAN FOOTBALL",
        "type": "text",
        "location": {
            "right": 753,
            "top": 1131,
            "left": 657,
            "bottom": 1149
        }
    },
    {
        "isClick": false,
        "id": 29,
        "content": "CONFERENCE",
        "type": "text",
        "location": {
            "right": 823,
            "top": 1130,
            "left": 760,
            "bottom": 1144
        }
    },
    {
        "isClick": false,
        "id": 30,
        "content": "MADDEN",
        "type": "text",
        "location": {
            "right": 359,
            "top": 1133,
            "left": 202,
            "bottom": 1171
        }
    },
    {
        "isClick": false,
        "id": 31,
        "content": "MATKAL FOOTBALL",
        "type": "text",
        "location": {
            "right": 505,
            "top": 1144,
            "left": 426,
            "bottom": 1158
        }
    },
    {
        "isClick": false,
        "id": 32,
        "content": "CINERENCE",
        "type": "text",
        "location": {
            "right": 560,
            "top": 1141,
            "left": 510,
            "bottom": 1155
        }
    },
    {
        "isClick": false,
        "id": 33,
        "content": "nu",
        "type": "text",
        "location": {
            "right": 507,
            "top": 1177,
            "left": 479,
            "bottom": 1195
        }
    },
    {
        "isClick": false,
        "id": 34,
        "content": "E",
        "type": "text",
        "location": {
            "right": 218,
            "top": 1204,
            "left": 214,
            "bottom": 1221
        }
    },
    {
        "isClick": false,
        "id": 35,
        "content": "TER",
        "type": "text",
        "location": {
            "right": 804,
            "top": 1329,
            "left": 781,
            "bottom": 1354
        }
    },
    {
        "isClick": false,
        "id": 36,
        "content": "N",
        "type": "text",
        "location": {
            "right": 487,
            "top": 1487,
            "left": 462,
            "bottom": 1508
        }
    },
    {
        "isClick": false,
        "id": 37,
        "content": "CFL",
        "type": "text",
        "location": {
            "right": 617,
            "top": 1520,
            "left": 597,
            "bottom": 1537
        }
    },
    {
        "isClick": false,
        "id": 38,
        "content": "1/4",
        "type": "text",
        "location": {
            "right": 567,
            "top": 1637,
            "left": 516,
            "bottom": 1659
        }
    },
    {
        "isClick": true,
        "id": 39,
        "content": "This item",
        "type": "text",
        "location": {
            "right": 251,
            "top": 1768,
            "left": 71,
            "bottom": 1800
        }
    },
    {
        "isClick": true,
        "id": 40,
        "content": "is no",
        "type": "text",
        "location": {
            "right": 386,
            "top": 1769,
            "left": 289,
            "bottom": 1801
        }
    },
    {
        "isClick": false,
        "id": 41,
        "content": "longer available",
        "type": "text",
        "location": {
            "right": 757,
            "top": 1768,
            "left": 406,
            "bottom": 1800
        }
    },
    {
        "isClick": false,
        "id": 42,
        "content": "O",
        "type": "text",
        "location": {
            "right": 563,
            "top": 1834,
            "left": 516,
            "bottom": 1881
        }
    }
]