[
    {
        "content": "FAK",
        "location": {
            "bottom": 24,
            "top": 12,
            "left": 216,
            "right": 248
        },
        "id": 0,
        "isClick": false,
        "type": "text"
    },
    {
        "content": "7:03",
        "location": {
            "bottom": 49,
            "top": 17,
            "left": 976,
            "right": 1054
        },
        "id": 1,
        "isClick": false,
        "type": "text"
    },
    {
        "content": "a",
        "location": {
            "bottom": 143,
            "top": 90,
            "left": 918,
            "right": 967
        },
        "id": 2,
        "isClick": false,
        "type": "text"
    },
    {
        "content": "+",
        "location": {
            "bottom": 343,
            "top": 293,
            "left": 984,
            "right": 1040
        },
        "id": 3,
        "isClick": false,
        "type": "text"
    },
    {
        "content": "1",
        "location": {
            "bottom": 440,
            "top": 433,
            "left": 984,
            "right": 1037
        },
        "id": 4,
        "isClick": true,
        "type": "text"
    },
    {
        "content": "THE WORLD",
        "location": {
            "bottom": 673,
            "top": 660,
            "left": 371,
            "right": 426
        },
        "id": 5,
        "isClick": false,
        "type": "text"
    },
    {
        "content": "World Islands",
        "location": {
            "bottom": 726,
            "top": 700,
            "left": 382,
            "right": 541
        },
        "id": 6,
        "isClick": false,
        "type": "text"
    }
]