[
    {
        "isClick": false,
        "id": 0,
        "content": "LE",
        "type": "text",
        "location": {
            "right": 241,
            "top": 982,
            "left": 190,
            "bottom": 1023
        }
    },
    {
        "isClick": false,
        "id": 1,
        "content": "HALO",
        "type": "text",
        "location": {
            "right": 722,
            "top": 1353,
            "left": 127,
            "bottom": 1449
        }
    },
    {
        "isClick": false,
        "id": 2,
        "content": "5",
        "type": "text",
        "location": {
            "right": 946,
            "top": 1347,
            "left": 831,
            "bottom": 1450
        }
    },
    {
        "isClick": false,
        "id": 3,
        "content": "GUARDIANS",
        "type": "text",
        "location": {
            "right": 846,
            "top": 1478,
            "left": 230,
            "bottom": 1507
        }
    },
    {
        "isClick": true,
        "id": 4,
        "content": "Launch",
        "type": "text",
        "location": {
            "right": 679,
            "top": 1651,
            "left": 314,
            "bottom": 1745
        }
    },
    {
        "isClick": false,
        "id": 5,
        "content": "Day",
        "type": "text",
        "location": {
            "right": 897,
            "top": 1656,
            "left": 699,
            "bottom": 1769
        }
    }
]