[
    {
        "id": 0,
        "location": {
            "right": 666,
            "left": 404,
            "top": 96,
            "bottom": 173
        },
        "content": "away",
        "isClick": false,
        "type": "text"
    },
    {
        "id": 1,
        "location": {
            "right": 591,
            "left": 477,
            "top": 347,
            "bottom": 421
        },
        "content": "all",
        "isClick": false,
        "type": "text"
    },
    {
        "id": 2,
        "location": {
            "right": 534,
            "left": 491,
            "top": 644,
            "bottom": 775
        },
        "content": "O",
        "isClick": false,
        "type": "text"
    },
    {
        "id": 3,
        "location": {
            "right": 688,
            "left": 387,
            "top": 999,
            "bottom": 1076
        },
        "content": "about",
        "isClick": true,
        "type": "text"
    },
    {
        "id": 4,
        "location": {
            "right": 626,
            "left": 441,
            "top": 1270,
            "bottom": 1347
        },
        "content": "and",
        "isClick": false,
        "type": "text"
    },
    {
        "id": 5,
        "location": {
            "right": 148,
            "left": 58,
            "top": 1814,
            "bottom": 1840
        },
        "content": "Home",
        "isClick": false,
        "type": "text"
    },
    {
        "id": 6,
        "location": {
            "right": 588,
            "left": 492,
            "top": 1815,
            "bottom": 1839
        },
        "content": "Shake",
        "isClick": false,
        "type": "text"
    },
    {
        "id": 7,
        "location": {
            "right": 1015,
            "left": 939,
            "top": 1815,
            "bottom": 1840
        },
        "content": "More",
        "isClick": false,
        "type": "text"
    },
    {
        "id": 8,
        "location": {
            "right": 1017,
            "left": 934,
            "top": 1857,
            "bottom": 1888
        },
        "content": "Apps",
        "isClick": false,
        "type": "text"
    }
]