[
    {
        "location": {
            "left": 48,
            "top": 49,
            "bottom": 82,
            "right": 83
        },
        "type": "text",
        "id": 0,
        "isClick": true,
        "content": "\u0425"
    },
    {
        "location": {
            "left": 907,
            "top": 857,
            "bottom": 874,
            "right": 971
        },
        "type": "text",
        "id": 1,
        "isClick": false,
        "content": "LOOR"
    },
    {
        "location": {
            "left": 910,
            "top": 892,
            "bottom": 920,
            "right": 968
        },
        "type": "text",
        "id": 2,
        "isClick": false,
        "content": "FDIC"
    },
    {
        "location": {
            "left": 247,
            "top": 967,
            "bottom": 1050,
            "right": 415
        },
        "type": "text",
        "id": 3,
        "isClick": false,
        "content": "Are"
    },
    {
        "location": {
            "left": 443,
            "top": 990,
            "bottom": 1071,
            "right": 615
        },
        "type": "text",
        "id": 4,
        "isClick": false,
        "content": "you"
    },
    {
        "location": {
            "left": 651,
            "top": 963,
            "bottom": 1074,
            "right": 959
        },
        "type": "text",
        "id": 5,
        "isClick": false,
        "content": "buying"
    },
    {
        "location": {
            "left": 247,
            "top": 1101,
            "bottom": 1161,
            "right": 299
        },
        "type": "text",
        "id": 6,
        "isClick": false,
        "content": "a"
    },
    {
        "location": {
            "left": 332,
            "top": 1062,
            "bottom": 1161,
            "right": 528
        },
        "type": "text",
        "id": 7,
        "isClick": false,
        "content": "new"
    },
    {
        "location": {
            "left": 559,
            "top": 1059,
            "bottom": 1161,
            "right": 871
        },
        "type": "text",
        "id": 8,
        "isClick": false,
        "content": "home ?"
    },
    {
        "location": {
            "left": 252,
            "top": 1218,
            "bottom": 1275,
            "right": 367
        },
        "type": "text",
        "id": 9,
        "isClick": false,
        "content": "Low"
    },
    {
        "location": {
            "left": 384,
            "top": 1227,
            "bottom": 1284,
            "right": 504
        },
        "type": "text",
        "id": 10,
        "isClick": false,
        "content": "rate ,"
    },
    {
        "location": {
            "left": 526,
            "top": 1215,
            "bottom": 1275,
            "right": 623
        },
        "type": "text",
        "id": 11,
        "isClick": false,
        "content": "low"
    },
    {
        "location": {
            "left": 638,
            "top": 1214,
            "bottom": 1284,
            "right": 742
        },
        "type": "text",
        "id": 12,
        "isClick": false,
        "content": "fee ,"
    },
    {
        "location": {
            "left": 249,
            "top": 1314,
            "bottom": 1355,
            "right": 321
        },
        "type": "text",
        "id": 13,
        "isClick": false,
        "content": "no"
    },
    {
        "location": {
            "left": 339,
            "top": 1305,
            "bottom": 1355,
            "right": 493
        },
        "type": "text",
        "id": 14,
        "isClick": false,
        "content": "stress"
    },
    {
        "location": {
            "left": 511,
            "top": 1293,
            "bottom": 1355,
            "right": 685
        },
        "type": "text",
        "id": 15,
        "isClick": false,
        "content": "home"
    },
    {
        "location": {
            "left": 704,
            "top": 1294,
            "bottom": 1355,
            "right": 861
        },
        "type": "text",
        "id": 16,
        "isClick": false,
        "content": "loans"
    },
    {
        "location": {
            "left": 783,
            "top": 1388,
            "bottom": 1489,
            "right": 924
        },
        "type": "text",
        "id": 17,
        "isClick": false,
        "content": "Click"
    },
    {
        "location": {
            "left": 755,
            "top": 1448,
            "bottom": 1558,
            "right": 929
        },
        "type": "text",
        "id": 18,
        "isClick": false,
        "content": "NOW"
    },
    {
        "location": {
            "left": 172,
            "top": 1592,
            "bottom": 1687,
            "right": 287
        },
        "type": "text",
        "id": 19,
        "isClick": false,
        "content": "MI"
    },
    {
        "location": {
            "left": 304,
            "top": 1601,
            "bottom": 1687,
            "right": 687
        },
        "type": "text",
        "id": 20,
        "isClick": false,
        "content": "MARINE"
    },
    {
        "location": {
            "left": 720,
            "top": 1601,
            "bottom": 1687,
            "right": 971
        },
        "type": "text",
        "id": 21,
        "isClick": false,
        "content": "BANK"
    },
    {
        "location": {
            "left": 301,
            "top": 1708,
            "bottom": 1750,
            "right": 545
        },
        "type": "text",
        "id": 22,
        "isClick": false,
        "content": "217.239.0100"
    },
    {
        "location": {
            "left": 567,
            "top": 1723,
            "bottom": 1741,
            "right": 577
        },
        "type": "text",
        "id": 23,
        "isClick": false,
        "content": "."
    },
    {
        "location": {
            "left": 593,
            "top": 1704,
            "bottom": 1750,
            "right": 969
        },
        "type": "text",
        "id": 24,
        "isClick": false,
        "content": "ibankmarine.com"
    }
]