[
    {
        "location": {
            "left": 391,
            "top": 48,
            "bottom": 89,
            "right": 500
        },
        "type": "text",
        "id": 0,
        "isClick": false,
        "content": "Love"
    },
    {
        "location": {
            "left": 521,
            "top": 43,
            "bottom": 100,
            "right": 687
        },
        "type": "text",
        "id": 1,
        "isClick": false,
        "content": "Setting"
    },
    {
        "location": {
            "left": 62,
            "top": 417,
            "bottom": 453,
            "right": 244
        },
        "type": "text",
        "id": 2,
        "isClick": true,
        "content": "Nickname"
    },
    {
        "location": {
            "left": 838,
            "top": 417,
            "bottom": 454,
            "right": 1020
        },
        "type": "text",
        "id": 3,
        "isClick": false,
        "content": "Nickname"
    },
    {
        "location": {
            "left": 43,
            "top": 563,
            "bottom": 615,
            "right": 186
        },
        "type": "text",
        "id": 4,
        "isClick": false,
        "content": "Start"
    },
    {
        "location": {
            "left": 207,
            "top": 561,
            "bottom": 614,
            "right": 334
        },
        "type": "text",
        "id": 5,
        "isClick": false,
        "content": "date"
    },
    {
        "location": {
            "left": 744,
            "top": 576,
            "bottom": 627,
            "right": 1033
        },
        "type": "text",
        "id": 6,
        "isClick": false,
        "content": "2017.4.18"
    },
    {
        "location": {
            "left": 234,
            "top": 739,
            "bottom": 763,
            "right": 303
        },
        "type": "text",
        "id": 7,
        "isClick": false,
        "content": "LOVE"
    },
    {
        "location": {
            "left": 449,
            "top": 736,
            "bottom": 765,
            "right": 476
        },
        "type": "text",
        "id": 8,
        "isClick": false,
        "content": "+"
    },
    {
        "location": {
            "left": 247,
            "top": 874,
            "bottom": 899,
            "right": 290
        },
        "type": "text",
        "id": 9,
        "isClick": false,
        "content": "100"
    },
    {
        "location": {
            "left": 27,
            "top": 1067,
            "bottom": 1123,
            "right": 209
        },
        "type": "text",
        "id": 10,
        "isClick": false,
        "content": "Change"
    },
    {
        "location": {
            "left": 224,
            "top": 1066,
            "bottom": 1113,
            "right": 391
        },
        "type": "text",
        "id": 11,
        "isClick": false,
        "content": "Theme"
    },
    {
        "location": {
            "left": 571,
            "top": 1065,
            "bottom": 1121,
            "right": 717
        },
        "type": "text",
        "id": 12,
        "isClick": false,
        "content": "Image"
    },
    {
        "location": {
            "left": 108,
            "top": 1206,
            "bottom": 1241,
            "right": 245
        },
        "type": "text",
        "id": 13,
        "isClick": false,
        "content": "Months"
    },
    {
        "location": {
            "left": 640,
            "top": 1202,
            "bottom": 1249,
            "right": 924
        },
        "type": "text",
        "id": 14,
        "isClick": false,
        "content": "Widget Months"
    },
    {
        "location": {
            "left": 108,
            "top": 1311,
            "bottom": 1345,
            "right": 287
        },
        "type": "text",
        "id": 15,
        "isClick": false,
        "content": "Password"
    },
    {
        "location": {
            "left": 28,
            "top": 1441,
            "bottom": 1497,
            "right": 219
        },
        "type": "text",
        "id": 16,
        "isClick": false,
        "content": "Widget &"
    },
    {
        "location": {
            "left": 241,
            "top": 1441,
            "bottom": 1496,
            "right": 401
        },
        "type": "text",
        "id": 17,
        "isClick": false,
        "content": "Topbar"
    },
    {
        "location": {
            "left": 136,
            "top": 1672,
            "bottom": 1745,
            "right": 322
        },
        "type": "text",
        "id": 18,
        "isClick": false,
        "content": "il Are"
    },
    {
        "location": {
            "left": 341,
            "top": 1693,
            "bottom": 1743,
            "right": 444
        },
        "type": "text",
        "id": 19,
        "isClick": false,
        "content": "you"
    },
    {
        "location": {
            "left": 467,
            "top": 1677,
            "bottom": 1743,
            "right": 656
        },
        "type": "text",
        "id": 20,
        "isClick": false,
        "content": "buying"
    },
    {
        "location": {
            "left": 677,
            "top": 1693,
            "bottom": 1731,
            "right": 706
        },
        "type": "text",
        "id": 21,
        "isClick": false,
        "content": "a"
    },
    {
        "location": {
            "left": 727,
            "top": 1693,
            "bottom": 1741,
            "right": 846
        },
        "type": "text",
        "id": 22,
        "isClick": false,
        "content": "new"
    },
    {
        "location": {
            "left": 866,
            "top": 1668,
            "bottom": 1731,
            "right": 1027
        },
        "type": "text",
        "id": 23,
        "isClick": false,
        "content": "home"
    },
    {
        "location": {
            "left": 1043,
            "top": 1672,
            "bottom": 1729,
            "right": 1059
        },
        "type": "text",
        "id": 24,
        "isClick": false,
        "content": ":"
    },
    {
        "location": {
            "left": 220,
            "top": 1741,
            "bottom": 1781,
            "right": 680
        },
        "type": "text",
        "id": 25,
        "isClick": false,
        "content": "Low rate , low fee , no stress home"
    },
    {
        "location": {
            "left": 691,
            "top": 1748,
            "bottom": 1777,
            "right": 767
        },
        "type": "text",
        "id": 26,
        "isClick": false,
        "content": "loans"
    },
    {
        "location": {
            "left": 795,
            "top": 1739,
            "bottom": 1780,
            "right": 1053
        },
        "type": "text",
        "id": 27,
        "isClick": false,
        "content": "I MARINE BANK"
    }
]