[
    {
        "isClick": false,
        "id": 0,
        "content": "Enhance The Beauty of the",
        "type": "text",
        "location": {
            "right": 635,
            "top": 19,
            "left": 263,
            "bottom": 53
        }
    },
    {
        "isClick": false,
        "id": 1,
        "content": "Skin . Free Shipping",
        "type": "text",
        "location": {
            "right": 524,
            "top": 58,
            "left": 262,
            "bottom": 89
        }
    },
    {
        "isClick": false,
        "id": 2,
        "content": ", Money",
        "type": "text",
        "location": {
            "right": 633,
            "top": 58,
            "left": 528,
            "bottom": 90
        }
    },
    {
        "isClick": false,
        "id": 3,
        "content": "Back Guarantee",
        "type": "text",
        "location": {
            "right": 480,
            "top": 94,
            "left": 262,
            "bottom": 120
        }
    },
    {
        "isClick": false,
        "id": 4,
        "content": "TEMP",
        "type": "text",
        "location": {
            "right": 140,
            "top": 51,
            "left": 116,
            "bottom": 70
        }
    },
    {
        "isClick": false,
        "id": 5,
        "content": "Dix",
        "type": "text",
        "location": {
            "right": 1073,
            "top": 1,
            "left": 994,
            "bottom": 35
        }
    },
    {
        "isClick": false,
        "id": 6,
        "content": "Buy Today",
        "type": "text",
        "location": {
            "right": 1013,
            "top": 49,
            "left": 848,
            "bottom": 87
        }
    },
    {
        "isClick": false,
        "id": 7,
        "content": "Tulip",
        "type": "text",
        "location": {
            "right": 779,
            "top": 40,
            "left": 698,
            "bottom": 89
        }
    },
    {
        "isClick": false,
        "id": 8,
        "content": "SI",
        "type": "text",
        "location": {
            "right": 72,
            "top": 73,
            "left": 26,
            "bottom": 90
        }
    },
    {
        "isClick": false,
        "id": 9,
        "content": "Natural",
        "type": "text",
        "location": {
            "right": 767,
            "top": 83,
            "left": 718,
            "bottom": 97
        }
    },
    {
        "isClick": false,
        "id": 10,
        "content": "Lippenpflege",
        "type": "text",
        "location": {
            "right": 667,
            "top": 145,
            "left": 413,
            "bottom": 189
        }
    },
    {
        "isClick": false,
        "id": 11,
        "content": "Lippenpflege",
        "type": "text",
        "location": {
            "right": 433,
            "top": 908,
            "left": 22,
            "bottom": 977
        }
    },
    {
        "isClick": false,
        "id": 12,
        "content": "Kategorie :",
        "type": "text",
        "location": {
            "right": 291,
            "top": 1038,
            "left": 22,
            "bottom": 1095
        }
    },
    {
        "isClick": false,
        "id": 13,
        "content": "Mund",
        "type": "text",
        "location": {
            "right": 113,
            "top": 1127,
            "left": 20,
            "bottom": 1156
        }
    },
    {
        "isClick": false,
        "id": 14,
        "content": "und",
        "type": "text",
        "location": {
            "right": 189,
            "top": 1127,
            "left": 129,
            "bottom": 1156
        }
    },
    {
        "isClick": false,
        "id": 15,
        "content": "Z\u00e4hne",
        "type": "text",
        "location": {
            "right": 309,
            "top": 1127,
            "left": 204,
            "bottom": 1156
        }
    },
    {
        "isClick": false,
        "id": 16,
        "content": "Hilft",
        "type": "text",
        "location": {
            "right": 130,
            "top": 1220,
            "left": 22,
            "bottom": 1267
        }
    },
    {
        "isClick": false,
        "id": 17,
        "content": "dir",
        "type": "text",
        "location": {
            "right": 217,
            "top": 1220,
            "left": 151,
            "bottom": 1267
        }
    },
    {
        "isClick": false,
        "id": 18,
        "content": "bei :",
        "type": "text",
        "location": {
            "right": 327,
            "top": 1220,
            "left": 238,
            "bottom": 1267
        }
    },
    {
        "isClick": false,
        "id": 19,
        "content": "o",
        "type": "text",
        "location": {
            "right": 43,
            "top": 1312,
            "left": 17,
            "bottom": 1340
        }
    },
    {
        "isClick": false,
        "id": 20,
        "content": "Pflege",
        "type": "text",
        "location": {
            "right": 175,
            "top": 1310,
            "left": 69,
            "bottom": 1348
        }
    },
    {
        "isClick": false,
        "id": 21,
        "content": "o",
        "type": "text",
        "location": {
            "right": 42,
            "top": 1391,
            "left": 17,
            "bottom": 1418
        }
    },
    {
        "isClick": false,
        "id": 22,
        "content": "Spr\u00f6den",
        "type": "text",
        "location": {
            "right": 209,
            "top": 1388,
            "left": 68,
            "bottom": 1428
        }
    },
    {
        "isClick": false,
        "id": 23,
        "content": "Lippen",
        "type": "text",
        "location": {
            "right": 336,
            "top": 1390,
            "left": 225,
            "bottom": 1430
        }
    },
    {
        "isClick": false,
        "id": 24,
        "content": "Du",
        "type": "text",
        "location": {
            "right": 87,
            "top": 1497,
            "left": 22,
            "bottom": 1541
        }
    },
    {
        "isClick": false,
        "id": 25,
        "content": "brauchst :",
        "type": "text",
        "location": {
            "right": 357,
            "top": 1496,
            "left": 112,
            "bottom": 1541
        }
    },
    {
        "isClick": false,
        "id": 26,
        "content": "C",
        "type": "text",
        "location": {
            "right": 75,
            "top": 1577,
            "left": 15,
            "bottom": 1634
        }
    },
    {
        "isClick": false,
        "id": 27,
        "content": "1",
        "type": "text",
        "location": {
            "right": 109,
            "top": 1595,
            "left": 99,
            "bottom": 1628
        }
    },
    {
        "isClick": false,
        "id": 28,
        "content": "TL Zucker ( Rohrzucker",
        "type": "text",
        "location": {
            "right": 519,
            "top": 1595,
            "left": 128,
            "bottom": 1636
        }
    },
    {
        "isClick": false,
        "id": 29,
        "content": ")",
        "type": "text",
        "location": {
            "right": 531,
            "top": 1594,
            "left": 522,
            "bottom": 1636
        }
    },
    {
        "isClick": false,
        "id": 30,
        "content": "AZ",
        "type": "text",
        "location": {
            "right": 557,
            "top": 1690,
            "left": 504,
            "bottom": 1769
        }
    },
    {
        "isClick": false,
        "id": 31,
        "content": "\u2661",
        "type": "text",
        "location": {
            "right": 736,
            "top": 1689,
            "left": 714,
            "bottom": 1769
        }
    },
    {
        "isClick": false,
        "id": 32,
        "content": "*",
        "type": "text",
        "location": {
            "right": 871,
            "top": 1693,
            "left": 846,
            "bottom": 1768
        }
    },
    {
        "isClick": true,
        "id": 33,
        "content": "k",
        "type": "text",
        "location": {
            "right": 987,
            "top": 1680,
            "left": 962,
            "bottom": 1768
        }
    },
    {
        "isClick": true,
        "id": 34,
        "content": "K",
        "type": "text",
        "location": {
            "right": 1004,
            "top": 1693,
            "left": 983,
            "bottom": 1764
        }
    }
]