[
    {
        "location": {
            "left": 280,
            "top": 10,
            "bottom": 25,
            "right": 318
        },
        "type": "text",
        "id": 0,
        "isClick": false,
        "content": "FAK"
    },
    {
        "location": {
            "left": 29,
            "top": 14,
            "bottom": 50,
            "right": 62
        },
        "type": "text",
        "id": 1,
        "isClick": false,
        "content": "f"
    },
    {
        "location": {
            "left": 103,
            "top": 15,
            "bottom": 49,
            "right": 114
        },
        "type": "text",
        "id": 2,
        "isClick": false,
        "content": "0"
    },
    {
        "location": {
            "left": 159,
            "top": 12,
            "bottom": 50,
            "right": 182
        },
        "type": "text",
        "id": 3,
        "isClick": false,
        "content": "8"
    },
    {
        "location": {
            "left": 215,
            "top": 13,
            "bottom": 50,
            "right": 253
        },
        "type": "text",
        "id": 4,
        "isClick": false,
        "content": "A"
    },
    {
        "location": {
            "left": 777,
            "top": 13,
            "bottom": 50,
            "right": 803
        },
        "type": "text",
        "id": 5,
        "isClick": false,
        "content": "4"
    },
    {
        "location": {
            "left": 943,
            "top": 13,
            "bottom": 49,
            "right": 1056
        },
        "type": "text",
        "id": 6,
        "isClick": false,
        "content": "57:08"
    },
    {
        "location": {
            "left": 289,
            "top": 198,
            "bottom": 274,
            "right": 475
        },
        "type": "text",
        "id": 7,
        "isClick": false,
        "content": "MEO"
    },
    {
        "location": {
            "left": 532,
            "top": 199,
            "bottom": 273,
            "right": 540
        },
        "type": "text",
        "id": 8,
        "isClick": false,
        "content": "|"
    },
    {
        "location": {
            "left": 575,
            "top": 199,
            "bottom": 266,
            "right": 793
        },
        "type": "text",
        "id": 9,
        "isClick": false,
        "content": "Music"
    },
    {
        "location": {
            "left": 952,
            "top": 213,
            "bottom": 252,
            "right": 986
        },
        "type": "text",
        "id": 10,
        "isClick": false,
        "content": "CID"
    },
    {
        "location": {
            "left": 488,
            "top": 418,
            "bottom": 505,
            "right": 583
        },
        "type": "text",
        "id": 11,
        "isClick": false,
        "content": "ID"
    },
    {
        "location": {
            "left": 244,
            "top": 618,
            "bottom": 656,
            "right": 345
        },
        "type": "text",
        "id": 12,
        "isClick": false,
        "content": "Inicie"
    },
    {
        "location": {
            "left": 361,
            "top": 617,
            "bottom": 657,
            "right": 491
        },
        "type": "text",
        "id": 13,
        "isClick": false,
        "content": "sess\u00e3o"
    },
    {
        "location": {
            "left": 507,
            "top": 625,
            "bottom": 653,
            "right": 588
        },
        "type": "text",
        "id": 14,
        "isClick": false,
        "content": "com"
    },
    {
        "location": {
            "left": 605,
            "top": 627,
            "bottom": 652,
            "right": 625
        },
        "type": "text",
        "id": 15,
        "isClick": false,
        "content": "o"
    },
    {
        "location": {
            "left": 641,
            "top": 626,
            "bottom": 655,
            "right": 706
        },
        "type": "text",
        "id": 16,
        "isClick": false,
        "content": "seu"
    },
    {
        "location": {
            "left": 725,
            "top": 620,
            "bottom": 652,
            "right": 762
        },
        "type": "text",
        "id": 17,
        "isClick": false,
        "content": "ID"
    },
    {
        "location": {
            "left": 793,
            "top": 611,
            "bottom": 658,
            "right": 840
        },
        "type": "text",
        "id": 18,
        "isClick": false,
        "content": "?"
    },
    {
        "location": {
            "left": 223,
            "top": 732,
            "bottom": 781,
            "right": 312
        },
        "type": "text",
        "id": 19,
        "isClick": false,
        "content": "Email"
    },
    {
        "location": {
            "left": 224,
            "top": 876,
            "bottom": 907,
            "right": 382
        },
        "type": "text",
        "id": 20,
        "isClick": false,
        "content": "Password"
    },
    {
        "location": {
            "left": 203,
            "top": 1001,
            "bottom": 1038,
            "right": 525
        },
        "type": "text",
        "id": 21,
        "isClick": false,
        "content": "Esqueci - me do email"
    },
    {
        "location": {
            "left": 540,
            "top": 1009,
            "bottom": 1032,
            "right": 576
        },
        "type": "text",
        "id": 22,
        "isClick": false,
        "content": "ou"
    },
    {
        "location": {
            "left": 591,
            "top": 1001,
            "bottom": 1038,
            "right": 739
        },
        "type": "text",
        "id": 23,
        "isClick": false,
        "content": "password"
    },
    {
        "location": {
            "left": 469,
            "top": 1141,
            "bottom": 1173,
            "right": 615
        },
        "type": "text",
        "id": 24,
        "isClick": false,
        "content": "ENTRAR"
    },
    {
        "location": {
            "left": 396,
            "top": 1272,
            "bottom": 1296,
            "right": 438
        },
        "type": "text",
        "id": 25,
        "isClick": false,
        "content": "ou"
    },
    {
        "location": {
            "left": 455,
            "top": 1267,
            "bottom": 1297,
            "right": 684
        },
        "type": "text",
        "id": 26,
        "isClick": false,
        "content": "entrar com ..."
    },
    {
        "location": {
            "left": 304,
            "top": 1358,
            "bottom": 1419,
            "right": 333
        },
        "type": "text",
        "id": 27,
        "isClick": true,
        "content": "f"
    },
    {
        "location": {
            "left": 400,
            "top": 1361,
            "bottom": 1421,
            "right": 463
        },
        "type": "text",
        "id": 28,
        "isClick": false,
        "content": "g +"
    },
    {
        "location": {
            "left": 510,
            "top": 1361,
            "bottom": 1419,
            "right": 563
        },
        "type": "text",
        "id": 29,
        "isClick": false,
        "content": "1"
    },
    {
        "location": {
            "left": 616,
            "top": 1356,
            "bottom": 1419,
            "right": 683
        },
        "type": "text",
        "id": 30,
        "isClick": false,
        "content": "in"
    },
    {
        "location": {
            "left": 312,
            "top": 1548,
            "bottom": 1583,
            "right": 435
        },
        "type": "text",
        "id": 31,
        "isClick": false,
        "content": "AINDA"
    },
    {
        "location": {
            "left": 450,
            "top": 1543,
            "bottom": 1583,
            "right": 621
        },
        "type": "text",
        "id": 32,
        "isClick": false,
        "content": "N\u00c3O TEM"
    },
    {
        "location": {
            "left": 638,
            "top": 1551,
            "bottom": 1582,
            "right": 697
        },
        "type": "text",
        "id": 33,
        "isClick": false,
        "content": "UM"
    },
    {
        "location": {
            "left": 714,
            "top": 1550,
            "bottom": 1582,
            "right": 769
        },
        "type": "text",
        "id": 34,
        "isClick": false,
        "content": "ID ?"
    }
]