[
    {
        "content": "FAK",
        "location": {
            "bottom": 26,
            "top": 11,
            "left": 406,
            "right": 440
        },
        "id": 0,
        "isClick": false,
        "type": "text"
    },
    {
        "content": "ff",
        "location": {
            "bottom": 50,
            "top": 13,
            "left": 29,
            "right": 127
        },
        "id": 1,
        "isClick": false,
        "type": "text"
    },
    {
        "content": "9",
        "location": {
            "bottom": 49,
            "top": 10,
            "left": 155,
            "right": 189
        },
        "id": 2,
        "isClick": false,
        "type": "text"
    },
    {
        "content": "*",
        "location": {
            "bottom": 52,
            "top": 13,
            "left": 768,
            "right": 792
        },
        "id": 3,
        "isClick": false,
        "type": "text"
    },
    {
        "content": "1:06",
        "location": {
            "bottom": 51,
            "top": 17,
            "left": 979,
            "right": 1056
        },
        "id": 4,
        "isClick": false,
        "type": "text"
    },
    {
        "content": "S2",
        "location": {
            "bottom": 359,
            "top": 225,
            "left": 438,
            "right": 643
        },
        "id": 5,
        "isClick": false,
        "type": "text"
    },
    {
        "content": "Shobla",
        "location": {
            "bottom": 533,
            "top": 441,
            "left": 358,
            "right": 719
        },
        "id": 6,
        "isClick": false,
        "type": "text"
    },
    {
        "content": "3+",
        "location": {
            "bottom": 799,
            "top": 710,
            "left": 260,
            "right": 343
        },
        "id": 7,
        "isClick": false,
        "type": "text"
    },
    {
        "content": "W",
        "location": {
            "bottom": 787,
            "top": 726,
            "left": 486,
            "right": 589
        },
        "id": 8,
        "isClick": false,
        "type": "text"
    },
    {
        "content": "C.",
        "location": {
            "bottom": 1043,
            "top": 958,
            "left": 372,
            "right": 454
        },
        "id": 9,
        "isClick": false,
        "type": "text"
    },
    {
        "content": "f",
        "location": {
            "bottom": 1048,
            "top": 957,
            "left": 642,
            "right": 683
        },
        "id": 10,
        "isClick": true,
        "type": "text"
    },
    {
        "content": "<",
        "location": {
            "bottom": 1887,
            "top": 1833,
            "left": 214,
            "right": 260
        },
        "id": 11,
        "isClick": false,
        "type": "text"
    }
]