[
    {
        "content": "FAK",
        "location": {
            "bottom": 25,
            "top": 10,
            "left": 405,
            "right": 438
        },
        "id": 0,
        "isClick": false,
        "type": "text"
    },
    {
        "content": "ff",
        "location": {
            "bottom": 51,
            "top": 13,
            "left": 28,
            "right": 127
        },
        "id": 1,
        "isClick": false,
        "type": "text"
    },
    {
        "content": "*",
        "location": {
            "bottom": 50,
            "top": 10,
            "left": 768,
            "right": 790
        },
        "id": 2,
        "isClick": false,
        "type": "text"
    },
    {
        "content": "1:09",
        "location": {
            "bottom": 51,
            "top": 17,
            "left": 980,
            "right": 1055
        },
        "id": 3,
        "isClick": false,
        "type": "text"
    },
    {
        "content": "E",
        "location": {
            "bottom": 152,
            "top": 120,
            "left": 49,
            "right": 96
        },
        "id": 4,
        "isClick": false,
        "type": "text"
    },
    {
        "content": "Recent",
        "location": {
            "bottom": 159,
            "top": 117,
            "left": 161,
            "right": 320
        },
        "id": 5,
        "isClick": false,
        "type": "text"
    },
    {
        "content": ":",
        "location": {
            "bottom": 160,
            "top": 113,
            "left": 1017,
            "right": 1026
        },
        "id": 6,
        "isClick": false,
        "type": "text"
    },
    {
        "content": "Apr",
        "location": {
            "bottom": 652,
            "top": 617,
            "left": 51,
            "right": 107
        },
        "id": 7,
        "isClick": false,
        "type": "text"
    },
    {
        "content": "29",
        "location": {
            "bottom": 647,
            "top": 617,
            "left": 117,
            "right": 154
        },
        "id": 8,
        "isClick": false,
        "type": "text"
    },
    {
        "content": "1.36 KB",
        "location": {
            "bottom": 646,
            "top": 617,
            "left": 249,
            "right": 367
        },
        "id": 9,
        "isClick": false,
        "type": "text"
    },
    {
        "content": "Apr",
        "location": {
            "bottom": 651,
            "top": 617,
            "left": 586,
            "right": 642
        },
        "id": 10,
        "isClick": false,
        "type": "text"
    },
    {
        "content": "29",
        "location": {
            "bottom": 648,
            "top": 617,
            "left": 652,
            "right": 689
        },
        "id": 11,
        "isClick": false,
        "type": "text"
    },
    {
        "content": "3.04 KB",
        "location": {
            "bottom": 645,
            "top": 617,
            "left": 782,
            "right": 902
        },
        "id": 12,
        "isClick": false,
        "type": "text"
    },
    {
        "content": "Apr 29",
        "location": {
            "bottom": 1123,
            "top": 1089,
            "left": 54,
            "right": 155
        },
        "id": 13,
        "isClick": false,
        "type": "text"
    },
    {
        "content": "1.36 KB",
        "location": {
            "bottom": 1118,
            "top": 1089,
            "left": 249,
            "right": 367
        },
        "id": 14,
        "isClick": false,
        "type": "text"
    },
    {
        "content": "Apr",
        "location": {
            "bottom": 1125,
            "top": 1089,
            "left": 586,
            "right": 643
        },
        "id": 15,
        "isClick": false,
        "type": "text"
    },
    {
        "content": "29",
        "location": {
            "bottom": 1120,
            "top": 1088,
            "left": 651,
            "right": 689
        },
        "id": 16,
        "isClick": false,
        "type": "text"
    },
    {
        "content": "2.47 KB",
        "location": {
            "bottom": 1118,
            "top": 1089,
            "left": 783,
            "right": 902
        },
        "id": 17,
        "isClick": false,
        "type": "text"
    },
    {
        "content": "Apr",
        "location": {
            "bottom": 1597,
            "top": 1561,
            "left": 51,
            "right": 107
        },
        "id": 18,
        "isClick": false,
        "type": "text"
    },
    {
        "content": "29",
        "location": {
            "bottom": 1590,
            "top": 1561,
            "left": 117,
            "right": 154
        },
        "id": 19,
        "isClick": false,
        "type": "text"
    },
    {
        "content": "2.14 KB",
        "location": {
            "bottom": 1590,
            "top": 1561,
            "left": 247,
            "right": 366
        },
        "id": 20,
        "isClick": false,
        "type": "text"
    },
    {
        "content": "Apr 29",
        "location": {
            "bottom": 1596,
            "top": 1561,
            "left": 586,
            "right": 689
        },
        "id": 21,
        "isClick": false,
        "type": "text"
    },
    {
        "content": "2.36 KB",
        "location": {
            "bottom": 1591,
            "top": 1561,
            "left": 781,
            "right": 901
        },
        "id": 22,
        "isClick": false,
        "type": "text"
    }
]