[
    {
        "isClick": false,
        "location": {
            "bottom": 27,
            "right": 192,
            "top": 11,
            "left": 153
        },
        "content": "FAK",
        "type": "text",
        "id": 0
    },
    {
        "isClick": false,
        "location": {
            "bottom": 45,
            "right": 1056,
            "top": 19,
            "left": 989
        },
        "content": "1:30",
        "type": "text",
        "id": 1
    },
    {
        "isClick": false,
        "location": {
            "bottom": 160,
            "right": 305,
            "top": 114,
            "left": 185
        },
        "content": "Book",
        "type": "text",
        "id": 2
    },
    {
        "isClick": false,
        "location": {
            "bottom": 166,
            "right": 450,
            "top": 113,
            "left": 319
        },
        "content": "Flight",
        "type": "text",
        "id": 3
    },
    {
        "isClick": false,
        "location": {
            "bottom": 332,
            "right": 133,
            "top": 305,
            "left": 73
        },
        "content": "KUL",
        "type": "text",
        "id": 4
    },
    {
        "isClick": false,
        "location": {
            "bottom": 313,
            "right": 307,
            "top": 273,
            "left": 195
        },
        "content": "Kuala",
        "type": "text",
        "id": 5
    },
    {
        "isClick": false,
        "location": {
            "bottom": 319,
            "right": 481,
            "top": 277,
            "left": 325
        },
        "content": "Lumpur",
        "type": "text",
        "id": 6
    },
    {
        "isClick": false,
        "location": {
            "bottom": 368,
            "right": 293,
            "top": 329,
            "left": 196
        },
        "content": "Kuala",
        "type": "text",
        "id": 7
    },
    {
        "isClick": false,
        "location": {
            "bottom": 368,
            "right": 447,
            "top": 331,
            "left": 310
        },
        "content": "Lumpur",
        "type": "text",
        "id": 8
    },
    {
        "isClick": false,
        "location": {
            "bottom": 369,
            "right": 524,
            "top": 329,
            "left": 464
        },
        "content": "Intl ,",
        "type": "text",
        "id": 9
    },
    {
        "isClick": false,
        "location": {
            "bottom": 370,
            "right": 701,
            "top": 329,
            "left": 541
        },
        "content": "Malaysia",
        "type": "text",
        "id": 10
    },
    {
        "isClick": false,
        "location": {
            "bottom": 423,
            "right": 1043,
            "top": 378,
            "left": 980
        },
        "content": "10",
        "type": "text",
        "id": 11
    },
    {
        "isClick": false,
        "location": {
            "bottom": 495,
            "right": 135,
            "top": 467,
            "left": 67
        },
        "content": "AOR",
        "type": "text",
        "id": 12
    },
    {
        "isClick": false,
        "location": {
            "bottom": 474,
            "right": 274,
            "top": 438,
            "left": 194
        },
        "content": "Alor",
        "type": "text",
        "id": 13
    },
    {
        "isClick": false,
        "location": {
            "bottom": 473,
            "right": 396,
            "top": 439,
            "left": 289
        },
        "content": "Setar",
        "type": "text",
        "id": 14
    },
    {
        "isClick": false,
        "location": {
            "bottom": 528,
            "right": 307,
            "top": 490,
            "left": 194
        },
        "content": "Sultan",
        "type": "text",
        "id": 15
    },
    {
        "isClick": false,
        "location": {
            "bottom": 529,
            "right": 425,
            "top": 491,
            "left": 322
        },
        "content": "Abdul",
        "type": "text",
        "id": 16
    },
    {
        "isClick": false,
        "location": {
            "bottom": 530,
            "right": 555,
            "top": 489,
            "left": 442
        },
        "content": "Halim ,",
        "type": "text",
        "id": 17
    },
    {
        "isClick": false,
        "location": {
            "bottom": 531,
            "right": 733,
            "top": 492,
            "left": 572
        },
        "content": "Malaysia",
        "type": "text",
        "id": 18
    },
    {
        "isClick": false,
        "location": {
            "bottom": 671,
            "right": 349,
            "top": 639,
            "left": 187
        },
        "content": "RETURN",
        "type": "text",
        "id": 19
    },
    {
        "isClick": false,
        "location": {
            "bottom": 671,
            "right": 906,
            "top": 639,
            "left": 713
        },
        "content": "ONE - WAY",
        "type": "text",
        "id": 20
    },
    {
        "isClick": false,
        "location": {
            "bottom": 810,
            "right": 324,
            "top": 780,
            "left": 218
        },
        "content": "Departs",
        "type": "text",
        "id": 21
    },
    {
        "isClick": false,
        "location": {
            "bottom": 859,
            "right": 455,
            "top": 837,
            "left": 327
        },
        "content": "Jan 2017",
        "type": "text",
        "id": 22
    },
    {
        "isClick": false,
        "location": {
            "bottom": 904,
            "right": 306,
            "top": 840,
            "left": 218
        },
        "content": "30",
        "type": "text",
        "id": 23
    },
    {
        "isClick": false,
        "location": {
            "bottom": 904,
            "right": 448,
            "top": 843,
            "left": 326
        },
        "content": "Monday",
        "type": "text",
        "id": 24
    },
    {
        "isClick": false,
        "location": {
            "bottom": 1066,
            "right": 412,
            "top": 1040,
            "left": 239
        },
        "content": "ECONOMY",
        "type": "text",
        "id": 25
    },
    {
        "isClick": false,
        "location": {
            "bottom": 1065,
            "right": 576,
            "top": 1040,
            "left": 499
        },
        "content": "FLEX",
        "type": "text",
        "id": 26
    },
    {
        "isClick": false,
        "location": {
            "bottom": 1066,
            "right": 833,
            "top": 1040,
            "left": 669
        },
        "content": "BUSINESS",
        "type": "text",
        "id": 27
    },
    {
        "isClick": false,
        "location": {
            "bottom": 1066,
            "right": 1009,
            "top": 1040,
            "left": 919
        },
        "content": "FIRST",
        "type": "text",
        "id": 28
    },
    {
        "isClick": false,
        "location": {
            "bottom": 1237,
            "right": 325,
            "top": 1202,
            "left": 218
        },
        "content": "Adult",
        "type": "text",
        "id": 29
    },
    {
        "isClick": false,
        "location": {
            "bottom": 1237,
            "right": 862,
            "top": 1204,
            "left": 850
        },
        "content": "1",
        "type": "text",
        "id": 30
    },
    {
        "isClick": false,
        "location": {
            "bottom": 1236,
            "right": 958,
            "top": 1202,
            "left": 954
        },
        "content": "+",
        "type": "text",
        "id": 31
    },
    {
        "isClick": false,
        "location": {
            "bottom": 1342,
            "right": 957,
            "top": 1307,
            "left": 952
        },
        "content": "+",
        "type": "text",
        "id": 32
    },
    {
        "isClick": false,
        "location": {
            "bottom": 1345,
            "right": 386,
            "top": 1306,
            "left": 217
        },
        "content": "Children",
        "type": "text",
        "id": 33
    },
    {
        "isClick": false,
        "location": {
            "bottom": 1349,
            "right": 423,
            "top": 1317,
            "left": 410
        },
        "content": "(",
        "type": "text",
        "id": 34
    },
    {
        "isClick": false,
        "location": {
            "bottom": 1351,
            "right": 493,
            "top": 1319,
            "left": 415
        },
        "content": "2-11",
        "type": "text",
        "id": 35
    },
    {
        "isClick": false,
        "location": {
            "bottom": 1353,
            "right": 541,
            "top": 1317,
            "left": 495
        },
        "content": "yrs )",
        "type": "text",
        "id": 36
    },
    {
        "isClick": false,
        "location": {
            "bottom": 1342,
            "right": 869,
            "top": 1308,
            "left": 849
        },
        "content": "0",
        "type": "text",
        "id": 37
    },
    {
        "isClick": false,
        "location": {
            "bottom": 1449,
            "right": 361,
            "top": 1411,
            "left": 219
        },
        "content": "Infants",
        "type": "text",
        "id": 38
    },
    {
        "isClick": false,
        "location": {
            "bottom": 1450,
            "right": 473,
            "top": 1416,
            "left": 381
        },
        "content": "( < 2yrs )",
        "type": "text",
        "id": 39
    },
    {
        "isClick": false,
        "location": {
            "bottom": 1445,
            "right": 869,
            "top": 1414,
            "left": 848
        },
        "content": "0",
        "type": "text",
        "id": 40
    },
    {
        "isClick": false,
        "location": {
            "bottom": 1443,
            "right": 967,
            "top": 1412,
            "left": 938
        },
        "content": "+",
        "type": "text",
        "id": 41
    },
    {
        "isClick": false,
        "location": {
            "bottom": 1743,
            "right": 495,
            "top": 1714,
            "left": 410
        },
        "content": "FIND",
        "type": "text",
        "id": 42
    },
    {
        "isClick": true,
        "location": {
            "bottom": 1743,
            "right": 671,
            "top": 1714,
            "left": 512
        },
        "content": "FLIGHTS",
        "type": "text",
        "id": 43
    },
    {
        "isClick": false,
        "location": {
            "bottom": 1932,
            "right": 286,
            "top": 1896,
            "left": 163
        },
        "content": "Select",
        "type": "text",
        "id": 44
    },
    {
        "isClick": false,
        "location": {
            "bottom": 1934,
            "right": 535,
            "top": 1897,
            "left": 305
        },
        "content": "Destination",
        "type": "text",
        "id": 45
    },
    {
        "isClick": false,
        "location": {
            "bottom": 1935,
            "right": 626,
            "top": 1897,
            "left": 554
        },
        "content": "City",
        "type": "text",
        "id": 46
    }
]