[
    {
        "isClick": false,
        "location": {
            "bottom": 25,
            "right": 191,
            "top": 11,
            "left": 154
        },
        "content": "FAK",
        "type": "text",
        "id": 0
    },
    {
        "isClick": false,
        "location": {
            "bottom": 52,
            "right": 193,
            "top": 9,
            "left": 30
        },
        "content": "fo",
        "type": "text",
        "id": 1
    },
    {
        "isClick": false,
        "location": {
            "bottom": 49,
            "right": 1051,
            "top": 11,
            "left": 943
        },
        "content": "51:31",
        "type": "text",
        "id": 2
    },
    {
        "isClick": false,
        "location": {
            "bottom": 144,
            "right": 189,
            "top": 110,
            "left": 45
        },
        "content": "GRACE",
        "type": "text",
        "id": 3
    },
    {
        "isClick": false,
        "location": {
            "bottom": 144,
            "right": 329,
            "top": 110,
            "left": 207
        },
        "content": "CHAN",
        "type": "text",
        "id": 4
    },
    {
        "isClick": false,
        "location": {
            "bottom": 271,
            "right": 247,
            "top": 241,
            "left": 140
        },
        "content": "Home",
        "type": "text",
        "id": 5
    },
    {
        "isClick": false,
        "location": {
            "bottom": 409,
            "right": 227,
            "top": 369,
            "left": 138
        },
        "content": "Trips",
        "type": "text",
        "id": 6
    },
    {
        "isClick": false,
        "location": {
            "bottom": 405,
            "right": 255,
            "top": 370,
            "left": 239
        },
        "content": "/",
        "type": "text",
        "id": 7
    },
    {
        "isClick": false,
        "location": {
            "bottom": 403,
            "right": 393,
            "top": 369,
            "left": 269
        },
        "content": "Check -",
        "type": "text",
        "id": 8
    },
    {
        "isClick": false,
        "location": {
            "bottom": 403,
            "right": 425,
            "top": 370,
            "left": 396
        },
        "content": "in",
        "type": "text",
        "id": 9
    },
    {
        "isClick": false,
        "location": {
            "bottom": 422,
            "right": 1012,
            "top": 382,
            "left": 1000
        },
        "content": "1",
        "type": "text",
        "id": 10
    },
    {
        "isClick": false,
        "location": {
            "bottom": 530,
            "right": 94,
            "top": 489,
            "left": 42
        },
        "content": "T",
        "type": "text",
        "id": 11
    },
    {
        "isClick": false,
        "location": {
            "bottom": 529,
            "right": 231,
            "top": 495,
            "left": 139
        },
        "content": "Book",
        "type": "text",
        "id": 12
    },
    {
        "isClick": false,
        "location": {
            "bottom": 535,
            "right": 345,
            "top": 492,
            "left": 245
        },
        "content": "Flight",
        "type": "text",
        "id": 13
    },
    {
        "isClick": true,
        "location": {
            "bottom": 656,
            "right": 239,
            "top": 621,
            "left": 139
        },
        "content": "Deals",
        "type": "text",
        "id": 14
    },
    {
        "isClick": false,
        "location": {
            "bottom": 660,
            "right": 439,
            "top": 618,
            "left": 253
        },
        "content": "of the Day",
        "type": "text",
        "id": 15
    },
    {
        "isClick": false,
        "location": {
            "bottom": 779,
            "right": 307,
            "top": 748,
            "left": 138
        },
        "content": "Schedule",
        "type": "text",
        "id": 16
    },
    {
        "isClick": false,
        "location": {
            "bottom": 906,
            "right": 95,
            "top": 871,
            "left": 41
        },
        "content": "A",
        "type": "text",
        "id": 17
    },
    {
        "isClick": false,
        "location": {
            "bottom": 912,
            "right": 379,
            "top": 873,
            "left": 140
        },
        "content": "Booking.com",
        "type": "text",
        "id": 18
    },
    {
        "isClick": false,
        "location": {
            "bottom": 1038,
            "right": 353,
            "top": 999,
            "left": 140
        },
        "content": "MHupgrade",
        "type": "text",
        "id": 19
    },
    {
        "isClick": false,
        "location": {
            "bottom": 1068,
            "right": 1010,
            "top": 1040,
            "left": 918
        },
        "content": "FIRST",
        "type": "text",
        "id": 20
    },
    {
        "isClick": false,
        "location": {
            "bottom": 1161,
            "right": 238,
            "top": 1125,
            "left": 136
        },
        "content": "Track",
        "type": "text",
        "id": 21
    },
    {
        "isClick": false,
        "location": {
            "bottom": 1166,
            "right": 410,
            "top": 1126,
            "left": 251
        },
        "content": "Baggage",
        "type": "text",
        "id": 22
    },
    {
        "isClick": false,
        "location": {
            "bottom": 1234,
            "right": 969,
            "top": 1202,
            "left": 937
        },
        "content": "+",
        "type": "text",
        "id": 23
    },
    {
        "isClick": false,
        "location": {
            "bottom": 1285,
            "right": 184,
            "top": 1255,
            "left": 44
        },
        "content": "Contact",
        "type": "text",
        "id": 24
    },
    {
        "isClick": false,
        "location": {
            "bottom": 1284,
            "right": 242,
            "top": 1255,
            "left": 200
        },
        "content": "Us",
        "type": "text",
        "id": 25
    },
    {
        "isClick": false,
        "location": {
            "bottom": 1280,
            "right": 853,
            "top": 1258,
            "left": 806
        },
        "content": "120",
        "type": "text",
        "id": 26
    },
    {
        "isClick": false,
        "location": {
            "bottom": 1339,
            "right": 969,
            "top": 1308,
            "left": 938
        },
        "content": "+",
        "type": "text",
        "id": 27
    },
    {
        "isClick": false,
        "location": {
            "bottom": 1411,
            "right": 108,
            "top": 1380,
            "left": 44
        },
        "content": "Call",
        "type": "text",
        "id": 28
    },
    {
        "isClick": false,
        "location": {
            "bottom": 1411,
            "right": 243,
            "top": 1381,
            "left": 125
        },
        "content": "Centre",
        "type": "text",
        "id": 29
    },
    {
        "isClick": false,
        "location": {
            "bottom": 1445,
            "right": 969,
            "top": 1413,
            "left": 937
        },
        "content": "+",
        "type": "text",
        "id": 30
    },
    {
        "isClick": false,
        "location": {
            "bottom": 1546,
            "right": 139,
            "top": 1506,
            "left": 45
        },
        "content": "Legal",
        "type": "text",
        "id": 31
    },
    {
        "isClick": false,
        "location": {
            "bottom": 1663,
            "right": 157,
            "top": 1633,
            "left": 43
        },
        "content": "Terms",
        "type": "text",
        "id": 32
    },
    {
        "isClick": false,
        "location": {
            "bottom": 1663,
            "right": 406,
            "top": 1632,
            "left": 172
        },
        "content": "& Conditions",
        "type": "text",
        "id": 33
    },
    {
        "isClick": false,
        "location": {
            "bottom": 1796,
            "right": 300,
            "top": 1758,
            "left": 50
        },
        "content": "Privacy Policy",
        "type": "text",
        "id": 34
    }
]