[
    {
        "isClick": false,
        "location": {
            "bottom": 28,
            "right": 192,
            "top": 11,
            "left": 153
        },
        "content": "FAK",
        "type": "text",
        "id": 0
    },
    {
        "isClick": false,
        "location": {
            "bottom": 48,
            "right": 967,
            "top": 12,
            "left": 943
        },
        "content": "$",
        "type": "text",
        "id": 1
    },
    {
        "isClick": false,
        "location": {
            "bottom": 49,
            "right": 1056,
            "top": 18,
            "left": 989
        },
        "content": "1:33",
        "type": "text",
        "id": 2
    },
    {
        "isClick": false,
        "location": {
            "bottom": 161,
            "right": 313,
            "top": 113,
            "left": 185
        },
        "content": "Deals",
        "type": "text",
        "id": 3
    },
    {
        "isClick": false,
        "location": {
            "bottom": 160,
            "right": 463,
            "top": 114,
            "left": 330
        },
        "content": "of the",
        "type": "text",
        "id": 4
    },
    {
        "isClick": false,
        "location": {
            "bottom": 165,
            "right": 566,
            "top": 115,
            "left": 481
        },
        "content": "Day",
        "type": "text",
        "id": 5
    },
    {
        "isClick": false,
        "location": {
            "bottom": 300,
            "right": 135,
            "top": 274,
            "left": 69
        },
        "content": "YVR",
        "type": "text",
        "id": 6
    },
    {
        "isClick": true,
        "location": {
            "bottom": 279,
            "right": 413,
            "top": 246,
            "left": 194
        },
        "content": "Vancouver",
        "type": "text",
        "id": 7
    },
    {
        "isClick": false,
        "location": {
            "bottom": 333,
            "right": 389,
            "top": 298,
            "left": 192
        },
        "content": "Vancouver",
        "type": "text",
        "id": 8
    },
    {
        "isClick": false,
        "location": {
            "bottom": 333,
            "right": 465,
            "top": 298,
            "left": 404
        },
        "content": "Intl ,",
        "type": "text",
        "id": 9
    },
    {
        "isClick": false,
        "location": {
            "bottom": 333,
            "right": 617,
            "top": 298,
            "left": 480
        },
        "content": "Canada",
        "type": "text",
        "id": 10
    },
    {
        "isClick": false,
        "location": {
            "bottom": 1101,
            "right": 170,
            "top": 1053,
            "left": 46
        },
        "content": "Sorry ,",
        "type": "text",
        "id": 11
    },
    {
        "isClick": false,
        "location": {
            "bottom": 1092,
            "right": 302,
            "top": 1050,
            "left": 187
        },
        "content": "there",
        "type": "text",
        "id": 12
    },
    {
        "isClick": false,
        "location": {
            "bottom": 1092,
            "right": 390,
            "top": 1062,
            "left": 321
        },
        "content": "are",
        "type": "text",
        "id": 13
    },
    {
        "isClick": false,
        "location": {
            "bottom": 1092,
            "right": 460,
            "top": 1062,
            "left": 409
        },
        "content": "no",
        "type": "text",
        "id": 14
    },
    {
        "isClick": false,
        "location": {
            "bottom": 1092,
            "right": 598,
            "top": 1050,
            "left": 479
        },
        "content": "deals",
        "type": "text",
        "id": 15
    },
    {
        "isClick": false,
        "location": {
            "bottom": 1097,
            "right": 658,
            "top": 1056,
            "left": 617
        },
        "content": "at",
        "type": "text",
        "id": 16
    },
    {
        "isClick": false,
        "location": {
            "bottom": 1093,
            "right": 744,
            "top": 1051,
            "left": 673
        },
        "content": "the",
        "type": "text",
        "id": 17
    },
    {
        "isClick": false,
        "location": {
            "bottom": 1092,
            "right": 952,
            "top": 1056,
            "left": 763
        },
        "content": "moment",
        "type": "text",
        "id": 18
    },
    {
        "isClick": false,
        "location": {
            "bottom": 1092,
            "right": 1032,
            "top": 1050,
            "left": 971
        },
        "content": "for",
        "type": "text",
        "id": 19
    },
    {
        "isClick": false,
        "location": {
            "bottom": 1153,
            "right": 665,
            "top": 1114,
            "left": 412
        },
        "content": "Vancouver .",
        "type": "text",
        "id": 20
    }
]