[
    {
        "isClick": false,
        "location": {
            "bottom": 27,
            "right": 192,
            "top": 11,
            "left": 153
        },
        "content": "FAK",
        "type": "text",
        "id": 0
    },
    {
        "isClick": false,
        "location": {
            "bottom": 49,
            "right": 1056,
            "top": 11,
            "left": 943
        },
        "content": "51:33",
        "type": "text",
        "id": 1
    },
    {
        "isClick": false,
        "location": {
            "bottom": 161,
            "right": 313,
            "top": 113,
            "left": 185
        },
        "content": "Deals",
        "type": "text",
        "id": 2
    },
    {
        "isClick": false,
        "location": {
            "bottom": 160,
            "right": 463,
            "top": 114,
            "left": 329
        },
        "content": "of the",
        "type": "text",
        "id": 3
    },
    {
        "isClick": false,
        "location": {
            "bottom": 164,
            "right": 565,
            "top": 115,
            "left": 481
        },
        "content": "Day",
        "type": "text",
        "id": 4
    },
    {
        "isClick": false,
        "location": {
            "bottom": 302,
            "right": 135,
            "top": 273,
            "left": 72
        },
        "content": "KUL",
        "type": "text",
        "id": 5
    },
    {
        "isClick": false,
        "location": {
            "bottom": 282,
            "right": 307,
            "top": 242,
            "left": 195
        },
        "content": "Kuala",
        "type": "text",
        "id": 6
    },
    {
        "isClick": false,
        "location": {
            "bottom": 290,
            "right": 481,
            "top": 245,
            "left": 325
        },
        "content": "Lumpur",
        "type": "text",
        "id": 7
    },
    {
        "isClick": false,
        "location": {
            "bottom": 336,
            "right": 293,
            "top": 297,
            "left": 195
        },
        "content": "Kuala",
        "type": "text",
        "id": 8
    },
    {
        "isClick": false,
        "location": {
            "bottom": 337,
            "right": 448,
            "top": 296,
            "left": 310
        },
        "content": "Lumpur",
        "type": "text",
        "id": 9
    },
    {
        "isClick": false,
        "location": {
            "bottom": 337,
            "right": 524,
            "top": 297,
            "left": 464
        },
        "content": "Intl ,",
        "type": "text",
        "id": 10
    },
    {
        "isClick": false,
        "location": {
            "bottom": 339,
            "right": 701,
            "top": 297,
            "left": 541
        },
        "content": "Malaysia",
        "type": "text",
        "id": 11
    },
    {
        "isClick": false,
        "location": {
            "bottom": 873,
            "right": 261,
            "top": 833,
            "left": 45
        },
        "content": "Book before",
        "type": "text",
        "id": 12
    },
    {
        "isClick": false,
        "location": {
            "bottom": 876,
            "right": 431,
            "top": 836,
            "left": 275
        },
        "content": "February",
        "type": "text",
        "id": 13
    },
    {
        "isClick": false,
        "location": {
            "bottom": 873,
            "right": 465,
            "top": 839,
            "left": 446
        },
        "content": "2",
        "type": "text",
        "id": 14
    },
    {
        "isClick": false,
        "location": {
            "bottom": 878,
            "right": 1035,
            "top": 837,
            "left": 899
        },
        "content": "Penang",
        "type": "text",
        "id": 15
    },
    {
        "isClick": false,
        "location": {
            "bottom": 956,
            "right": 1037,
            "top": 929,
            "left": 781
        },
        "content": "Economy - One - Way",
        "type": "text",
        "id": 16
    },
    {
        "isClick": false,
        "location": {
            "bottom": 1015,
            "right": 1033,
            "top": 970,
            "left": 918
        },
        "content": "RM 99",
        "type": "text",
        "id": 17
    },
    {
        "isClick": false,
        "location": {
            "bottom": 1004,
            "right": 107,
            "top": 978,
            "left": 45
        },
        "content": "KUL",
        "type": "text",
        "id": 18
    },
    {
        "isClick": false,
        "location": {
            "bottom": 1003,
            "right": 535,
            "top": 978,
            "left": 472
        },
        "content": "PEN",
        "type": "text",
        "id": 19
    },
    {
        "isClick": false,
        "location": {
            "bottom": 1117,
            "right": 418,
            "top": 1090,
            "left": 43
        },
        "content": "Valid for Departures between",
        "type": "text",
        "id": 20
    },
    {
        "isClick": false,
        "location": {
            "bottom": 1167,
            "right": 278,
            "top": 1144,
            "left": 43
        },
        "content": "2/1/17 to 3/31/17",
        "type": "text",
        "id": 21
    },
    {
        "isClick": false,
        "location": {
            "bottom": 1725,
            "right": 261,
            "top": 1683,
            "left": 44
        },
        "content": "Book before",
        "type": "text",
        "id": 22
    },
    {
        "isClick": false,
        "location": {
            "bottom": 1727,
            "right": 432,
            "top": 1686,
            "left": 276
        },
        "content": "February",
        "type": "text",
        "id": 23
    },
    {
        "isClick": false,
        "location": {
            "bottom": 1724,
            "right": 465,
            "top": 1689,
            "left": 445
        },
        "content": "2",
        "type": "text",
        "id": 24
    },
    {
        "isClick": false,
        "location": {
            "bottom": 1728,
            "right": 1035,
            "top": 1689,
            "left": 900
        },
        "content": "Penang",
        "type": "text",
        "id": 25
    },
    {
        "isClick": false,
        "location": {
            "bottom": 1797,
            "right": 1028,
            "top": 1779,
            "left": 755
        },
        "content": "Economy . Daund Trin",
        "type": "text",
        "id": 26
    }
]