[
    {
        "content": "TOPICS",
        "location": {
            "bottom": 21,
            "top": 9,
            "left": 340,
            "right": 378
        },
        "id": 0,
        "isClick": false,
        "type": "text"
    },
    {
        "content": "TOPICS",
        "location": {
            "bottom": 22,
            "top": 9,
            "left": 403,
            "right": 442
        },
        "id": 1,
        "isClick": false,
        "type": "text"
    },
    {
        "content": "\u0430",
        "location": {
            "bottom": 50,
            "top": 14,
            "left": 42,
            "right": 59
        },
        "id": 2,
        "isClick": false,
        "type": "text"
    },
    {
        "content": "\u043f",
        "location": {
            "bottom": 52,
            "top": 14,
            "left": 108,
            "right": 125
        },
        "id": 3,
        "isClick": false,
        "type": "text"
    },
    {
        "content": "\u043d",
        "location": {
            "bottom": 51,
            "top": 14,
            "left": 156,
            "right": 189
        },
        "id": 4,
        "isClick": false,
        "type": "text"
    },
    {
        "content": "\u043f",
        "location": {
            "bottom": 50,
            "top": 14,
            "left": 234,
            "right": 251
        },
        "id": 5,
        "isClick": false,
        "type": "text"
    },
    {
        "content": "\u0425\u043e\u043f\u043e\u0432",
        "location": {
            "bottom": 55,
            "top": 9,
            "left": 277,
            "right": 564
        },
        "id": 6,
        "isClick": false,
        "type": "text"
    },
    {
        "content": "$",
        "location": {
            "bottom": 53,
            "top": 9,
            "left": 644,
            "right": 668
        },
        "id": 7,
        "isClick": false,
        "type": "text"
    },
    {
        "content": "\u00a7",
        "location": {
            "bottom": 50,
            "top": 12,
            "left": 922,
            "right": 945
        },
        "id": 8,
        "isClick": false,
        "type": "text"
    },
    {
        "content": "11:24",
        "location": {
            "bottom": 49,
            "top": 17,
            "left": 968,
            "right": 1057
        },
        "id": 9,
        "isClick": false,
        "type": "text"
    },
    {
        "content": "\u0412\u041e\u041f\u0420\u041e\u0421",
        "location": {
            "bottom": 595,
            "top": 561,
            "left": 394,
            "right": 563
        },
        "id": 10,
        "isClick": false,
        "type": "text"
    },
    {
        "content": "13/13",
        "location": {
            "bottom": 595,
            "top": 561,
            "left": 581,
            "right": 684
        },
        "id": 11,
        "isClick": false,
        "type": "text"
    },
    {
        "content": "\u041a\u0410\u041a\u041e\u0415",
        "location": {
            "bottom": 844,
            "top": 808,
            "left": 131,
            "right": 271
        },
        "id": 12,
        "isClick": false,
        "type": "text"
    },
    {
        "content": "\u0412\u0420\u0415\u041c\u042f",
        "location": {
            "bottom": 844,
            "top": 808,
            "left": 289,
            "right": 436
        },
        "id": 13,
        "isClick": false,
        "type": "text"
    },
    {
        "content": "\u0421\u0423\u0422\u041e\u041a",
        "location": {
            "bottom": 844,
            "top": 808,
            "left": 454,
            "right": 595
        },
        "id": 14,
        "isClick": false,
        "type": "text"
    },
    {
        "content": "\u0412\u0410\u041c",
        "location": {
            "bottom": 844,
            "top": 808,
            "left": 613,
            "right": 707
        },
        "id": 15,
        "isClick": false,
        "type": "text"
    },
    {
        "content": "\u0411\u041e\u041b\u0415\u0415",
        "location": {
            "bottom": 844,
            "top": 807,
            "left": 727,
            "right": 869
        },
        "id": 16,
        "isClick": false,
        "type": "text"
    },
    {
        "content": "\u041f\u041e",
        "location": {
            "bottom": 844,
            "top": 808,
            "left": 888,
            "right": 947
        },
        "id": 17,
        "isClick": false,
        "type": "text"
    },
    {
        "content": "\u0414\u0423\u0428\u0415",
        "location": {
            "bottom": 903,
            "top": 857,
            "left": 460,
            "right": 591
        },
        "id": 18,
        "isClick": false,
        "type": "text"
    },
    {
        "content": "?",
        "location": {
            "bottom": 896,
            "top": 858,
            "left": 594,
            "right": 619
        },
        "id": 19,
        "isClick": false,
        "type": "text"
    },
    {
        "content": "\u041d\u041e\u0427\u042c",
        "location": {
            "bottom": 1076,
            "top": 1038,
            "left": 186,
            "right": 300
        },
        "id": 20,
        "isClick": false,
        "type": "text"
    },
    {
        "content": "\u0414\u0415\u041d\u042c",
        "location": {
            "bottom": 1151,
            "top": 1112,
            "left": 184,
            "right": 300
        },
        "id": 21,
        "isClick": false,
        "type": "text"
    },
    {
        "content": "\u0414\u0410\u041b\u0415\u0415",
        "location": {
            "bottom": 1341,
            "top": 1303,
            "left": 468,
            "right": 607
        },
        "id": 22,
        "isClick": true,
        "type": "text"
    }
]