[
    {
        "content": "4",
        "location": {
            "bottom": 881,
            "top": 856,
            "left": 754,
            "right": 767
        },
        "id": 0,
        "isClick": false,
        "type": "text"
    },
    {
        "content": "Gin",
        "location": {
            "bottom": 910,
            "top": 869,
            "left": 421,
            "right": 478
        },
        "id": 1,
        "isClick": false,
        "type": "text"
    },
    {
        "content": "Rummy",
        "location": {
            "bottom": 910,
            "top": 865,
            "left": 504,
            "right": 654
        },
        "id": 2,
        "isClick": false,
        "type": "text"
    },
    {
        "content": "plus",
        "location": {
            "bottom": 920,
            "top": 895,
            "left": 438,
            "right": 507
        },
        "id": 3,
        "isClick": false,
        "type": "text"
    },
    {
        "content": "VI",
        "location": {
            "bottom": 1141,
            "top": 1064,
            "left": 324,
            "right": 409
        },
        "id": 4,
        "isClick": false,
        "type": "text"
    },
    {
        "content": "3",
        "location": {
            "bottom": 1147,
            "top": 1080,
            "left": 468,
            "right": 492
        },
        "id": 5,
        "isClick": false,
        "type": "text"
    },
    {
        "content": "3",
        "location": {
            "bottom": 1151,
            "top": 1080,
            "left": 559,
            "right": 583
        },
        "id": 6,
        "isClick": false,
        "type": "text"
    },
    {
        "content": "6",
        "location": {
            "bottom": 1154,
            "top": 1082,
            "left": 636,
            "right": 660
        },
        "id": 7,
        "isClick": false,
        "type": "text"
    },
    {
        "content": "7",
        "location": {
            "bottom": 1158,
            "top": 1086,
            "left": 728,
            "right": 752
        },
        "id": 8,
        "isClick": false,
        "type": "text"
    },
    {
        "content": "8",
        "location": {
            "bottom": 1162,
            "top": 1095,
            "left": 817,
            "right": 841
        },
        "id": 9,
        "isClick": false,
        "type": "text"
    },
    {
        "content": "A",
        "location": {
            "bottom": 1166,
            "top": 1089,
            "left": 880,
            "right": 936
        },
        "id": 10,
        "isClick": false,
        "type": "text"
    },
    {
        "content": "10",
        "location": {
            "bottom": 1182,
            "top": 1109,
            "left": 30,
            "right": 88
        },
        "id": 11,
        "isClick": false,
        "type": "text"
    },
    {
        "content": "J",
        "location": {
            "bottom": 1166,
            "top": 1107,
            "left": 130,
            "right": 154
        },
        "id": 12,
        "isClick": false,
        "type": "text"
    }
]