[
    {
        "id": 0,
        "location": {
            "bottom": 45,
            "right": 1055,
            "top": 19,
            "left": 988
        },
        "type": "text",
        "isClick": false,
        "content": "3:45"
    },
    {
        "id": 1,
        "location": {
            "bottom": 204,
            "right": 699,
            "top": 168,
            "left": 464
        },
        "type": "text",
        "isClick": false,
        "content": "TELEMUNDO"
    },
    {
        "id": 2,
        "location": {
            "bottom": 244,
            "right": 689,
            "top": 194,
            "left": 472
        },
        "type": "text",
        "isClick": false,
        "content": "Deportes"
    },
    {
        "id": 3,
        "location": {
            "bottom": 339,
            "right": 197,
            "top": 313,
            "left": 73
        },
        "type": "text",
        "isClick": false,
        "content": "DESTACADO"
    },
    {
        "id": 4,
        "location": {
            "bottom": 339,
            "right": 501,
            "top": 308,
            "left": 309
        },
        "type": "text",
        "isClick": false,
        "content": "EN VIVO / PR\u00d3XIMO"
    },
    {
        "id": 5,
        "location": {
            "bottom": 339,
            "right": 749,
            "top": 314,
            "left": 602
        },
        "type": "text",
        "isClick": false,
        "content": "REPETICIONES"
    },
    {
        "id": 6,
        "location": {
            "bottom": 340,
            "right": 982,
            "top": 313,
            "left": 908
        },
        "type": "text",
        "isClick": false,
        "content": "VIDEOS"
    },
    {
        "id": 7,
        "location": {
            "bottom": 446,
            "right": 154,
            "top": 417,
            "left": 55
        },
        "type": "text",
        "isClick": false,
        "content": "AVISAME"
    },
    {
        "id": 8,
        "location": {
            "bottom": 538,
            "right": 936,
            "top": 512,
            "left": 911
        },
        "type": "text",
        "isClick": true,
        "content": "X"
    },
    {
        "id": 9,
        "location": {
            "bottom": 656,
            "right": 60,
            "top": 627,
            "left": 37
        },
        "type": "text",
        "isClick": false,
        "content": "VS"
    },
    {
        "id": 10,
        "location": {
            "bottom": 634,
            "right": 591,
            "top": 572,
            "left": 208
        },
        "type": "text",
        "isClick": false,
        "content": "RICARDO \" MESERITO \""
    },
    {
        "id": 11,
        "location": {
            "bottom": 634,
            "right": 808,
            "top": 572,
            "left": 611
        },
        "type": "text",
        "isClick": false,
        "content": "RODR\u00cdGUEZ"
    },
    {
        "id": 12,
        "location": {
            "bottom": 705,
            "right": 629,
            "top": 638,
            "left": 211
        },
        "type": "text",
        "isClick": false,
        "content": "CARLOS \" KID \" NARVAEZ"
    },
    {
        "id": 13,
        "location": {
            "bottom": 794,
            "right": 280,
            "top": 756,
            "left": 45
        },
        "type": "text",
        "isClick": false,
        "content": "BOXEO TELEMUNDO"
    },
    {
        "id": 14,
        "location": {
            "bottom": 792,
            "right": 428,
            "top": 756,
            "left": 328
        },
        "type": "text",
        "isClick": false,
        "content": "PR\u00d3XIMO"
    },
    {
        "id": 15,
        "location": {
            "bottom": 808,
            "right": 767,
            "top": 750,
            "left": 646
        },
        "type": "text",
        "isClick": false,
        "content": "11:35 PM"
    },
    {
        "id": 16,
        "location": {
            "bottom": 808,
            "right": 902,
            "top": 750,
            "left": 807
        },
        "type": "text",
        "isClick": false,
        "content": "10:35"
    },
    {
        "id": 17,
        "location": {
            "bottom": 873,
            "right": 474,
            "top": 831,
            "left": 42
        },
        "type": "text",
        "isClick": false,
        "content": "RICARDO RODRIGUEZ VS."
    },
    {
        "id": 18,
        "location": {
            "bottom": 873,
            "right": 803,
            "top": 831,
            "left": 489
        },
        "type": "text",
        "isClick": false,
        "content": "CARLOS NARVAEZ"
    },
    {
        "id": 19,
        "location": {
            "bottom": 913,
            "right": 253,
            "top": 896,
            "left": 167
        },
        "type": "text",
        "isClick": false,
        "content": "EN VIVO O"
    },
    {
        "id": 20,
        "location": {
            "bottom": 998,
            "right": 154,
            "top": 971,
            "left": 56
        },
        "type": "text",
        "isClick": false,
        "content": "AVISAME"
    },
    {
        "id": 21,
        "location": {
            "bottom": 1013,
            "right": 599,
            "top": 964,
            "left": 471
        },
        "type": "text",
        "isClick": false,
        "content": "CHELSEA"
    },
    {
        "id": 22,
        "location": {
            "bottom": 1163,
            "right": 569,
            "top": 1098,
            "left": 451
        },
        "type": "text",
        "isClick": false,
        "content": "FOOTBALL"
    },
    {
        "id": 23,
        "location": {
            "bottom": 1150,
            "right": 607,
            "top": 1101,
            "left": 557
        },
        "type": "text",
        "isClick": false,
        "content": "CLUB"
    },
    {
        "id": 24,
        "location": {
            "bottom": 1195,
            "right": 832,
            "top": 1129,
            "left": 629
        },
        "type": "text",
        "isClick": false,
        "content": "CHELSEA"
    },
    {
        "id": 25,
        "location": {
            "bottom": 1228,
            "right": 628,
            "top": 1185,
            "left": 592
        },
        "type": "text",
        "isClick": false,
        "content": "VS"
    },
    {
        "id": 26,
        "location": {
            "bottom": 1277,
            "right": 862,
            "top": 1211,
            "left": 650
        },
        "type": "text",
        "isClick": false,
        "content": "SWANSEA"
    },
    {
        "id": 27,
        "location": {
            "bottom": 1275,
            "right": 966,
            "top": 1210,
            "left": 881
        },
        "type": "text",
        "isClick": false,
        "content": "CITY"
    },
    {
        "id": 28,
        "location": {
            "bottom": 1349,
            "right": 252,
            "top": 1313,
            "left": 41
        },
        "type": "text",
        "isClick": false,
        "content": "PREMIER LEAGUE"
    },
    {
        "id": 29,
        "location": {
            "bottom": 1345,
            "right": 403,
            "top": 1309,
            "left": 303
        },
        "type": "text",
        "isClick": false,
        "content": "PR\u00d3XIMO"
    },
    {
        "id": 30,
        "location": {
            "bottom": 1427,
            "right": 545,
            "top": 1385,
            "left": 42
        },
        "type": "text",
        "isClick": false,
        "content": "CHELSEA VS. SWANSEA CITY"
    },
    {
        "id": 31,
        "location": {
            "bottom": 1434,
            "right": 515,
            "top": 1429,
            "left": 448
        },
        "type": "text",
        "isClick": false,
        "content": "ANSEA"
    },
    {
        "id": 32,
        "location": {
            "bottom": 1488,
            "right": 598,
            "top": 1422,
            "left": 513
        },
        "type": "text",
        "isClick": false,
        "content": "CITY"
    },
    {
        "id": 33,
        "location": {
            "bottom": 1418,
            "right": 637,
            "top": 1389,
            "left": 597
        },
        "type": "text",
        "isClick": false,
        "content": "AFC"
    },
    {
        "id": 34,
        "location": {
            "bottom": 1551,
            "right": 154,
            "top": 1526,
            "left": 55
        },
        "type": "text",
        "isClick": false,
        "content": "AVISAME"
    },
    {
        "id": 35,
        "location": {
            "bottom": 1653,
            "right": 590,
            "top": 1619,
            "left": 469
        },
        "type": "text",
        "isClick": false,
        "content": "Everton"
    },
    {
        "id": 36,
        "location": {
            "bottom": 1707,
            "right": 624,
            "top": 1674,
            "left": 558
        },
        "type": "text",
        "isClick": false,
        "content": "566"
    },
    {
        "id": 37,
        "location": {
            "bottom": 1698,
            "right": 953,
            "top": 1665,
            "left": 872
        },
        "type": "text",
        "isClick": false,
        "content": "DX"
    },
    {
        "id": 38,
        "location": {
            "bottom": 1711,
            "right": 355,
            "top": 1682,
            "left": 144
        },
        "type": "text",
        "isClick": false,
        "content": "credit karma"
    },
    {
        "id": 39,
        "location": {
            "bottom": 1773,
            "right": 306,
            "top": 1746,
            "left": 146
        },
        "type": "text",
        "isClick": false,
        "content": "See my score"
    },
    {
        "id": 40,
        "location": {
            "bottom": 1767,
            "right": 351,
            "top": 1744,
            "left": 324
        },
        "type": "text",
        "isClick": false,
        "content": ">>"
    },
    {
        "id": 41,
        "location": {
            "bottom": 1776,
            "right": 481,
            "top": 1756,
            "left": 430
        },
        "type": "text",
        "isClick": false,
        "content": "Poor"
    },
    {
        "id": 42,
        "location": {
            "bottom": 1775,
            "right": 617,
            "top": 1755,
            "left": 579
        },
        "type": "text",
        "isClick": false,
        "content": "Fair"
    },
    {
        "id": 43,
        "location": {
            "bottom": 1776,
            "right": 768,
            "top": 1757,
            "left": 712
        },
        "type": "text",
        "isClick": false,
        "content": "Good"
    },
    {
        "id": 44,
        "location": {
            "bottom": 1775,
            "right": 935,
            "top": 1756,
            "left": 840
        },
        "type": "text",
        "isClick": false,
        "content": "Excellent"
    }
]