[
    {
        "id": 0,
        "location": {
            "bottom": 45,
            "right": 1055,
            "top": 19,
            "left": 988
        },
        "type": "text",
        "isClick": false,
        "content": "3:45"
    },
    {
        "id": 1,
        "location": {
            "bottom": 231,
            "right": 103,
            "top": 180,
            "left": 26
        },
        "type": "text",
        "isClick": false,
        "content": "E"
    },
    {
        "id": 2,
        "location": {
            "bottom": 202,
            "right": 699,
            "top": 168,
            "left": 464
        },
        "type": "text",
        "isClick": false,
        "content": "TELEMUNDO"
    },
    {
        "id": 3,
        "location": {
            "bottom": 245,
            "right": 693,
            "top": 192,
            "left": 472
        },
        "type": "text",
        "isClick": false,
        "content": "Deportes"
    },
    {
        "id": 4,
        "location": {
            "bottom": 339,
            "right": 197,
            "top": 313,
            "left": 73
        },
        "type": "text",
        "isClick": false,
        "content": "DESTACADO"
    },
    {
        "id": 5,
        "location": {
            "bottom": 339,
            "right": 499,
            "top": 307,
            "left": 309
        },
        "type": "text",
        "isClick": false,
        "content": "EN VIVO / PR\u00d3XIMO"
    },
    {
        "id": 6,
        "location": {
            "bottom": 339,
            "right": 749,
            "top": 313,
            "left": 601
        },
        "type": "text",
        "isClick": false,
        "content": "REPETICIONES"
    },
    {
        "id": 7,
        "location": {
            "bottom": 339,
            "right": 982,
            "top": 313,
            "left": 907
        },
        "type": "text",
        "isClick": false,
        "content": "VIDEOS"
    },
    {
        "id": 8,
        "location": {
            "bottom": 477,
            "right": 837,
            "top": 432,
            "left": 242
        },
        "type": "text",
        "isClick": false,
        "content": "FILTRAR POR DEPORTES Y CATEGOR\u00cdA"
    },
    {
        "id": 9,
        "location": {
            "bottom": 626,
            "right": 207,
            "top": 589,
            "left": 55
        },
        "type": "text",
        "isClick": false,
        "content": "JUE . 2/16"
    },
    {
        "id": 10,
        "location": {
            "bottom": 627,
            "right": 462,
            "top": 582,
            "left": 325
        },
        "type": "text",
        "isClick": false,
        "content": "MI\u00c9 . 2/15"
    },
    {
        "id": 11,
        "location": {
            "bottom": 625,
            "right": 734,
            "top": 589,
            "left": 579
        },
        "type": "text",
        "isClick": false,
        "content": "MAR . 2/14"
    },
    {
        "id": 12,
        "location": {
            "bottom": 625,
            "right": 989,
            "top": 589,
            "left": 848
        },
        "type": "text",
        "isClick": false,
        "content": "LUN . 2/13"
    },
    {
        "id": 13,
        "location": {
            "bottom": 720,
            "right": 541,
            "top": 691,
            "left": 463
        },
        "type": "text",
        "isClick": false,
        "content": "JUEVES"
    },
    {
        "id": 14,
        "location": {
            "bottom": 720,
            "right": 609,
            "top": 692,
            "left": 556
        },
        "type": "text",
        "isClick": false,
        "content": "2/16"
    },
    {
        "id": 15,
        "location": {
            "bottom": 907,
            "right": 265,
            "top": 881,
            "left": 200
        },
        "type": "text",
        "isClick": false,
        "content": "Corona"
    },
    {
        "id": 16,
        "location": {
            "bottom": 914,
            "right": 1007,
            "top": 897,
            "left": 972
        },
        "type": "text",
        "isClick": false,
        "content": "wile"
    },
    {
        "id": 17,
        "location": {
            "bottom": 969,
            "right": 112,
            "top": 946,
            "left": 76
        },
        "type": "text",
        "isClick": false,
        "content": "wite"
    },
    {
        "id": 18,
        "location": {
            "bottom": 962,
            "right": 548,
            "top": 939,
            "left": 499
        },
        "type": "text",
        "isClick": false,
        "content": "wite"
    },
    {
        "id": 19,
        "location": {
            "bottom": 1029,
            "right": 279,
            "top": 1017,
            "left": 218
        },
        "type": "text",
        "isClick": false,
        "content": "Beta"
    },
    {
        "id": 20,
        "location": {
            "bottom": 1093,
            "right": 170,
            "top": 1067,
            "left": 67
        },
        "type": "text",
        "isClick": false,
        "content": "RESUMEN"
    },
    {
        "id": 21,
        "location": {
            "bottom": 1164,
            "right": 968,
            "top": 1117,
            "left": 42
        },
        "type": "text",
        "isClick": false,
        "content": "N\u00daMEROS POSITIVOS PARA EL ATLAS EN EL ESTADIO AZUL"
    },
    {
        "id": 22,
        "location": {
            "bottom": 1237,
            "right": 114,
            "top": 1209,
            "left": 70
        },
        "type": "text",
        "isClick": false,
        "content": "1:23"
    },
    {
        "id": 23,
        "location": {
            "bottom": 1353,
            "right": 216,
            "top": 1352,
            "left": 215
        },
        "type": "text",
        "isClick": false,
        "content": "pepsi"
    },
    {
        "id": 24,
        "location": {
            "bottom": 1360,
            "right": 913,
            "top": 1328,
            "left": 750
        },
        "type": "text",
        "isClick": false,
        "content": "CHIVASTV"
    },
    {
        "id": 25,
        "location": {
            "bottom": 1354,
            "right": 1074,
            "top": 1331,
            "left": 953
        },
        "type": "text",
        "isClick": false,
        "content": "OMNILIFE"
    },
    {
        "id": 26,
        "location": {
            "bottom": 1470,
            "right": 311,
            "top": 1442,
            "left": 201
        },
        "type": "text",
        "isClick": false,
        "content": "TECATE"
    },
    {
        "id": 27,
        "location": {
            "bottom": 1466,
            "right": 437,
            "top": 1446,
            "left": 429
        },
        "type": "text",
        "isClick": false,
        "content": "\u0440"
    },
    {
        "id": 28,
        "location": {
            "bottom": 1471,
            "right": 880,
            "top": 1440,
            "left": 776
        },
        "type": "text",
        "isClick": false,
        "content": "TECATE"
    },
    {
        "id": 29,
        "location": {
            "bottom": 1473,
            "right": 1086,
            "top": 1437,
            "left": 1052
        },
        "type": "text",
        "isClick": false,
        "content": "S"
    },
    {
        "id": 30,
        "location": {
            "bottom": 1585,
            "right": 322,
            "top": 1554,
            "left": 222
        },
        "type": "text",
        "isClick": false,
        "content": "pepsi"
    },
    {
        "id": 31,
        "location": {
            "bottom": 1579,
            "right": 896,
            "top": 1555,
            "left": 761
        },
        "type": "text",
        "isClick": false,
        "content": "CHIVASTV"
    },
    {
        "id": 32,
        "location": {
            "bottom": 1579,
            "right": 1074,
            "top": 1557,
            "left": 952
        },
        "type": "text",
        "isClick": false,
        "content": "OMNILIFE"
    },
    {
        "id": 33,
        "location": {
            "bottom": 1664,
            "right": 180,
            "top": 1628,
            "left": 67
        },
        "type": "text",
        "isClick": false,
        "content": "RESUMEN"
    },
    {
        "id": 34,
        "location": {
            "bottom": 1714,
            "right": 411,
            "top": 1678,
            "left": 140
        },
        "type": "text",
        "isClick": false,
        "content": "Know your rights"
    },
    {
        "id": 35,
        "location": {
            "bottom": 1746,
            "right": 404,
            "top": 1707,
            "left": 139
        },
        "type": "text",
        "isClick": false,
        "content": "with the E - Verify"
    },
    {
        "id": 36,
        "location": {
            "bottom": 1785,
            "right": 495,
            "top": 1742,
            "left": 140
        },
        "type": "text",
        "isClick": false,
        "content": "Employee Rights Toolkit"
    },
    {
        "id": 37,
        "location": {
            "bottom": 1778,
            "right": 503,
            "top": 1757,
            "left": 495
        },
        "type": "text",
        "isClick": false,
        "content": "."
    },
    {
        "id": 38,
        "location": {
            "bottom": 1759,
            "right": 612,
            "top": 1709,
            "left": 557
        },
        "type": "text",
        "isClick": false,
        "content": "Leam"
    },
    {
        "id": 39,
        "location": {
            "bottom": 1759,
            "right": 715,
            "top": 1709,
            "left": 628
        },
        "type": "text",
        "isClick": false,
        "content": "more >"
    },
    {
        "id": 40,
        "location": {
            "bottom": 1762,
            "right": 936,
            "top": 1704,
            "left": 803
        },
        "type": "text",
        "isClick": false,
        "content": "Verify"
    }
]