[
    {
        "id": 0,
        "location": {
            "bottom": 65,
            "right": 451,
            "top": 49,
            "left": 363
        },
        "type": "text",
        "isClick": false,
        "content": "Walmart"
    },
    {
        "id": 1,
        "location": {
            "bottom": 93,
            "right": 121,
            "top": 75,
            "left": 70
        },
        "type": "text",
        "isClick": true,
        "content": "back"
    },
    {
        "id": 2,
        "location": {
            "bottom": 127,
            "right": 811,
            "top": 39,
            "left": 271
        },
        "type": "text",
        "isClick": false,
        "content": "Comecenter"
    },
    {
        "id": 3,
        "location": {
            "bottom": 270,
            "right": 231,
            "top": 248,
            "left": 31
        },
        "type": "text",
        "isClick": false,
        "content": "TERMS OF USE"
    },
    {
        "id": 4,
        "location": {
            "bottom": 325,
            "right": 1035,
            "top": 296,
            "left": 31
        },
        "type": "text",
        "isClick": false,
        "content": "YOUR USE OF WALMART GAMECENTER MAGAZINE ( COLLECTIVELY , ' WGC ' )"
    },
    {
        "id": 5,
        "location": {
            "bottom": 355,
            "right": 1024,
            "top": 334,
            "left": 33
        },
        "type": "text",
        "isClick": false,
        "content": "IS CONDITIONED UPON YOUR AGREEMENT TO ABIDE BY OUR TERMS AND"
    },
    {
        "id": 6,
        "location": {
            "bottom": 391,
            "right": 966,
            "top": 370,
            "left": 32
        },
        "type": "text",
        "isClick": false,
        "content": "CONDITIONS . PLEASE READ THESE TERMS AND CONDITIONS OF USE"
    },
    {
        "id": 7,
        "location": {
            "bottom": 427,
            "right": 476,
            "top": 406,
            "left": 32
        },
        "type": "text",
        "isClick": false,
        "content": "CAREFULLY BEFORE USING WGC :"
    },
    {
        "id": 8,
        "location": {
            "bottom": 505,
            "right": 1040,
            "top": 477,
            "left": 33
        },
        "type": "text",
        "isClick": false,
        "content": "By using WGC you represent your agreement to these terms of use . If you do"
    },
    {
        "id": 9,
        "location": {
            "bottom": 541,
            "right": 979,
            "top": 513,
            "left": 32
        },
        "type": "text",
        "isClick": false,
        "content": "not agree to these terms of use , please do not use WGC . We reserve the"
    },
    {
        "id": 10,
        "location": {
            "bottom": 577,
            "right": 1013,
            "top": 549,
            "left": 32
        },
        "type": "text",
        "isClick": false,
        "content": "right , at our discretion , to change , modify , add , or remove portions of these"
    },
    {
        "id": 11,
        "location": {
            "bottom": 613,
            "right": 963,
            "top": 585,
            "left": 30
        },
        "type": "text",
        "isClick": false,
        "content": "terms at any time . Your continued use of WGC following the posting of"
    },
    {
        "id": 12,
        "location": {
            "bottom": 649,
            "right": 961,
            "top": 621,
            "left": 31
        },
        "type": "text",
        "isClick": false,
        "content": "changes to these terms represents your acceptance to those changes ."
    },
    {
        "id": 13,
        "location": {
            "bottom": 715,
            "right": 553,
            "top": 694,
            "left": 32
        },
        "type": "text",
        "isClick": false,
        "content": "RESTRICTIONS ON USE OF MATERIALS"
    },
    {
        "id": 14,
        "location": {
            "bottom": 793,
            "right": 1023,
            "top": 765,
            "left": 31
        },
        "type": "text",
        "isClick": false,
        "content": "All materials contained in WGC are the copyrighted property of EGM Media ,"
    },
    {
        "id": 15,
        "location": {
            "bottom": 829,
            "right": 1030,
            "top": 801,
            "left": 32
        },
        "type": "text",
        "isClick": false,
        "content": "LLC . All trademarks , service marks , and trade names are proprietary to EGM"
    },
    {
        "id": 16,
        "location": {
            "bottom": 865,
            "right": 1008,
            "top": 837,
            "left": 32
        },
        "type": "text",
        "isClick": false,
        "content": "Media , LLC unless otherwise noted . The Walmart names and logos and all"
    },
    {
        "id": 17,
        "location": {
            "bottom": 901,
            "right": 950,
            "top": 873,
            "left": 32
        },
        "type": "text",
        "isClick": false,
        "content": "related product and service names , design marks and slogans are the"
    },
    {
        "id": 18,
        "location": {
            "bottom": 935,
            "right": 1027,
            "top": 909,
            "left": 30
        },
        "type": "text",
        "isClick": false,
        "content": "trademarks or service marks of Walmart Stores , Inc. All other marks are the"
    },
    {
        "id": 19,
        "location": {
            "bottom": 973,
            "right": 946,
            "top": 945,
            "left": 32
        },
        "type": "text",
        "isClick": false,
        "content": "property of their respective companies . No material from WGC or any"
    },
    {
        "id": 20,
        "location": {
            "bottom": 1011,
            "right": 420,
            "top": 976,
            "left": 33
        },
        "type": "text",
        "isClick": false,
        "content": "Internet site owned , operated ,"
    },
    {
        "id": 21,
        "location": {
            "bottom": 1011,
            "right": 1019,
            "top": 979,
            "left": 435
        },
        "type": "text",
        "isClick": false,
        "content": "licensed , or controlled by EGM Media , LLC or"
    },
    {
        "id": 22,
        "location": {
            "bottom": 1045,
            "right": 962,
            "top": 1017,
            "left": 32
        },
        "type": "text",
        "isClick": false,
        "content": "our affiliates , if any , may be copied , reproduced , republished , uploaded ,"
    },
    {
        "id": 23,
        "location": {
            "bottom": 1081,
            "right": 1040,
            "top": 1053,
            "left": 32
        },
        "type": "text",
        "isClick": false,
        "content": "posted , transmitted , or distributed in any way , except that you may download"
    },
    {
        "id": 24,
        "location": {
            "bottom": 1117,
            "right": 922,
            "top": 1089,
            "left": 32
        },
        "type": "text",
        "isClick": false,
        "content": "one copy of the materials on any single computer for your personal ,"
    },
    {
        "id": 25,
        "location": {
            "bottom": 1153,
            "right": 1038,
            "top": 1124,
            "left": 32
        },
        "type": "text",
        "isClick": false,
        "content": "noncommercial home use only , provided that ( i ) you keep intact all copyright"
    },
    {
        "id": 26,
        "location": {
            "bottom": 1189,
            "right": 911,
            "top": 1160,
            "left": 32
        },
        "type": "text",
        "isClick": false,
        "content": "and other proprietary notices , ( ii ) you make no modifications to the"
    },
    {
        "id": 27,
        "location": {
            "bottom": 1225,
            "right": 986,
            "top": 1196,
            "left": 32
        },
        "type": "text",
        "isClick": false,
        "content": "materials , ( iii ) you do not use the materials in a manner that suggests an"
    },
    {
        "id": 28,
        "location": {
            "bottom": 1261,
            "right": 1036,
            "top": 1232,
            "left": 32
        },
        "type": "text",
        "isClick": false,
        "content": "association with any of our products , services , or brands , and ( iv ) you do not"
    },
    {
        "id": 29,
        "location": {
            "bottom": 1297,
            "right": 995,
            "top": 1269,
            "left": 32
        },
        "type": "text",
        "isClick": false,
        "content": "download quantities of materials to a database that can be used to avoid"
    },
    {
        "id": 30,
        "location": {
            "bottom": 1333,
            "right": 1004,
            "top": 1305,
            "left": 31
        },
        "type": "text",
        "isClick": false,
        "content": "future downloads from EGM Media , LLC . For purposes of these terms , the"
    },
    {
        "id": 31,
        "location": {
            "bottom": 1369,
            "right": 1011,
            "top": 1341,
            "left": 32
        },
        "type": "text",
        "isClick": false,
        "content": "use of any such material on any other website or computer environment is"
    },
    {
        "id": 32,
        "location": {
            "bottom": 1405,
            "right": 169,
            "top": 1377,
            "left": 32
        },
        "type": "text",
        "isClick": false,
        "content": "prohibited ."
    },
    {
        "id": 33,
        "location": {
            "bottom": 1477,
            "right": 1035,
            "top": 1449,
            "left": 33
        },
        "type": "text",
        "isClick": false,
        "content": "In the event you download software from WGC , or via a link contained within"
    },
    {
        "id": 34,
        "location": {
            "bottom": 1513,
            "right": 1020,
            "top": 1485,
            "left": 31
        },
        "type": "text",
        "isClick": false,
        "content": "WGC , the software , including any files , images incorporated in or generated"
    },
    {
        "id": 35,
        "location": {
            "bottom": 1549,
            "right": 960,
            "top": 1520,
            "left": 32
        },
        "type": "text",
        "isClick": false,
        "content": "by the software , and data accompanying the software ( collectively , the"
    },
    {
        "id": 36,
        "location": {
            "bottom": 1585,
            "right": 921,
            "top": 1556,
            "left": 32
        },
        "type": "text",
        "isClick": false,
        "content": "Software ' ) are licensed to you by us or third - party licensors for your"
    },
    {
        "id": 37,
        "location": {
            "bottom": 1621,
            "right": 967,
            "top": 1593,
            "left": 32
        },
        "type": "text",
        "isClick": false,
        "content": "personal , noncommercial home use only . We do not transfer title to the"
    },
    {
        "id": 38,
        "location": {
            "bottom": 1657,
            "right": 998,
            "top": 1629,
            "left": 31
        },
        "type": "text",
        "isClick": false,
        "content": "Software to you . You own the medium on which the Software is recorded ,"
    },
    {
        "id": 39,
        "location": {
            "bottom": 1693,
            "right": 1035,
            "top": 1664,
            "left": 32
        },
        "type": "text",
        "isClick": false,
        "content": "but we ( or third - party licensors ) retain full and complete title to the Software"
    },
    {
        "id": 40,
        "location": {
            "bottom": 1732,
            "right": 1026,
            "top": 1700,
            "left": 32
        },
        "type": "text",
        "isClick": false,
        "content": "and all intellectual property rights therein . You may not redistribute , sell , de"
    },
    {
        "id": 41,
        "location": {
            "bottom": 1766,
            "right": 547,
            "top": 1737,
            "left": 31
        },
        "type": "text",
        "isClick": false,
        "content": "compile , reverse engineer , disassemble"
    },
    {
        "id": 42,
        "location": {
            "bottom": 1763,
            "right": 1035,
            "top": 1737,
            "left": 550
        },
        "type": "text",
        "isClick": false,
        "content": ", or otherwise reduce the Software to"
    },
    {
        "id": 43,
        "location": {
            "bottom": 1793,
            "right": 345,
            "top": 1773,
            "left": 32
        },
        "type": "text",
        "isClick": false,
        "content": "a human - readable form ."
    }
]