[
    {
        "location": {
            "left": 271,
            "top": 10,
            "bottom": 43,
            "right": 425
        },
        "type": "text",
        "id": 0,
        "isClick": false,
        "content": "IMMORTAL"
    },
    {
        "location": {
            "left": 274,
            "top": 39,
            "bottom": 68,
            "right": 424
        },
        "type": "text",
        "id": 1,
        "isClick": false,
        "content": "CONQUEST"
    },
    {
        "location": {
            "left": 974,
            "top": 33,
            "bottom": 103,
            "right": 1031
        },
        "type": "text",
        "id": 2,
        "isClick": true,
        "content": "X"
    },
    {
        "location": {
            "left": 231,
            "top": 905,
            "bottom": 969,
            "right": 519
        },
        "type": "text",
        "id": 3,
        "isClick": false,
        "content": "Immortal"
    },
    {
        "location": {
            "left": 544,
            "top": 909,
            "bottom": 981,
            "right": 851
        },
        "type": "text",
        "id": 4,
        "isClick": false,
        "content": "Conquest"
    },
    {
        "location": {
            "left": 551,
            "top": 1017,
            "bottom": 1070,
            "right": 693
        },
        "type": "text",
        "id": 5,
        "isClick": false,
        "content": "( 4,052 )"
    },
    {
        "location": {
            "left": 720,
            "top": 1018,
            "bottom": 1067,
            "right": 839
        },
        "type": "text",
        "id": 6,
        "isClick": false,
        "content": "FREE"
    },
    {
        "location": {
            "left": 472,
            "top": 1158,
            "bottom": 1200,
            "right": 668
        },
        "type": "text",
        "id": 7,
        "isClick": false,
        "content": "Google Play"
    },
    {
        "location": {
            "left": 325,
            "top": 1284,
            "bottom": 1329,
            "right": 459
        },
        "type": "text",
        "id": 8,
        "isClick": false,
        "content": "Defeat"
    },
    {
        "location": {
            "left": 474,
            "top": 1297,
            "bottom": 1334,
            "right": 564
        },
        "type": "text",
        "id": 9,
        "isClick": false,
        "content": "your"
    },
    {
        "location": {
            "left": 580,
            "top": 1288,
            "bottom": 1329,
            "right": 755
        },
        "type": "text",
        "id": 10,
        "isClick": false,
        "content": "enemies"
    },
    {
        "location": {
            "left": 194,
            "top": 1366,
            "bottom": 1409,
            "right": 286
        },
        "type": "text",
        "id": 11,
        "isClick": false,
        "content": "Lead"
    },
    {
        "location": {
            "left": 303,
            "top": 1369,
            "bottom": 1414,
            "right": 535
        },
        "type": "text",
        "id": 12,
        "isClick": false,
        "content": "your troops"
    },
    {
        "location": {
            "left": 551,
            "top": 1370,
            "bottom": 1409,
            "right": 589
        },
        "type": "text",
        "id": 13,
        "isClick": false,
        "content": "to"
    },
    {
        "location": {
            "left": 607,
            "top": 1365,
            "bottom": 1409,
            "right": 708
        },
        "type": "text",
        "id": 14,
        "isClick": false,
        "content": "build ,"
    },
    {
        "location": {
            "left": 727,
            "top": 1361,
            "bottom": 1407,
            "right": 798
        },
        "type": "text",
        "id": 15,
        "isClick": false,
        "content": "rule"
    },
    {
        "location": {
            "left": 814,
            "top": 1365,
            "bottom": 1409,
            "right": 885
        },
        "type": "text",
        "id": 16,
        "isClick": false,
        "content": "and"
    },
    {
        "location": {
            "left": 254,
            "top": 1436,
            "bottom": 1479,
            "right": 375
        },
        "type": "text",
        "id": 17,
        "isClick": false,
        "content": "crush !"
    },
    {
        "location": {
            "left": 394,
            "top": 1437,
            "bottom": 1486,
            "right": 569
        },
        "type": "text",
        "id": 18,
        "isClick": false,
        "content": "Ready to"
    },
    {
        "location": {
            "left": 586,
            "top": 1436,
            "bottom": 1480,
            "right": 631
        },
        "type": "text",
        "id": 19,
        "isClick": false,
        "content": "be"
    },
    {
        "location": {
            "left": 646,
            "top": 1433,
            "bottom": 1480,
            "right": 707
        },
        "type": "text",
        "id": 20,
        "isClick": false,
        "content": "the"
    },
    {
        "location": {
            "left": 726,
            "top": 1433,
            "bottom": 1487,
            "right": 827
        },
        "type": "text",
        "id": 21,
        "isClick": false,
        "content": "king ?"
    },
    {
        "location": {
            "left": 400,
            "top": 1598,
            "bottom": 1655,
            "right": 682
        },
        "type": "text",
        "id": 22,
        "isClick": false,
        "content": "INSTALL"
    },
    {
        "location": {
            "left": 13,
            "top": 1771,
            "bottom": 1776,
            "right": 33
        },
        "type": "text",
        "id": 23,
        "isClick": false,
        "content": "A"
    }
]