[
    {
        "location": {
            "left": 94,
            "top": 14,
            "bottom": 53,
            "right": 127
        },
        "type": "text",
        "id": 0,
        "isClick": false,
        "content": "f"
    },
    {
        "location": {
            "left": 156,
            "top": 14,
            "bottom": 51,
            "right": 189
        },
        "type": "text",
        "id": 1,
        "isClick": false,
        "content": "f"
    },
    {
        "location": {
            "left": 220,
            "top": 14,
            "bottom": 51,
            "right": 253
        },
        "type": "text",
        "id": 2,
        "isClick": false,
        "content": "f"
    },
    {
        "location": {
            "left": 282,
            "top": 14,
            "bottom": 51,
            "right": 315
        },
        "type": "text",
        "id": 3,
        "isClick": false,
        "content": "f"
    },
    {
        "location": {
            "left": 346,
            "top": 14,
            "bottom": 51,
            "right": 379
        },
        "type": "text",
        "id": 4,
        "isClick": false,
        "content": "f"
    },
    {
        "location": {
            "left": 408,
            "top": 12,
            "bottom": 50,
            "right": 441
        },
        "type": "text",
        "id": 5,
        "isClick": false,
        "content": "f"
    },
    {
        "location": {
            "left": 472,
            "top": 14,
            "bottom": 51,
            "right": 505
        },
        "type": "text",
        "id": 6,
        "isClick": false,
        "content": "f"
    },
    {
        "location": {
            "left": 534,
            "top": 14,
            "bottom": 50,
            "right": 567
        },
        "type": "text",
        "id": 7,
        "isClick": false,
        "content": "f"
    },
    {
        "location": {
            "left": 598,
            "top": 14,
            "bottom": 53,
            "right": 631
        },
        "type": "text",
        "id": 8,
        "isClick": false,
        "content": "f"
    },
    {
        "location": {
            "left": 666,
            "top": 10,
            "bottom": 53,
            "right": 687
        },
        "type": "text",
        "id": 9,
        "isClick": false,
        "content": "1"
    },
    {
        "location": {
            "left": 758,
            "top": 13,
            "bottom": 48,
            "right": 783
        },
        "type": "text",
        "id": 10,
        "isClick": false,
        "content": "4"
    },
    {
        "location": {
            "left": 921,
            "top": 12,
            "bottom": 48,
            "right": 944
        },
        "type": "text",
        "id": 11,
        "isClick": false,
        "content": "$"
    },
    {
        "location": {
            "left": 968,
            "top": 18,
            "bottom": 48,
            "right": 1056
        },
        "type": "text",
        "id": 12,
        "isClick": false,
        "content": "11:03"
    },
    {
        "location": {
            "left": 129,
            "top": 105,
            "bottom": 147,
            "right": 254
        },
        "type": "text",
        "id": 13,
        "isClick": false,
        "content": "Select"
    },
    {
        "location": {
            "left": 270,
            "top": 107,
            "bottom": 157,
            "right": 387
        },
        "type": "text",
        "id": 14,
        "isClick": false,
        "content": "photo"
    },
    {
        "location": {
            "left": 941,
            "top": 113,
            "bottom": 139,
            "right": 1057
        },
        "type": "text",
        "id": 15,
        "isClick": false,
        "content": "CANCEL"
    },
    {
        "location": {
            "left": 12,
            "top": 277,
            "bottom": 290,
            "right": 64
        },
        "type": "text",
        "id": 16,
        "isClick": false,
        "content": "or your PC"
    },
    {
        "location": {
            "left": -4,
            "top": 303,
            "bottom": 320,
            "right": 84
        },
        "type": "text",
        "id": 17,
        "isClick": false,
        "content": "mentaire pour"
    },
    {
        "location": {
            "left": 165,
            "top": 280,
            "bottom": 299,
            "right": 300
        },
        "type": "text",
        "id": 18,
        "isClick": false,
        "content": "Dodatkowe urz\u0105dzenie"
    },
    {
        "location": {
            "left": 306,
            "top": 283,
            "bottom": 299,
            "right": 393
        },
        "type": "text",
        "id": 19,
        "isClick": false,
        "content": "przechowuj\u0105ce"
    },
    {
        "location": {
            "left": 166,
            "top": 297,
            "bottom": 308,
            "right": 195
        },
        "type": "text",
        "id": 20,
        "isClick": false,
        "content": "dane"
    },
    {
        "location": {
            "left": 166,
            "top": 325,
            "bottom": 340,
            "right": 269
        },
        "type": "text",
        "id": 21,
        "isClick": false,
        "content": "\u0414\u043e\u043f\u043e\u043b\u043d\u0438\u0442\u0435\u043b\u044c\u043d\u043e\u0435"
    },
    {
        "location": {
            "left": 271,
            "top": 331,
            "bottom": 344,
            "right": 364
        },
        "type": "text",
        "id": 22,
        "isClick": false,
        "content": "\u0445\u0440\u0430\u043d\u0438\u043b\u0438\u0449\u0435 \u0434\u043b\u044f"
    },
    {
        "location": {
            "left": 367,
            "top": 329,
            "bottom": 342,
            "right": 383
        },
        "type": "text",
        "id": 23,
        "isClick": false,
        "content": "\u043f\u043a"
    },
    {
        "location": {
            "left": 169,
            "top": 353,
            "bottom": 372,
            "right": 340
        },
        "type": "text",
        "id": 24,
        "isClick": false,
        "content": "Armazenamento suplementar"
    },
    {
        "location": {
            "left": 345,
            "top": 360,
            "bottom": 371,
            "right": 367
        },
        "type": "text",
        "id": 25,
        "isClick": false,
        "content": "para"
    },
    {
        "location": {
            "left": -4,
            "top": 346,
            "bottom": 361,
            "right": 68
        },
        "type": "text",
        "id": 26,
        "isClick": false,
        "content": "uhren PC"
    },
    {
        "location": {
            "left": -5,
            "top": 374,
            "bottom": 389,
            "right": 7
        },
        "type": "text",
        "id": 27,
        "isClick": false,
        "content": "o"
    },
    {
        "location": {
            "left": 11,
            "top": 377,
            "bottom": 390,
            "right": 91
        },
        "type": "text",
        "id": 28,
        "isClick": false,
        "content": "adicional para"
    },
    {
        "location": {
            "left": 140,
            "top": 395,
            "bottom": 407,
            "right": 165
        },
        "type": "text",
        "id": 29,
        "isClick": false,
        "content": "om"
    },
    {
        "location": {
            "left": 230,
            "top": 392,
            "bottom": 409,
            "right": 240
        },
        "type": "text",
        "id": 30,
        "isClick": false,
        "content": "de"
    },
    {
        "location": {
            "left": 337,
            "top": 400,
            "bottom": 413,
            "right": 391
        },
        "type": "text",
        "id": 31,
        "isClick": false,
        "content": "o seu PC"
    },
    {
        "location": {
            "left": 327,
            "top": 416,
            "bottom": 429,
            "right": 366
        },
        "type": "text",
        "id": 32,
        "isClick": false,
        "content": "ir para"
    },
    {
        "location": {
            "left": -4,
            "top": 416,
            "bottom": 431,
            "right": 52
        },
        "type": "text",
        "id": 33,
        "isClick": false,
        "content": "por uw pc"
    },
    {
        "location": {
            "left": -5,
            "top": 439,
            "bottom": 458,
            "right": 44
        },
        "type": "text",
        "id": 34,
        "isClick": false,
        "content": "memoria"
    },
    {
        "location": {
            "left": 48,
            "top": 446,
            "bottom": 458,
            "right": 106
        },
        "type": "text",
        "id": 35,
        "isClick": false,
        "content": "aggiuntive"
    },
    {
        "location": {
            "left": -5,
            "top": 479,
            "bottom": 497,
            "right": 21
        },
        "type": "text",
        "id": 36,
        "isClick": false,
        "content": "\u03c1\u03bf\u03c2"
    },
    {
        "location": {
            "left": 22,
            "top": 483,
            "bottom": 497,
            "right": 97
        },
        "type": "text",
        "id": 37,
        "isClick": false,
        "content": "\u03b1\u03c0\u03bf\u03b8\u03ae\u03ba\u03b5\u03c5\u03c3\u03b7\u03c2"
    },
    {
        "location": {
            "left": -3,
            "top": 495,
            "bottom": 512,
            "right": 49
        },
        "type": "text",
        "id": 38,
        "isClick": false,
        "content": "om ook"
    },
    {
        "location": {
            "left": 48,
            "top": 524,
            "bottom": 534,
            "right": 112
        },
        "type": "text",
        "id": 39,
        "isClick": false,
        "content": "kutrymme till din dator"
    },
    {
        "location": {
            "left": 149,
            "top": 500,
            "bottom": 514,
            "right": 284
        },
        "type": "text",
        "id": 40,
        "isClick": false,
        "content": "EB PC \ucd94\uac00 \uc2a4\ud1a0\ub9ac\uc9c0"
    },
    {
        "location": {
            "left": 150,
            "top": 524,
            "bottom": 538,
            "right": 309
        },
        "type": "text",
        "id": 41,
        "isClick": false,
        "content": "BPC \u7528 \u30a2\u30c9\u30aa\u30f3 \u30b9\u30c8\u30ec\u30fc\u30b8"
    },
    {
        "location": {
            "left": 759,
            "top": 462,
            "bottom": 485,
            "right": 811
        },
        "type": "text",
        "id": 42,
        "isClick": false,
        "content": "ABP"
    },
    {
        "location": {
            "left": 747,
            "top": 504,
            "bottom": 533,
            "right": 823
        },
        "type": "text",
        "id": 43,
        "isClick": false,
        "content": "LIVE"
    },
    {
        "location": {
            "left": 73,
            "top": 666,
            "bottom": 696,
            "right": 177
        },
        "type": "text",
        "id": 44,
        "isClick": false,
        "content": "Camera"
    },
    {
        "location": {
            "left": 459,
            "top": 671,
            "bottom": 689,
            "right": 469
        },
        "type": "text",
        "id": 45,
        "isClick": false,
        "content": "7"
    },
    {
        "location": {
            "left": 600,
            "top": 665,
            "bottom": 694,
            "right": 727
        },
        "type": "text",
        "id": 46,
        "isClick": false,
        "content": "Welcome"
    },
    {
        "location": {
            "left": 987,
            "top": 672,
            "bottom": 688,
            "right": 993
        },
        "type": "text",
        "id": 47,
        "isClick": false,
        "content": "1"
    },
    {
        "location": {
            "left": 1058,
            "top": 820,
            "bottom": 838,
            "right": 1081
        },
        "type": "text",
        "id": 48,
        "isClick": false,
        "content": "or"
    },
    {
        "location": {
            "left": 178,
            "top": 856,
            "bottom": 875,
            "right": 341
        },
        "type": "text",
        "id": 49,
        "isClick": false,
        "content": "REVOLUTION"
    },
    {
        "location": {
            "left": 179,
            "top": 872,
            "bottom": 887,
            "right": 342
        },
        "type": "text",
        "id": 50,
        "isClick": false,
        "content": "MATEUR REVOLUTION LONDON"
    },
    {
        "location": {
            "left": 277,
            "top": 961,
            "bottom": 971,
            "right": 309
        },
        "type": "text",
        "id": 51,
        "isClick": false,
        "content": "LUTKE"
    },
    {
        "location": {
            "left": 74,
            "top": 1193,
            "bottom": 1224,
            "right": 209
        },
        "type": "text",
        "id": 52,
        "isClick": false,
        "content": "Download"
    },
    {
        "location": {
            "left": 459,
            "top": 1200,
            "bottom": 1217,
            "right": 469
        },
        "type": "text",
        "id": 53,
        "isClick": false,
        "content": "6"
    },
    {
        "location": {
            "left": 603,
            "top": 1193,
            "bottom": 1229,
            "right": 792
        },
        "type": "text",
        "id": 54,
        "isClick": false,
        "content": "NASA - Images"
    },
    {
        "location": {
            "left": 165,
            "top": 1281,
            "bottom": 1321,
            "right": 437
        },
        "type": "text",
        "id": 55,
        "isClick": false,
        "content": "NCLEX Mastery"
    },
    {
        "location": {
            "left": 827,
            "top": 1340,
            "bottom": 1387,
            "right": 1012
        },
        "type": "text",
        "id": 56,
        "isClick": false,
        "content": "AMAZING"
    },
    {
        "location": {
            "left": 233,
            "top": 1412,
            "bottom": 1445,
            "right": 274
        },
        "type": "text",
        "id": 57,
        "isClick": false,
        "content": "Mni"
    },
    {
        "location": {
            "left": 55,
            "top": 1488,
            "bottom": 1504,
            "right": 131
        },
        "type": "text",
        "id": 58,
        "isClick": false,
        "content": "Questions"
    },
    {
        "location": {
            "left": 210,
            "top": 1488,
            "bottom": 1505,
            "right": 299
        },
        "type": "text",
        "id": 59,
        "isClick": false,
        "content": "Mnemonics"
    },
    {
        "location": {
            "left": 369,
            "top": 1488,
            "bottom": 1506,
            "right": 463
        },
        "type": "text",
        "id": 60,
        "isClick": false,
        "content": "Terminology"
    },
    {
        "location": {
            "left": 400,
            "top": 1595,
            "bottom": 1637,
            "right": 434
        },
        "type": "text",
        "id": 61,
        "isClick": false,
        "content": "3"
    },
    {
        "location": {
            "left": 46,
            "top": 1676,
            "bottom": 1695,
            "right": 140
        },
        "type": "text",
        "id": 62,
        "isClick": false,
        "content": "My Progress"
    },
    {
        "location": {
            "left": 234,
            "top": 1677,
            "bottom": 1692,
            "right": 275
        },
        "type": "text",
        "id": 63,
        "isClick": false,
        "content": "Tests"
    },
    {
        "location": {
            "left": 377,
            "top": 1677,
            "bottom": 1692,
            "right": 456
        },
        "type": "text",
        "id": 64,
        "isClick": false,
        "content": "Resources"
    },
    {
        "location": {
            "left": 73,
            "top": 1724,
            "bottom": 1751,
            "right": 86
        },
        "type": "text",
        "id": 65,
        "isClick": false,
        "content": "0"
    },
    {
        "location": {
            "left": 459,
            "top": 1729,
            "bottom": 1745,
            "right": 469
        },
        "type": "text",
        "id": 66,
        "isClick": false,
        "content": "6"
    },
    {
        "location": {
            "left": 603,
            "top": 1724,
            "bottom": 1754,
            "right": 686
        },
        "type": "text",
        "id": 67,
        "isClick": false,
        "content": "FaceQ"
    },
    {
        "location": {
            "left": 987,
            "top": 1728,
            "bottom": 1746,
            "right": 998
        },
        "type": "text",
        "id": 68,
        "isClick": false,
        "content": "2"
    }
]