[
    {
        "location": {
            "left": 94,
            "top": 14,
            "bottom": 53,
            "right": 127
        },
        "type": "text",
        "id": 0,
        "isClick": false,
        "content": "f"
    },
    {
        "location": {
            "left": 156,
            "top": 14,
            "bottom": 51,
            "right": 189
        },
        "type": "text",
        "id": 1,
        "isClick": false,
        "content": "f"
    },
    {
        "location": {
            "left": 220,
            "top": 14,
            "bottom": 51,
            "right": 253
        },
        "type": "text",
        "id": 2,
        "isClick": false,
        "content": "f"
    },
    {
        "location": {
            "left": 282,
            "top": 14,
            "bottom": 51,
            "right": 315
        },
        "type": "text",
        "id": 3,
        "isClick": false,
        "content": "f"
    },
    {
        "location": {
            "left": 346,
            "top": 14,
            "bottom": 51,
            "right": 379
        },
        "type": "text",
        "id": 4,
        "isClick": false,
        "content": "f"
    },
    {
        "location": {
            "left": 408,
            "top": 12,
            "bottom": 50,
            "right": 441
        },
        "type": "text",
        "id": 5,
        "isClick": false,
        "content": "f"
    },
    {
        "location": {
            "left": 472,
            "top": 14,
            "bottom": 51,
            "right": 505
        },
        "type": "text",
        "id": 6,
        "isClick": false,
        "content": "f"
    },
    {
        "location": {
            "left": 534,
            "top": 14,
            "bottom": 50,
            "right": 567
        },
        "type": "text",
        "id": 7,
        "isClick": false,
        "content": "f"
    },
    {
        "location": {
            "left": 598,
            "top": 14,
            "bottom": 53,
            "right": 631
        },
        "type": "text",
        "id": 8,
        "isClick": false,
        "content": "f"
    },
    {
        "location": {
            "left": 666,
            "top": 10,
            "bottom": 53,
            "right": 687
        },
        "type": "text",
        "id": 9,
        "isClick": false,
        "content": "1"
    },
    {
        "location": {
            "left": 758,
            "top": 13,
            "bottom": 48,
            "right": 783
        },
        "type": "text",
        "id": 10,
        "isClick": false,
        "content": "4"
    },
    {
        "location": {
            "left": 921,
            "top": 12,
            "bottom": 48,
            "right": 944
        },
        "type": "text",
        "id": 11,
        "isClick": false,
        "content": "$"
    },
    {
        "location": {
            "left": 968,
            "top": 18,
            "bottom": 48,
            "right": 1056
        },
        "type": "text",
        "id": 12,
        "isClick": false,
        "content": "11:03"
    },
    {
        "location": {
            "left": 941,
            "top": 113,
            "bottom": 140,
            "right": 1057
        },
        "type": "text",
        "id": 13,
        "isClick": false,
        "content": "CANCEL"
    },
    {
        "location": {
            "left": 572,
            "top": 649,
            "bottom": 687,
            "right": 715
        },
        "type": "text",
        "id": 14,
        "isClick": false,
        "content": "AMAZING"
    },
    {
        "location": {
            "left": 430,
            "top": 717,
            "bottom": 879,
            "right": 632
        },
        "type": "text",
        "id": 15,
        "isClick": true,
        "content": "bro"
    },
    {
        "location": {
            "left": 572,
            "top": 1056,
            "bottom": 1093,
            "right": 714
        },
        "type": "text",
        "id": 16,
        "isClick": false,
        "content": "AMAZING"
    }
]