[
    {
        "location": {
            "left": 377,
            "top": 49,
            "bottom": 87,
            "right": 561
        },
        "type": "text",
        "id": 0,
        "isClick": false,
        "content": "Pregnancy"
    },
    {
        "location": {
            "left": 577,
            "top": 49,
            "bottom": 87,
            "right": 701
        },
        "type": "text",
        "id": 1,
        "isClick": false,
        "content": "Widget"
    },
    {
        "location": {
            "left": 397,
            "top": 481,
            "bottom": 527,
            "right": 571
        },
        "type": "text",
        "id": 2,
        "isClick": false,
        "content": "Register"
    },
    {
        "location": {
            "left": 587,
            "top": 480,
            "bottom": 527,
            "right": 685
        },
        "type": "text",
        "id": 3,
        "isClick": false,
        "content": "baby"
    },
    {
        "location": {
            "left": 476,
            "top": 850,
            "bottom": 884,
            "right": 599
        },
        "type": "text",
        "id": 4,
        "isClick": false,
        "content": "Picture"
    },
    {
        "location": {
            "left": 148,
            "top": 1008,
            "bottom": 1036,
            "right": 242
        },
        "type": "text",
        "id": 5,
        "isClick": false,
        "content": "Name"
    },
    {
        "location": {
            "left": 578,
            "top": 1002,
            "bottom": 1037,
            "right": 679
        },
        "type": "text",
        "id": 6,
        "isClick": false,
        "content": "John"
    },
    {
        "location": {
            "left": 698,
            "top": 1001,
            "bottom": 1037,
            "right": 813
        },
        "type": "text",
        "id": 7,
        "isClick": false,
        "content": "Smith"
    },
    {
        "location": {
            "left": 149,
            "top": 1137,
            "bottom": 1169,
            "right": 307
        },
        "type": "text",
        "id": 8,
        "isClick": false,
        "content": "Base date"
    },
    {
        "location": {
            "left": 485,
            "top": 1137,
            "bottom": 1169,
            "right": 910
        },
        "type": "text",
        "id": 9,
        "isClick": false,
        "content": "Final date of menstruation"
    },
    {
        "location": {
            "left": 148,
            "top": 1245,
            "bottom": 1278,
            "right": 350
        },
        "type": "text",
        "id": 10,
        "isClick": false,
        "content": "Final date of"
    },
    {
        "location": {
            "left": 147,
            "top": 1289,
            "bottom": 1320,
            "right": 363
        },
        "type": "text",
        "id": 11,
        "isClick": false,
        "content": "menstruation"
    },
    {
        "location": {
            "left": 586,
            "top": 1249,
            "bottom": 1315,
            "right": 807
        },
        "type": "text",
        "id": 12,
        "isClick": false,
        "content": "2017/3/10"
    },
    {
        "location": {
            "left": 15,
            "top": 1701,
            "bottom": 1751,
            "right": 105
        },
        "type": "text",
        "id": 13,
        "isClick": false,
        "content": "MS"
    },
    {
        "location": {
            "left": 124,
            "top": 1697,
            "bottom": 1752,
            "right": 227
        },
        "type": "text",
        "id": 14,
        "isClick": false,
        "content": "and"
    },
    {
        "location": {
            "left": 243,
            "top": 1702,
            "bottom": 1767,
            "right": 537
        },
        "type": "text",
        "id": 15,
        "isClick": false,
        "content": "Pregnancy"
    },
    {
        "location": {
            "left": 545,
            "top": 1691,
            "bottom": 1774,
            "right": 658
        },
        "type": "text",
        "id": 16,
        "isClick": false,
        "content": "\u2192"
    },
    {
        "location": {
            "left": 1039,
            "top": 1671,
            "bottom": 1694,
            "right": 1064
        },
        "type": "text",
        "id": 17,
        "isClick": false,
        "content": ".X \u0425"
    },
    {
        "location": {
            "left": 722,
            "top": 1685,
            "bottom": 1723,
            "right": 825
        },
        "type": "text",
        "id": 18,
        "isClick": false,
        "content": "What"
    },
    {
        "location": {
            "left": 835,
            "top": 1697,
            "bottom": 1723,
            "right": 960
        },
        "type": "text",
        "id": 19,
        "isClick": false,
        "content": "causes"
    },
    {
        "location": {
            "left": 972,
            "top": 1680,
            "bottom": 1741,
            "right": 1074
        },
        "type": "text",
        "id": 20,
        "isClick": false,
        "content": "MSD"
    },
    {
        "location": {
            "left": 752,
            "top": 1739,
            "bottom": 1770,
            "right": 1022
        },
        "type": "text",
        "id": 21,
        "isClick": false,
        "content": "YourCare Everywhere"
    },
    {
        "location": {
            "left": 515,
            "top": 1833,
            "bottom": 1882,
            "right": 562
        },
        "type": "text",
        "id": 22,
        "isClick": false,
        "content": "O"
    }
]