[
    {
        "location": {
            "left": 30,
            "top": 30,
            "bottom": 76,
            "right": 73
        },
        "type": "text",
        "id": 0,
        "isClick": false,
        "content": "C"
    },
    {
        "location": {
            "left": 354,
            "top": 35,
            "bottom": 72,
            "right": 592
        },
        "type": "text",
        "id": 1,
        "isClick": false,
        "content": "Contraction"
    },
    {
        "location": {
            "left": 609,
            "top": 35,
            "bottom": 72,
            "right": 729
        },
        "type": "text",
        "id": 2,
        "isClick": false,
        "content": "Timer"
    },
    {
        "location": {
            "left": 194,
            "top": 129,
            "bottom": 167,
            "right": 343
        },
        "type": "text",
        "id": 3,
        "isClick": false,
        "content": "Currently"
    },
    {
        "location": {
            "left": 752,
            "top": 131,
            "bottom": 165,
            "right": 869
        },
        "type": "text",
        "id": 4,
        "isClick": false,
        "content": "History"
    },
    {
        "location": {
            "left": 968,
            "top": 222,
            "bottom": 251,
            "right": 1005
        },
        "type": "text",
        "id": 5,
        "isClick": false,
        "content": "All"
    },
    {
        "location": {
            "left": 28,
            "top": 330,
            "bottom": 366,
            "right": 147
        },
        "type": "text",
        "id": 6,
        "isClick": false,
        "content": "1cycles"
    },
    {
        "location": {
            "left": 169,
            "top": 329,
            "bottom": 361,
            "right": 297
        },
        "type": "text",
        "id": 7,
        "isClick": false,
        "content": "2017.3 ."
    },
    {
        "location": {
            "left": 314,
            "top": 329,
            "bottom": 360,
            "right": 350
        },
        "type": "text",
        "id": 8,
        "isClick": false,
        "content": "29"
    },
    {
        "location": {
            "left": 365,
            "top": 329,
            "bottom": 361,
            "right": 429
        },
        "type": "text",
        "id": 9,
        "isClick": false,
        "content": "23 : 5"
    },
    {
        "location": {
            "left": 28,
            "top": 407,
            "bottom": 437,
            "right": 101
        },
        "type": "text",
        "id": 10,
        "isClick": false,
        "content": "Cont"
    },
    {
        "location": {
            "left": 123,
            "top": 407,
            "bottom": 437,
            "right": 264
        },
        "type": "text",
        "id": 11,
        "isClick": false,
        "content": "00:00:04"
    },
    {
        "location": {
            "left": 459,
            "top": 1338,
            "bottom": 1368,
            "right": 622
        },
        "type": "text",
        "id": 12,
        "isClick": false,
        "content": "Rest Time"
    },
    {
        "location": {
            "left": 288,
            "top": 1416,
            "bottom": 1494,
            "right": 791
        },
        "type": "text",
        "id": 13,
        "isClick": false,
        "content": "00 : 00 : 22.5"
    },
    {
        "location": {
            "left": 351,
            "top": 1579,
            "bottom": 1613,
            "right": 728
        },
        "type": "text",
        "id": 14,
        "isClick": true,
        "content": "CONTRACTION START"
    },
    {
        "location": {
            "left": 15,
            "top": 1701,
            "bottom": 1752,
            "right": 105
        },
        "type": "text",
        "id": 15,
        "isClick": false,
        "content": "MS"
    },
    {
        "location": {
            "left": 123,
            "top": 1696,
            "bottom": 1753,
            "right": 227
        },
        "type": "text",
        "id": 16,
        "isClick": false,
        "content": "and"
    },
    {
        "location": {
            "left": 243,
            "top": 1701,
            "bottom": 1768,
            "right": 537
        },
        "type": "text",
        "id": 17,
        "isClick": false,
        "content": "Pregnancy"
    },
    {
        "location": {
            "left": 545,
            "top": 1691,
            "bottom": 1774,
            "right": 658
        },
        "type": "text",
        "id": 18,
        "isClick": false,
        "content": "\u2192"
    },
    {
        "location": {
            "left": 1040,
            "top": 1670,
            "bottom": 1694,
            "right": 1066
        },
        "type": "text",
        "id": 19,
        "isClick": false,
        "content": ".X \u0425"
    },
    {
        "location": {
            "left": 723,
            "top": 1684,
            "bottom": 1724,
            "right": 1053
        },
        "type": "text",
        "id": 20,
        "isClick": false,
        "content": "What causes MS :"
    },
    {
        "location": {
            "left": 750,
            "top": 1738,
            "bottom": 1771,
            "right": 1022
        },
        "type": "text",
        "id": 21,
        "isClick": false,
        "content": "YourCare Everywhere"
    }
]