[
    {
        "location": {
            "left": 378,
            "top": 49,
            "bottom": 88,
            "right": 561
        },
        "type": "text",
        "id": 0,
        "isClick": false,
        "content": "Pregnancy"
    },
    {
        "location": {
            "left": 577,
            "top": 48,
            "bottom": 87,
            "right": 701
        },
        "type": "text",
        "id": 1,
        "isClick": false,
        "content": "Widget"
    },
    {
        "location": {
            "left": 27,
            "top": 753,
            "bottom": 799,
            "right": 152
        },
        "type": "text",
        "id": 2,
        "isClick": false,
        "content": "John"
    },
    {
        "location": {
            "left": 172,
            "top": 753,
            "bottom": 799,
            "right": 319
        },
        "type": "text",
        "id": 3,
        "isClick": false,
        "content": "Smith"
    },
    {
        "location": {
            "left": 751,
            "top": 768,
            "bottom": 806,
            "right": 1049
        },
        "type": "text",
        "id": 4,
        "isClick": false,
        "content": "261 days remained"
    },
    {
        "location": {
            "left": 30,
            "top": 850,
            "bottom": 896,
            "right": 158
        },
        "type": "text",
        "id": 5,
        "isClick": false,
        "content": "19days"
    },
    {
        "location": {
            "left": 174,
            "top": 852,
            "bottom": 896,
            "right": 324
        },
        "type": "text",
        "id": 6,
        "isClick": false,
        "content": "passing ,"
    },
    {
        "location": {
            "left": 382,
            "top": 849,
            "bottom": 895,
            "right": 488
        },
        "type": "text",
        "id": 7,
        "isClick": false,
        "content": "5days"
    },
    {
        "location": {
            "left": 503,
            "top": 852,
            "bottom": 889,
            "right": 641
        },
        "type": "text",
        "id": 8,
        "isClick": false,
        "content": "2weeks"
    },
    {
        "location": {
            "left": 657,
            "top": 849,
            "bottom": 896,
            "right": 797
        },
        "type": "text",
        "id": 9,
        "isClick": false,
        "content": "passing"
    },
    {
        "location": {
            "left": 29,
            "top": 935,
            "bottom": 969,
            "right": 189
        },
        "type": "text",
        "id": 10,
        "isClick": false,
        "content": "1months"
    },
    {
        "location": {
            "left": 205,
            "top": 936,
            "bottom": 976,
            "right": 347
        },
        "type": "text",
        "id": 11,
        "isClick": false,
        "content": "passing"
    },
    {
        "location": {
            "left": 746,
            "top": 1049,
            "bottom": 1080,
            "right": 802
        },
        "type": "text",
        "id": 12,
        "isClick": false,
        "content": "75 %"
    },
    {
        "location": {
            "left": 69,
            "top": 1234,
            "bottom": 1253,
            "right": 105
        },
        "type": "text",
        "id": 13,
        "isClick": false,
        "content": "D - 2"
    },
    {
        "location": {
            "left": 919,
            "top": 1233,
            "bottom": 1254,
            "right": 1010
        },
        "type": "text",
        "id": 14,
        "isClick": false,
        "content": "3 Weeks"
    },
    {
        "location": {
            "left": 29,
            "top": 1344,
            "bottom": 1391,
            "right": 245
        },
        "type": "text",
        "id": 15,
        "isClick": false,
        "content": "Pregnancy"
    },
    {
        "location": {
            "left": 797,
            "top": 1344,
            "bottom": 1382,
            "right": 907
        },
        "type": "text",
        "id": 16,
        "isClick": false,
        "content": "2017."
    },
    {
        "location": {
            "left": 927,
            "top": 1344,
            "bottom": 1381,
            "right": 984
        },
        "type": "text",
        "id": 17,
        "isClick": false,
        "content": "03."
    },
    {
        "location": {
            "left": 1005,
            "top": 1344,
            "bottom": 1381,
            "right": 1050
        },
        "type": "text",
        "id": 18,
        "isClick": false,
        "content": "10"
    },
    {
        "location": {
            "left": 30,
            "top": 1505,
            "bottom": 1542,
            "right": 189
        },
        "type": "text",
        "id": 19,
        "isClick": false,
        "content": "1 Weeks"
    },
    {
        "location": {
            "left": 796,
            "top": 1507,
            "bottom": 1543,
            "right": 907
        },
        "type": "text",
        "id": 20,
        "isClick": false,
        "content": "2017."
    },
    {
        "location": {
            "left": 926,
            "top": 1506,
            "bottom": 1543,
            "right": 985
        },
        "type": "text",
        "id": 21,
        "isClick": false,
        "content": "03."
    },
    {
        "location": {
            "left": 1006,
            "top": 1506,
            "bottom": 1543,
            "right": 1051
        },
        "type": "text",
        "id": 22,
        "isClick": false,
        "content": "17"
    },
    {
        "location": {
            "left": 13,
            "top": 1701,
            "bottom": 1752,
            "right": 105
        },
        "type": "text",
        "id": 23,
        "isClick": false,
        "content": "MS"
    },
    {
        "location": {
            "left": 123,
            "top": 1696,
            "bottom": 1753,
            "right": 225
        },
        "type": "text",
        "id": 24,
        "isClick": false,
        "content": "and"
    },
    {
        "location": {
            "left": 242,
            "top": 1701,
            "bottom": 1768,
            "right": 539
        },
        "type": "text",
        "id": 25,
        "isClick": false,
        "content": "Pregnancy"
    },
    {
        "location": {
            "left": 545,
            "top": 1670,
            "bottom": 1771,
            "right": 709
        },
        "type": "text",
        "id": 26,
        "isClick": false,
        "content": "\u2192"
    },
    {
        "location": {
            "left": 721,
            "top": 1684,
            "bottom": 1764,
            "right": 836
        },
        "type": "text",
        "id": 27,
        "isClick": false,
        "content": "What"
    },
    {
        "location": {
            "left": 843,
            "top": 1663,
            "bottom": 1761,
            "right": 968
        },
        "type": "text",
        "id": 28,
        "isClick": false,
        "content": "causes"
    },
    {
        "location": {
            "left": 978,
            "top": 1662,
            "bottom": 1756,
            "right": 1044
        },
        "type": "text",
        "id": 29,
        "isClick": false,
        "content": "MS"
    },
    {
        "location": {
            "left": 1049,
            "top": 1670,
            "bottom": 1694,
            "right": 1072
        },
        "type": "text",
        "id": 30,
        "isClick": false,
        "content": "\u0425"
    },
    {
        "location": {
            "left": 722,
            "top": 1684,
            "bottom": 1724,
            "right": 823
        },
        "type": "text",
        "id": 31,
        "isClick": false,
        "content": "What"
    },
    {
        "location": {
            "left": 836,
            "top": 1697,
            "bottom": 1726,
            "right": 959
        },
        "type": "text",
        "id": 32,
        "isClick": false,
        "content": "causes"
    },
    {
        "location": {
            "left": 971,
            "top": 1689,
            "bottom": 1724,
            "right": 1039
        },
        "type": "text",
        "id": 33,
        "isClick": false,
        "content": "MS"
    },
    {
        "location": {
            "left": 1039,
            "top": 1689,
            "bottom": 1721,
            "right": 1050
        },
        "type": "text",
        "id": 34,
        "isClick": false,
        "content": ":"
    },
    {
        "location": {
            "left": 751,
            "top": 1738,
            "bottom": 1771,
            "right": 1022
        },
        "type": "text",
        "id": 35,
        "isClick": false,
        "content": "YourCare Everywhere"
    }
]