[
    {
        "location": {
            "left": 177,
            "top": 33,
            "bottom": 60,
            "right": 394
        },
        "type": "text",
        "id": 0,
        "isClick": false,
        "content": "Update Available"
    },
    {
        "location": {
            "left": 32,
            "top": 96,
            "bottom": 114,
            "right": 509
        },
        "type": "text",
        "id": 1,
        "isClick": false,
        "content": "A new version of BoomCap Music is now available"
    },
    {
        "location": {
            "left": 29,
            "top": 114,
            "bottom": 135,
            "right": 460
        },
        "type": "text",
        "id": 2,
        "isClick": false,
        "content": "on the Google Play Store . Update now to get"
    },
    {
        "location": {
            "left": 28,
            "top": 134,
            "bottom": 153,
            "right": 432
        },
        "type": "text",
        "id": 3,
        "isClick": false,
        "content": "access to the following features / changes :"
    },
    {
        "location": {
            "left": 30,
            "top": 170,
            "bottom": 190,
            "right": 170
        },
        "type": "text",
        "id": 4,
        "isClick": false,
        "content": "New Features :"
    },
    {
        "location": {
            "left": 30,
            "top": 209,
            "bottom": 231,
            "right": 388
        },
        "type": "text",
        "id": 5,
        "isClick": false,
        "content": "- Improved User Interface Aesthetics ."
    },
    {
        "location": {
            "left": 35,
            "top": 249,
            "bottom": 269,
            "right": 500
        },
        "type": "text",
        "id": 6,
        "isClick": false,
        "content": "Improved support for High Fidelity formats such"
    },
    {
        "location": {
            "left": 24,
            "top": 267,
            "bottom": 289,
            "right": 334
        },
        "type": "text",
        "id": 7,
        "isClick": false,
        "content": "as FLAC , ALAC , APE and more ."
    },
    {
        "location": {
            "left": 24,
            "top": 305,
            "bottom": 326,
            "right": 499
        },
        "type": "text",
        "id": 8,
        "isClick": false,
        "content": "- Improved Music Searching , find more music and"
    },
    {
        "location": {
            "left": 24,
            "top": 324,
            "bottom": 344,
            "right": 217
        },
        "type": "text",
        "id": 9,
        "isClick": false,
        "content": "videos much easier ."
    },
    {
        "location": {
            "left": 31,
            "top": 361,
            "bottom": 384,
            "right": 446
        },
        "type": "text",
        "id": 10,
        "isClick": false,
        "content": "- Added support for Equalizer Ultra Effects ."
    },
    {
        "location": {
            "left": 33,
            "top": 401,
            "bottom": 422,
            "right": 458
        },
        "type": "text",
        "id": 11,
        "isClick": false,
        "content": "Added Mixtapes category to Online Library ."
    },
    {
        "location": {
            "left": 34,
            "top": 440,
            "bottom": 459,
            "right": 478
        },
        "type": "text",
        "id": 12,
        "isClick": false,
        "content": "Added Dynamic Playlists such was Favorites ,"
    },
    {
        "location": {
            "left": 28,
            "top": 458,
            "bottom": 478,
            "right": 285
        },
        "type": "text",
        "id": 13,
        "isClick": false,
        "content": "Recently Played and more ."
    },
    {
        "location": {
            "left": 31,
            "top": 497,
            "bottom": 516,
            "right": 458
        },
        "type": "text",
        "id": 14,
        "isClick": false,
        "content": "- Added translations to Spanish and Russian"
    },
    {
        "location": {
            "left": 28,
            "top": 517,
            "bottom": 536,
            "right": 131
        },
        "type": "text",
        "id": 15,
        "isClick": false,
        "content": "languages ."
    },
    {
        "location": {
            "left": 27,
            "top": 554,
            "bottom": 574,
            "right": 179
        },
        "type": "text",
        "id": 16,
        "isClick": false,
        "content": "Changes / Fixes :"
    },
    {
        "location": {
            "left": 35,
            "top": 593,
            "bottom": 613,
            "right": 491
        },
        "type": "text",
        "id": 17,
        "isClick": false,
        "content": "Specific bug fixes to minimize random crashes ."
    },
    {
        "location": {
            "left": 39,
            "top": 632,
            "bottom": 651,
            "right": 512
        },
        "type": "text",
        "id": 18,
        "isClick": false,
        "content": "Miscellaneous bugs fixes discovered in previous"
    },
    {
        "location": {
            "left": 29,
            "top": 651,
            "bottom": 668,
            "right": 103
        },
        "type": "text",
        "id": 19,
        "isClick": false,
        "content": "version ."
    },
    {
        "location": {
            "left": 28,
            "top": 706,
            "bottom": 729,
            "right": 323
        },
        "type": "text",
        "id": 20,
        "isClick": false,
        "content": "Would you like to update now ?"
    },
    {
        "location": {
            "left": 209,
            "top": 841,
            "bottom": 861,
            "right": 329
        },
        "type": "text",
        "id": 21,
        "isClick": false,
        "content": "Update Now"
    }
]