[
    {
        "location": {
            "left": 183,
            "top": 243,
            "bottom": 254,
            "right": 272
        },
        "type": "text",
        "id": 0,
        "isClick": false,
        "content": "20161225"
    },
    {
        "location": {
            "left": 309,
            "top": 239,
            "bottom": 254,
            "right": 368
        },
        "type": "text",
        "id": 1,
        "isClick": false,
        "content": "211556"
    },
    {
        "location": {
            "left": 242,
            "top": 292,
            "bottom": 316,
            "right": 297
        },
        "type": "text",
        "id": 2,
        "isClick": false,
        "content": "Tips"
    },
    {
        "location": {
            "left": 466,
            "top": 289,
            "bottom": 316,
            "right": 493
        },
        "type": "text",
        "id": 3,
        "isClick": true,
        "content": "\u0445"
    },
    {
        "location": {
            "left": 56,
            "top": 353,
            "bottom": 372,
            "right": 447
        },
        "type": "text",
        "id": 4,
        "isClick": false,
        "content": "Tip 1 : You can view the current playback"
    },
    {
        "location": {
            "left": 56,
            "top": 370,
            "bottom": 393,
            "right": 453
        },
        "type": "text",
        "id": 5,
        "isClick": false,
        "content": "queue by double tapping the CD or Album"
    },
    {
        "location": {
            "left": 54,
            "top": 388,
            "bottom": 407,
            "right": 87
        },
        "type": "text",
        "id": 6,
        "isClick": false,
        "content": "Art ."
    },
    {
        "location": {
            "left": 56,
            "top": 431,
            "bottom": 447,
            "right": 416
        },
        "type": "text",
        "id": 7,
        "isClick": false,
        "content": "Tip 2 : You can enter CoverFlow mode"
    },
    {
        "location": {
            "left": 56,
            "top": 444,
            "bottom": 469,
            "right": 422
        },
        "type": "text",
        "id": 8,
        "isClick": false,
        "content": "from the Action Bar menu by selecting"
    },
    {
        "location": {
            "left": 56,
            "top": 466,
            "bottom": 487,
            "right": 227
        },
        "type": "text",
        "id": 9,
        "isClick": false,
        "content": "\" Fullscreen Mode ' ."
    },
    {
        "location": {
            "left": 56,
            "top": 505,
            "bottom": 524,
            "right": 421
        },
        "type": "text",
        "id": 10,
        "isClick": false,
        "content": "Tip 3 : Access context menus for each"
    },
    {
        "location": {
            "left": 56,
            "top": 521,
            "bottom": 545,
            "right": 469
        },
        "type": "text",
        "id": 11,
        "isClick": false,
        "content": "track in the current playback queue by long"
    },
    {
        "location": {
            "left": 55,
            "top": 541,
            "bottom": 563,
            "right": 418
        },
        "type": "text",
        "id": 12,
        "isClick": false,
        "content": "pressing on track item in the list view ."
    },
    {
        "location": {
            "left": 85,
            "top": 594,
            "bottom": 615,
            "right": 343
        },
        "type": "text",
        "id": 13,
        "isClick": false,
        "content": "Do not show this in the future"
    },
    {
        "location": {
            "left": 63,
            "top": 856,
            "bottom": 872,
            "right": 408
        },
        "type": "text",
        "id": 14,
        "isClick": false,
        "content": "Bome"
    },
    {
        "location": {
            "left": 257,
            "top": 914,
            "bottom": 943,
            "right": 280
        },
        "type": "text",
        "id": 15,
        "isClick": false,
        "content": "O"
    }
]