[
    {
        "location": {
            "left": 256,
            "top": 3,
            "bottom": 19,
            "right": 287
        },
        "type": "text",
        "id": 0,
        "isClick": false,
        "content": "6"
    },
    {
        "location": {
            "left": 151,
            "top": 235,
            "bottom": 256,
            "right": 388
        },
        "type": "text",
        "id": 1,
        "isClick": false,
        "content": "20161226_011556"
    },
    {
        "location": {
            "left": 233,
            "top": 505,
            "bottom": 520,
            "right": 304
        },
        "type": "text",
        "id": 2,
        "isClick": false,
        "content": "00:40"
    },
    {
        "location": {
            "left": 38,
            "top": 848,
            "bottom": 867,
            "right": 70
        },
        "type": "text",
        "id": 3,
        "isClick": false,
        "content": "11"
    },
    {
        "location": {
            "left": 192,
            "top": 834,
            "bottom": 889,
            "right": 221
        },
        "type": "text",
        "id": 4,
        "isClick": true,
        "content": "0"
    }
]