[
    {
        "location": {
            "left": 255,
            "top": -4,
            "bottom": 26,
            "right": 283
        },
        "type": "text",
        "id": 0,
        "isClick": false,
        "content": "o"
    },
    {
        "location": {
            "left": 118,
            "top": 49,
            "bottom": 60,
            "right": 146
        },
        "type": "text",
        "id": 1,
        "isClick": false,
        "content": "Odb"
    },
    {
        "location": {
            "left": 208,
            "top": 49,
            "bottom": 61,
            "right": 236
        },
        "type": "text",
        "id": 2,
        "isClick": false,
        "content": "Odb"
    },
    {
        "location": {
            "left": 285,
            "top": 49,
            "bottom": 62,
            "right": 313
        },
        "type": "text",
        "id": 3,
        "isClick": false,
        "content": "5db"
    },
    {
        "location": {
            "left": 354,
            "top": 49,
            "bottom": 61,
            "right": 399
        },
        "type": "text",
        "id": 4,
        "isClick": false,
        "content": "-10db"
    },
    {
        "location": {
            "left": 438,
            "top": 49,
            "bottom": 60,
            "right": 466
        },
        "type": "text",
        "id": 5,
        "isClick": false,
        "content": "Odb"
    },
    {
        "location": {
            "left": 516,
            "top": 49,
            "bottom": 58,
            "right": 530
        },
        "type": "text",
        "id": 6,
        "isClick": false,
        "content": "\u041e\u0441"
    },
    {
        "location": {
            "left": 37,
            "top": 68,
            "bottom": 81,
            "right": 76
        },
        "type": "text",
        "id": 7,
        "isClick": false,
        "content": "15db"
    },
    {
        "location": {
            "left": 36,
            "top": 329,
            "bottom": 343,
            "right": 82
        },
        "type": "text",
        "id": 8,
        "isClick": false,
        "content": "- 15db"
    },
    {
        "location": {
            "left": 103,
            "top": 353,
            "bottom": 366,
            "right": 161
        },
        "type": "text",
        "id": 9,
        "isClick": false,
        "content": "PreAmp"
    },
    {
        "location": {
            "left": 212,
            "top": 353,
            "bottom": 365,
            "right": 306
        },
        "type": "text",
        "id": 10,
        "isClick": false,
        "content": "3161"
    },
    {
        "location": {
            "left": 363,
            "top": 353,
            "bottom": 363,
            "right": 392
        },
        "type": "text",
        "id": 11,
        "isClick": false,
        "content": "125"
    },
    {
        "location": {
            "left": 438,
            "top": 353,
            "bottom": 363,
            "right": 469
        },
        "type": "text",
        "id": 12,
        "isClick": false,
        "content": "250"
    },
    {
        "location": {
            "left": 514,
            "top": 353,
            "bottom": 361,
            "right": 530
        },
        "type": "text",
        "id": 13,
        "isClick": false,
        "content": "5C"
    },
    {
        "location": {
            "left": 11,
            "top": 451,
            "bottom": 465,
            "right": 93
        },
        "type": "text",
        "id": 14,
        "isClick": false,
        "content": "Elass Bigas"
    },
    {
        "location": {
            "left": 118,
            "top": 452,
            "bottom": 465,
            "right": 137
        },
        "type": "text",
        "id": 15,
        "isClick": false,
        "content": "172"
    },
    {
        "location": {
            "left": 11,
            "top": 549,
            "bottom": 562,
            "right": 103
        },
        "type": "text",
        "id": 16,
        "isClick": true,
        "content": "Trebla BDas"
    },
    {
        "location": {
            "left": 122,
            "top": 549,
            "bottom": 562,
            "right": 149
        },
        "type": "text",
        "id": 17,
        "isClick": false,
        "content": "Lab"
    },
    {
        "location": {
            "left": 286,
            "top": 667,
            "bottom": 845,
            "right": 489
        },
        "type": "text",
        "id": 18,
        "isClick": false,
        "content": "o"
    },
    {
        "location": {
            "left": 103,
            "top": 859,
            "bottom": 871,
            "right": 202
        },
        "type": "text",
        "id": 19,
        "isClick": false,
        "content": "SEPTed With"
    },
    {
        "location": {
            "left": 373,
            "top": 859,
            "bottom": 873,
            "right": 412
        },
        "type": "text",
        "id": 20,
        "isClick": false,
        "content": "\u05d4\u05e8\u05d7\u05d4"
    }
]