[
    {
        "location": {
            "left": 119,
            "top": 53,
            "bottom": 58,
            "right": 143
        },
        "type": "text",
        "id": 0,
        "isClick": false,
        "content": "Oldt"
    },
    {
        "location": {
            "left": 208,
            "top": 49,
            "bottom": 58,
            "right": 225
        },
        "type": "text",
        "id": 1,
        "isClick": false,
        "content": "Dd"
    },
    {
        "location": {
            "left": 291,
            "top": 49,
            "bottom": 59,
            "right": 312
        },
        "type": "text",
        "id": 2,
        "isClick": false,
        "content": "Sdt"
    },
    {
        "location": {
            "left": 440,
            "top": 49,
            "bottom": 59,
            "right": 459
        },
        "type": "text",
        "id": 3,
        "isClick": false,
        "content": "Odt"
    },
    {
        "location": {
            "left": 42,
            "top": 72,
            "bottom": 81,
            "right": 75
        },
        "type": "text",
        "id": 4,
        "isClick": false,
        "content": "1.5db"
    },
    {
        "location": {
            "left": 164,
            "top": 353,
            "bottom": 371,
            "right": 408
        },
        "type": "text",
        "id": 5,
        "isClick": false,
        "content": "Free Audio Effects"
    },
    {
        "location": {
            "left": 55,
            "top": 411,
            "bottom": 429,
            "right": 412
        },
        "type": "text",
        "id": 6,
        "isClick": false,
        "content": "Access other free audio effects such"
    },
    {
        "location": {
            "left": 55,
            "top": 431,
            "bottom": 450,
            "right": 430
        },
        "type": "text",
        "id": 7,
        "isClick": false,
        "content": "as Reverb , Volume Booster and Stereo"
    },
    {
        "location": {
            "left": 13,
            "top": 454,
            "bottom": 464,
            "right": 16
        },
        "type": "text",
        "id": 8,
        "isClick": false,
        "content": "E"
    },
    {
        "location": {
            "left": 57,
            "top": 449,
            "bottom": 470,
            "right": 472
        },
        "type": "text",
        "id": 9,
        "isClick": false,
        "content": "Virtualizer by downloading Equalizer Ultra \u2122"
    },
    {
        "location": {
            "left": 77,
            "top": 529,
            "bottom": 542,
            "right": 171
        },
        "type": "text",
        "id": 10,
        "isClick": false,
        "content": "Download"
    },
    {
        "location": {
            "left": 383,
            "top": 529,
            "bottom": 545,
            "right": 448
        },
        "type": "text",
        "id": 11,
        "isClick": false,
        "content": "Cancel"
    },
    {
        "location": {
            "left": 104,
            "top": 863,
            "bottom": 870,
            "right": 141
        },
        "type": "text",
        "id": 12,
        "isClick": false,
        "content": "atee"
    },
    {
        "location": {
            "left": 159,
            "top": 862,
            "bottom": 871,
            "right": 201
        },
        "type": "text",
        "id": 13,
        "isClick": false,
        "content": "WITT"
    }
]