[
    {
        "location": {
            "left": 152,
            "top": 49,
            "bottom": 60,
            "right": 172
        },
        "type": "text",
        "id": 0,
        "isClick": false,
        "content": "5d"
    },
    {
        "location": {
            "left": 84,
            "top": 49,
            "bottom": 60,
            "right": 104
        },
        "type": "text",
        "id": 1,
        "isClick": false,
        "content": "Idb"
    },
    {
        "location": {
            "left": 38,
            "top": 68,
            "bottom": 81,
            "right": 76
        },
        "type": "text",
        "id": 2,
        "isClick": false,
        "content": "15db"
    },
    {
        "location": {
            "left": 261,
            "top": 56,
            "bottom": 73,
            "right": 517
        },
        "type": "text",
        "id": 3,
        "isClick": false,
        "content": "Delete Current Preset"
    },
    {
        "location": {
            "left": 261,
            "top": 116,
            "bottom": 137,
            "right": 416
        },
        "type": "text",
        "id": 4,
        "isClick": false,
        "content": "Smooth Bass"
    },
    {
        "location": {
            "left": 261,
            "top": 179,
            "bottom": 199,
            "right": 367
        },
        "type": "text",
        "id": 5,
        "isClick": false,
        "content": "Full Bass"
    },
    {
        "location": {
            "left": 261,
            "top": 241,
            "bottom": 265,
            "right": 343
        },
        "type": "text",
        "id": 6,
        "isClick": false,
        "content": "HipHop"
    },
    {
        "location": {
            "left": 261,
            "top": 305,
            "bottom": 326,
            "right": 428
        },
        "type": "text",
        "id": 7,
        "isClick": false,
        "content": "Full Mid Boost"
    },
    {
        "location": {
            "left": 38,
            "top": 329,
            "bottom": 343,
            "right": 81
        },
        "type": "text",
        "id": 8,
        "isClick": false,
        "content": "-15db"
    },
    {
        "location": {
            "left": 83,
            "top": 353,
            "bottom": 361,
            "right": 96
        },
        "type": "text",
        "id": 9,
        "isClick": false,
        "content": "31"
    },
    {
        "location": {
            "left": 157,
            "top": 353,
            "bottom": 364,
            "right": 174
        },
        "type": "text",
        "id": 10,
        "isClick": false,
        "content": "61"
    },
    {
        "location": {
            "left": 261,
            "top": 369,
            "bottom": 387,
            "right": 361
        },
        "type": "text",
        "id": 11,
        "isClick": true,
        "content": "Classical"
    },
    {
        "location": {
            "left": 260,
            "top": 433,
            "bottom": 454,
            "right": 304
        },
        "type": "text",
        "id": 12,
        "isClick": true,
        "content": "Rap"
    },
    {
        "location": {
            "left": 11,
            "top": 451,
            "bottom": 465,
            "right": 102
        },
        "type": "text",
        "id": 13,
        "isClick": false,
        "content": "Dass BDOSE"
    },
    {
        "location": {
            "left": 120,
            "top": 452,
            "bottom": 465,
            "right": 139
        },
        "type": "text",
        "id": 14,
        "isClick": false,
        "content": "102"
    },
    {
        "location": {
            "left": 197,
            "top": 490,
            "bottom": 517,
            "right": 204
        },
        "type": "text",
        "id": 15,
        "isClick": false,
        "content": "6"
    },
    {
        "location": {
            "left": 261,
            "top": 497,
            "bottom": 513,
            "right": 460
        },
        "type": "text",
        "id": 16,
        "isClick": false,
        "content": "Full Treble Boost"
    },
    {
        "location": {
            "left": 14,
            "top": 548,
            "bottom": 563,
            "right": 150
        },
        "type": "text",
        "id": 17,
        "isClick": false,
        "content": "Trebla Bdastab"
    },
    {
        "location": {
            "left": 216,
            "top": 556,
            "bottom": 569,
            "right": 233
        },
        "type": "text",
        "id": 18,
        "isClick": false,
        "content": "??"
    },
    {
        "location": {
            "left": 261,
            "top": 560,
            "bottom": 577,
            "right": 323
        },
        "type": "text",
        "id": 19,
        "isClick": false,
        "content": "Metal"
    },
    {
        "location": {
            "left": 115,
            "top": 599,
            "bottom": 612,
            "right": 127
        },
        "type": "text",
        "id": 20,
        "isClick": false,
        "content": "TI"
    },
    {
        "location": {
            "left": 198,
            "top": 621,
            "bottom": 643,
            "right": 208
        },
        "type": "text",
        "id": 21,
        "isClick": false,
        "content": "\u0631\u06cc"
    },
    {
        "location": {
            "left": 214,
            "top": 619,
            "bottom": 633,
            "right": 233
        },
        "type": "text",
        "id": 22,
        "isClick": false,
        "content": "??"
    },
    {
        "location": {
            "left": 260,
            "top": 621,
            "bottom": 639,
            "right": 316
        },
        "type": "text",
        "id": 23,
        "isClick": false,
        "content": "Jazz"
    },
    {
        "location": {
            "left": 261,
            "top": 681,
            "bottom": 705,
            "right": 450
        },
        "type": "text",
        "id": 24,
        "isClick": false,
        "content": "Full Bass Treble"
    },
    {
        "location": {
            "left": 197,
            "top": 747,
            "bottom": 769,
            "right": 213
        },
        "type": "text",
        "id": 25,
        "isClick": false,
        "content": "62"
    },
    {
        "location": {
            "left": 215,
            "top": 745,
            "bottom": 767,
            "right": 234
        },
        "type": "text",
        "id": 26,
        "isClick": false,
        "content": "??"
    },
    {
        "location": {
            "left": 261,
            "top": 746,
            "bottom": 765,
            "right": 317
        },
        "type": "text",
        "id": 27,
        "isClick": false,
        "content": "Rock"
    },
    {
        "location": {
            "left": 260,
            "top": 809,
            "bottom": 833,
            "right": 305
        },
        "type": "text",
        "id": 28,
        "isClick": false,
        "content": "Pop"
    },
    {
        "location": {
            "left": 103,
            "top": 860,
            "bottom": 871,
            "right": 163
        },
        "type": "text",
        "id": 29,
        "isClick": false,
        "content": "Stereo W"
    },
    {
        "location": {
            "left": 261,
            "top": 873,
            "bottom": 895,
            "right": 348
        },
        "type": "text",
        "id": 30,
        "isClick": false,
        "content": "Reggae"
    }
]