[
    {
        "location": {
            "left": 153,
            "top": 49,
            "bottom": 58,
            "right": 181
        },
        "type": "text",
        "id": 0,
        "isClick": false,
        "content": "Ddb"
    },
    {
        "location": {
            "left": 84,
            "top": 49,
            "bottom": 60,
            "right": 104
        },
        "type": "text",
        "id": 1,
        "isClick": false,
        "content": "Idb"
    },
    {
        "location": {
            "left": 38,
            "top": 68,
            "bottom": 81,
            "right": 76
        },
        "type": "text",
        "id": 2,
        "isClick": false,
        "content": "15db"
    },
    {
        "location": {
            "left": 246,
            "top": 56,
            "bottom": 67,
            "right": 249
        },
        "type": "text",
        "id": 3,
        "isClick": false,
        "content": "+"
    },
    {
        "location": {
            "left": 288,
            "top": 56,
            "bottom": 75,
            "right": 464
        },
        "type": "text",
        "id": 4,
        "isClick": false,
        "content": "New EQ Preset"
    },
    {
        "location": {
            "left": 236,
            "top": 120,
            "bottom": 133,
            "right": 247
        },
        "type": "text",
        "id": 5,
        "isClick": false,
        "content": "LLL"
    },
    {
        "location": {
            "left": 287,
            "top": 113,
            "bottom": 140,
            "right": 493
        },
        "type": "text",
        "id": 6,
        "isClick": false,
        "content": "Equalizer Presets"
    },
    {
        "location": {
            "left": 288,
            "top": 179,
            "bottom": 201,
            "right": 434
        },
        "type": "text",
        "id": 7,
        "isClick": false,
        "content": "Ultra Effects"
    },
    {
        "location": {
            "left": 234,
            "top": 241,
            "bottom": 260,
            "right": 251
        },
        "type": "text",
        "id": 8,
        "isClick": false,
        "content": "\u043e"
    },
    {
        "location": {
            "left": 288,
            "top": 242,
            "bottom": 262,
            "right": 516
        },
        "type": "text",
        "id": 9,
        "isClick": false,
        "content": "Stereo Effect Mode"
    },
    {
        "location": {
            "left": 288,
            "top": 305,
            "bottom": 326,
            "right": 355
        },
        "type": "text",
        "id": 10,
        "isClick": true,
        "content": "Reset"
    },
    {
        "location": {
            "left": 38,
            "top": 329,
            "bottom": 343,
            "right": 81
        },
        "type": "text",
        "id": 11,
        "isClick": false,
        "content": "-15db"
    },
    {
        "location": {
            "left": 84,
            "top": 353,
            "bottom": 365,
            "right": 97
        },
        "type": "text",
        "id": 12,
        "isClick": false,
        "content": "31"
    },
    {
        "location": {
            "left": 157,
            "top": 353,
            "bottom": 365,
            "right": 174
        },
        "type": "text",
        "id": 13,
        "isClick": false,
        "content": "61"
    },
    {
        "location": {
            "left": 238,
            "top": 370,
            "bottom": 385,
            "right": 252
        },
        "type": "text",
        "id": 14,
        "isClick": false,
        "content": "*"
    },
    {
        "location": {
            "left": 288,
            "top": 369,
            "bottom": 392,
            "right": 384
        },
        "type": "text",
        "id": 15,
        "isClick": true,
        "content": "Settings"
    },
    {
        "location": {
            "left": 11,
            "top": 451,
            "bottom": 465,
            "right": 102
        },
        "type": "text",
        "id": 16,
        "isClick": false,
        "content": "Dass BDOSE"
    },
    {
        "location": {
            "left": 120,
            "top": 452,
            "bottom": 465,
            "right": 139
        },
        "type": "text",
        "id": 17,
        "isClick": false,
        "content": "102"
    },
    {
        "location": {
            "left": 10,
            "top": 549,
            "bottom": 563,
            "right": 149
        },
        "type": "text",
        "id": 18,
        "isClick": false,
        "content": "Treba Bdast -alb"
    },
    {
        "location": {
            "left": 117,
            "top": 598,
            "bottom": 611,
            "right": 128
        },
        "type": "text",
        "id": 19,
        "isClick": false,
        "content": "HE"
    },
    {
        "location": {
            "left": 103,
            "top": 859,
            "bottom": 871,
            "right": 202
        },
        "type": "text",
        "id": 20,
        "isClick": false,
        "content": "SEPTed With"
    },
    {
        "location": {
            "left": 368,
            "top": 859,
            "bottom": 874,
            "right": 413
        },
        "type": "text",
        "id": 21,
        "isClick": false,
        "content": "\u05d4\u05e8\u05de\u05d4 |"
    }
]