[
    {
        "location": {
            "left": 211,
            "top": 36,
            "bottom": 55,
            "right": 361
        },
        "type": "text",
        "id": 0,
        "isClick": false,
        "content": "Whats New"
    },
    {
        "location": {
            "left": 30,
            "top": 97,
            "bottom": 113,
            "right": 167
        },
        "type": "text",
        "id": 1,
        "isClick": false,
        "content": "New Features :"
    },
    {
        "location": {
            "left": 34,
            "top": 137,
            "bottom": 155,
            "right": 504
        },
        "type": "text",
        "id": 2,
        "isClick": false,
        "content": "Improved support for High Fidelity formats such"
    },
    {
        "location": {
            "left": 29,
            "top": 153,
            "bottom": 171,
            "right": 334
        },
        "type": "text",
        "id": 3,
        "isClick": false,
        "content": "as FLAC , ALAC , APE and more ."
    },
    {
        "location": {
            "left": 32,
            "top": 193,
            "bottom": 211,
            "right": 498
        },
        "type": "text",
        "id": 4,
        "isClick": false,
        "content": "- Improved Music searching , find more music and"
    },
    {
        "location": {
            "left": 24,
            "top": 210,
            "bottom": 231,
            "right": 218
        },
        "type": "text",
        "id": 5,
        "isClick": false,
        "content": "videos much easier ."
    },
    {
        "location": {
            "left": 34,
            "top": 249,
            "bottom": 269,
            "right": 511
        },
        "type": "text",
        "id": 6,
        "isClick": false,
        "content": "Improved music sharing to social media . Convert"
    },
    {
        "location": {
            "left": 25,
            "top": 267,
            "bottom": 290,
            "right": 494
        },
        "type": "text",
        "id": 7,
        "isClick": false,
        "content": "more songs for sharing by using batch exporting"
    },
    {
        "location": {
            "left": 30,
            "top": 288,
            "bottom": 303,
            "right": 102
        },
        "type": "text",
        "id": 8,
        "isClick": false,
        "content": "feature ."
    },
    {
        "location": {
            "left": 30,
            "top": 328,
            "bottom": 345,
            "right": 490
        },
        "type": "text",
        "id": 9,
        "isClick": false,
        "content": "- Extended seeking features , music seeking can"
    },
    {
        "location": {
            "left": 24,
            "top": 342,
            "bottom": 365,
            "right": 498
        },
        "type": "text",
        "id": 10,
        "isClick": false,
        "content": "now be done by interacting with CD on the Media"
    },
    {
        "location": {
            "left": 27,
            "top": 361,
            "bottom": 385,
            "right": 193
        },
        "type": "text",
        "id": 11,
        "isClick": false,
        "content": "Playback Screen ."
    },
    {
        "location": {
            "left": 25,
            "top": 424,
            "bottom": 439,
            "right": 179
        },
        "type": "text",
        "id": 12,
        "isClick": false,
        "content": "Changes / Fixes :"
    },
    {
        "location": {
            "left": 35,
            "top": 457,
            "bottom": 478,
            "right": 450
        },
        "type": "text",
        "id": 13,
        "isClick": false,
        "content": "Fixed various bugs relating to music folder"
    },
    {
        "location": {
            "left": 28,
            "top": 477,
            "bottom": 497,
            "right": 364
        },
        "type": "text",
        "id": 14,
        "isClick": false,
        "content": "access in the Local Library screen ."
    },
    {
        "location": {
            "left": 243,
            "top": 843,
            "bottom": 861,
            "right": 296
        },
        "type": "text",
        "id": 15,
        "isClick": true,
        "content": "Close"
    }
]