[
    {
        "location": {
            "left": 119,
            "top": 53,
            "bottom": 58,
            "right": 143
        },
        "type": "text",
        "id": 0,
        "isClick": false,
        "content": "Oldt"
    },
    {
        "location": {
            "left": 208,
            "top": 49,
            "bottom": 58,
            "right": 225
        },
        "type": "text",
        "id": 1,
        "isClick": false,
        "content": "Dd"
    },
    {
        "location": {
            "left": 387,
            "top": 57,
            "bottom": 58,
            "right": 388
        },
        "type": "text",
        "id": 2,
        "isClick": false,
        "content": "do"
    },
    {
        "location": {
            "left": 456,
            "top": 56,
            "bottom": 59,
            "right": 459
        },
        "type": "text",
        "id": 3,
        "isClick": false,
        "content": "do"
    },
    {
        "location": {
            "left": 42,
            "top": 72,
            "bottom": 81,
            "right": 75
        },
        "type": "text",
        "id": 4,
        "isClick": false,
        "content": "1.5db"
    },
    {
        "location": {
            "left": 135,
            "top": 345,
            "bottom": 365,
            "right": 403
        },
        "type": "text",
        "id": 5,
        "isClick": false,
        "content": "Create a new Preset"
    },
    {
        "location": {
            "left": 106,
            "top": 535,
            "bottom": 548,
            "right": 142
        },
        "type": "text",
        "id": 6,
        "isClick": false,
        "content": "Yes"
    },
    {
        "location": {
            "left": 402,
            "top": 534,
            "bottom": 550,
            "right": 427
        },
        "type": "text",
        "id": 7,
        "isClick": false,
        "content": "No"
    },
    {
        "location": {
            "left": 104,
            "top": 863,
            "bottom": 870,
            "right": 141
        },
        "type": "text",
        "id": 8,
        "isClick": false,
        "content": "atee"
    },
    {
        "location": {
            "left": 159,
            "top": 862,
            "bottom": 871,
            "right": 201
        },
        "type": "text",
        "id": 9,
        "isClick": false,
        "content": "WITT"
    }
]