[
    {
        "location": {
            "left": 204,
            "top": 35,
            "bottom": 55,
            "right": 368
        },
        "type": "text",
        "id": 0,
        "isClick": false,
        "content": "Points Guide"
    },
    {
        "location": {
            "left": 28,
            "top": 97,
            "bottom": 115,
            "right": 504
        },
        "type": "text",
        "id": 1,
        "isClick": false,
        "content": "There are a total of 10000 points ( 5 stars ) to be"
    },
    {
        "location": {
            "left": 27,
            "top": 114,
            "bottom": 135,
            "right": 493
        },
        "type": "text",
        "id": 2,
        "isClick": false,
        "content": "earned within the Points Scheme , which you can"
    },
    {
        "location": {
            "left": 30,
            "top": 133,
            "bottom": 154,
            "right": 480
        },
        "type": "text",
        "id": 3,
        "isClick": false,
        "content": "use to unlock several features within BoomCap"
    },
    {
        "location": {
            "left": 29,
            "top": 152,
            "bottom": 171,
            "right": 454
        },
        "type": "text",
        "id": 4,
        "isClick": false,
        "content": "Music for free . Please review the tips below ."
    },
    {
        "location": {
            "left": 30,
            "top": 193,
            "bottom": 211,
            "right": 434
        },
        "type": "text",
        "id": 5,
        "isClick": false,
        "content": "** - Fully unlocks Bass & Treble controls ."
    },
    {
        "location": {
            "left": 31,
            "top": 232,
            "bottom": 250,
            "right": 504
        },
        "type": "text",
        "id": 6,
        "isClick": false,
        "content": "*** - Fully unlocks the Equalizer , allowing you to"
    },
    {
        "location": {
            "left": 29,
            "top": 249,
            "bottom": 265,
            "right": 278
        },
        "type": "text",
        "id": 7,
        "isClick": false,
        "content": "use it in full version mode ."
    },
    {
        "location": {
            "left": 109,
            "top": 289,
            "bottom": 308,
            "right": 481
        },
        "type": "text",
        "id": 8,
        "isClick": false,
        "content": "- Hitting 5 Stars allows you to enjoy an"
    },
    {
        "location": {
            "left": 25,
            "top": 304,
            "bottom": 326,
            "right": 215
        },
        "type": "text",
        "id": 9,
        "isClick": false,
        "content": "Ad free experience ."
    },
    {
        "location": {
            "left": 257,
            "top": 843,
            "bottom": 857,
            "right": 283
        },
        "type": "text",
        "id": 10,
        "isClick": true,
        "content": "OK"
    }
]