[
    {
        "location": {
            "left": 111,
            "top": 24,
            "bottom": 42,
            "right": 332
        },
        "type": "text",
        "id": 0,
        "isClick": false,
        "content": "eatured Videos"
    },
    {
        "location": {
            "left": 199,
            "top": 108,
            "bottom": 121,
            "right": 431
        },
        "type": "text",
        "id": 1,
        "isClick": false,
        "content": "Action Bronson - Dur ..."
    },
    {
        "location": {
            "left": 198,
            "top": 149,
            "bottom": 170,
            "right": 493
        },
        "type": "text",
        "id": 2,
        "isClick": false,
        "content": "Feat . Big Bady Bes [ Offi ..."
    },
    {
        "location": {
            "left": 176,
            "top": 265,
            "bottom": 289,
            "right": 272
        },
        "type": "text",
        "id": 3,
        "isClick": false,
        "content": "Startup"
    },
    {
        "location": {
            "left": 284,
            "top": 265,
            "bottom": 289,
            "right": 395
        },
        "type": "text",
        "id": 4,
        "isClick": false,
        "content": "Location"
    },
    {
        "location": {
            "left": 54,
            "top": 322,
            "bottom": 345,
            "right": 480
        },
        "type": "text",
        "id": 5,
        "isClick": false,
        "content": "You are currently viewing the Online Library ."
    },
    {
        "location": {
            "left": 55,
            "top": 342,
            "bottom": 364,
            "right": 472
        },
        "type": "text",
        "id": 6,
        "isClick": false,
        "content": "Please choose your default start up screen"
    },
    {
        "location": {
            "left": 55,
            "top": 361,
            "bottom": 385,
            "right": 462
        },
        "type": "text",
        "id": 7,
        "isClick": false,
        "content": "( you can always change this later from the"
    },
    {
        "location": {
            "left": 55,
            "top": 382,
            "bottom": 401,
            "right": 196
        },
        "type": "text",
        "id": 8,
        "isClick": false,
        "content": "settings page ) ."
    },
    {
        "location": {
            "left": 55,
            "top": 419,
            "bottom": 441,
            "right": 480
        },
        "type": "text",
        "id": 9,
        "isClick": false,
        "content": "Online Library- Access our unique collection"
    },
    {
        "location": {
            "left": 56,
            "top": 438,
            "bottom": 459,
            "right": 436
        },
        "type": "text",
        "id": 10,
        "isClick": false,
        "content": "of music from the cloud , find the lastest"
    },
    {
        "location": {
            "left": 55,
            "top": 457,
            "bottom": 479,
            "right": 371
        },
        "type": "text",
        "id": 11,
        "isClick": false,
        "content": "music from your favourite artists ."
    },
    {
        "location": {
            "left": 55,
            "top": 497,
            "bottom": 517,
            "right": 472
        },
        "type": "text",
        "id": 12,
        "isClick": false,
        "content": "Local Library : Access nothing but your own"
    },
    {
        "location": {
            "left": 56,
            "top": 515,
            "bottom": 533,
            "right": 113
        },
        "type": "text",
        "id": 13,
        "isClick": false,
        "content": "music ."
    },
    {
        "location": {
            "left": 55,
            "top": 553,
            "bottom": 575,
            "right": 247
        },
        "type": "text",
        "id": 14,
        "isClick": false,
        "content": "The choice is yours !"
    },
    {
        "location": {
            "left": 7,
            "top": 593,
            "bottom": 601,
            "right": 29
        },
        "type": "text",
        "id": 15,
        "isClick": false,
        "content": "Horida"
    },
    {
        "location": {
            "left": 55,
            "top": 616,
            "bottom": 633,
            "right": 193
        },
        "type": "text",
        "id": 16,
        "isClick": false,
        "content": "Online Library"
    },
    {
        "location": {
            "left": 350,
            "top": 616,
            "bottom": 633,
            "right": 482
        },
        "type": "text",
        "id": 17,
        "isClick": true,
        "content": "Local Library"
    },
    {
        "location": {
            "left": 200,
            "top": 713,
            "bottom": 729,
            "right": 265
        },
        "type": "text",
        "id": 18,
        "isClick": false,
        "content": "Kid Ink"
    },
    {
        "location": {
            "left": 71,
            "top": 767,
            "bottom": 785,
            "right": 182
        },
        "type": "text",
        "id": 19,
        "isClick": false,
        "content": "Spotify Music"
    },
    {
        "location": {
            "left": 72,
            "top": 790,
            "bottom": 803,
            "right": 295
        },
        "type": "text",
        "id": 20,
        "isClick": false,
        "content": "FREE Over 106 million people use this"
    },
    {
        "location": {
            "left": 464,
            "top": 777,
            "bottom": 793,
            "right": 512
        },
        "type": "text",
        "id": 21,
        "isClick": false,
        "content": "Install"
    },
    {
        "location": {
            "left": 94,
            "top": 865,
            "bottom": 880,
            "right": 264
        },
        "type": "text",
        "id": 22,
        "isClick": false,
        "content": "sty , please select a s"
    },
    {
        "location": {
            "left": 258,
            "top": 914,
            "bottom": 942,
            "right": 281
        },
        "type": "text",
        "id": 23,
        "isClick": false,
        "content": "O"
    }
]