[
    {
        "location": {
            "left": 502,
            "top": 22,
            "bottom": 37,
            "right": 526
        },
        "type": "text",
        "id": 0,
        "isClick": false,
        "content": "III"
    },
    {
        "location": {
            "left": 23,
            "top": 84,
            "bottom": 95,
            "right": 192
        },
        "type": "text",
        "id": 1,
        "isClick": false,
        "content": "Unknown Artist"
    },
    {
        "location": {
            "left": 39,
            "top": 136,
            "bottom": 150,
            "right": 120
        },
        "type": "text",
        "id": 2,
        "isClick": false,
        "content": "Recforge"
    },
    {
        "location": {
            "left": 242,
            "top": 362,
            "bottom": 385,
            "right": 297
        },
        "type": "text",
        "id": 3,
        "isClick": false,
        "content": "Tips"
    },
    {
        "location": {
            "left": 469,
            "top": 358,
            "bottom": 384,
            "right": 490
        },
        "type": "text",
        "id": 4,
        "isClick": false,
        "content": "\u0425"
    },
    {
        "location": {
            "left": 56,
            "top": 424,
            "bottom": 440,
            "right": 452
        },
        "type": "text",
        "id": 5,
        "isClick": false,
        "content": "Close this dialog then touch the animated"
    },
    {
        "location": {
            "left": 56,
            "top": 439,
            "bottom": 462,
            "right": 463
        },
        "type": "text",
        "id": 6,
        "isClick": false,
        "content": "BoomCap icon at the top of your screen to"
    },
    {
        "location": {
            "left": 55,
            "top": 456,
            "bottom": 478,
            "right": 164
        },
        "type": "text",
        "id": 7,
        "isClick": false,
        "content": "get started ."
    },
    {
        "location": {
            "left": 85,
            "top": 529,
            "bottom": 545,
            "right": 343
        },
        "type": "text",
        "id": 8,
        "isClick": true,
        "content": "Do not show this in the future"
    },
    {
        "location": {
            "left": 127,
            "top": 776,
            "bottom": 781,
            "right": 168
        },
        "type": "text",
        "id": 9,
        "isClick": false,
        "content": "Spotify Music"
    },
    {
        "location": {
            "left": 95,
            "top": 793,
            "bottom": 801,
            "right": 149
        },
        "type": "text",
        "id": 10,
        "isClick": false,
        "content": "FREE Over 100"
    },
    {
        "location": {
            "left": 263,
            "top": 800,
            "bottom": 801,
            "right": 289
        },
        "type": "text",
        "id": 11,
        "isClick": false,
        "content": "people the"
    },
    {
        "location": {
            "left": 212,
            "top": 872,
            "bottom": 873,
            "right": 213
        },
        "type": "text",
        "id": 12,
        "isClick": false,
        "content": "Please Selena"
    },
    {
        "location": {
            "left": 257,
            "top": 914,
            "bottom": 941,
            "right": 280
        },
        "type": "text",
        "id": 13,
        "isClick": false,
        "content": "O"
    }
]