[
    {
        "location": {
            "left": 20,
            "top": 5,
            "bottom": 25,
            "right": 25
        },
        "type": "text",
        "id": 0,
        "isClick": false,
        "content": "."
    },
    {
        "location": {
            "left": 46,
            "top": 4,
            "bottom": 25,
            "right": 381
        },
        "type": "text",
        "id": 1,
        "isClick": false,
        "content": "fffffffffff"
    },
    {
        "location": {
            "left": 494,
            "top": 9,
            "bottom": 25,
            "right": 527
        },
        "type": "text",
        "id": 2,
        "isClick": true,
        "content": "4:48"
    },
    {
        "location": {
            "left": 11,
            "top": 110,
            "bottom": 126,
            "right": 202
        },
        "type": "text",
        "id": 3,
        "isClick": false,
        "content": "Unknown Artist"
    },
    {
        "location": {
            "left": 10,
            "top": 162,
            "bottom": 182,
            "right": 123
        },
        "type": "text",
        "id": 4,
        "isClick": false,
        "content": "Recforge"
    },
    {
        "location": {
            "left": 71,
            "top": 769,
            "bottom": 784,
            "right": 425
        },
        "type": "text",
        "id": 5,
        "isClick": false,
        "content": "Make a New Ears Resolution , get instant access to millions of"
    },
    {
        "location": {
            "left": 72,
            "top": 789,
            "bottom": 797,
            "right": 104
        },
        "type": "text",
        "id": 6,
        "isClick": false,
        "content": "songs"
    },
    {
        "location": {
            "left": 479,
            "top": 777,
            "bottom": 790,
            "right": 511
        },
        "type": "text",
        "id": 7,
        "isClick": false,
        "content": "Install"
    },
    {
        "location": {
            "left": 96,
            "top": 865,
            "bottom": 879,
            "right": 259
        },
        "type": "text",
        "id": 8,
        "isClick": false,
        "content": "is empty , please sele"
    },
    {
        "location": {
            "left": 258,
            "top": 914,
            "bottom": 943,
            "right": 281
        },
        "type": "text",
        "id": 9,
        "isClick": false,
        "content": "O"
    }
]