[
    {
        "location": {
            "left": 20,
            "top": 5,
            "bottom": 25,
            "right": 25
        },
        "type": "text",
        "id": 0,
        "isClick": false,
        "content": "."
    },
    {
        "location": {
            "left": 46,
            "top": 4,
            "bottom": 25,
            "right": 381
        },
        "type": "text",
        "id": 1,
        "isClick": false,
        "content": "fffffffffff"
    },
    {
        "location": {
            "left": 494,
            "top": 9,
            "bottom": 25,
            "right": 527
        },
        "type": "text",
        "id": 2,
        "isClick": false,
        "content": "4:48"
    },
    {
        "location": {
            "left": 9,
            "top": 110,
            "bottom": 125,
            "right": 201
        },
        "type": "text",
        "id": 3,
        "isClick": false,
        "content": "Unknown Artist"
    },
    {
        "location": {
            "left": 363,
            "top": 116,
            "bottom": 134,
            "right": 442
        },
        "type": "text",
        "id": 4,
        "isClick": true,
        "content": "Search"
    },
    {
        "location": {
            "left": 10,
            "top": 162,
            "bottom": 182,
            "right": 123
        },
        "type": "text",
        "id": 5,
        "isClick": false,
        "content": "Recforge"
    },
    {
        "location": {
            "left": 362,
            "top": 178,
            "bottom": 203,
            "right": 411
        },
        "type": "text",
        "id": 6,
        "isClick": false,
        "content": "Play"
    },
    {
        "location": {
            "left": 420,
            "top": 178,
            "bottom": 200,
            "right": 448
        },
        "type": "text",
        "id": 7,
        "isClick": false,
        "content": "All"
    },
    {
        "location": {
            "left": 364,
            "top": 241,
            "bottom": 262,
            "right": 441
        },
        "type": "text",
        "id": 8,
        "isClick": false,
        "content": "Shuffle"
    },
    {
        "location": {
            "left": 456,
            "top": 241,
            "bottom": 262,
            "right": 485
        },
        "type": "text",
        "id": 9,
        "isClick": false,
        "content": "All"
    },
    {
        "location": {
            "left": 362,
            "top": 305,
            "bottom": 328,
            "right": 516
        },
        "type": "text",
        "id": 10,
        "isClick": false,
        "content": "Stop Preview"
    },
    {
        "location": {
            "left": 363,
            "top": 369,
            "bottom": 392,
            "right": 477
        },
        "type": "text",
        "id": 11,
        "isClick": false,
        "content": "Language"
    },
    {
        "location": {
            "left": 363,
            "top": 433,
            "bottom": 455,
            "right": 459
        },
        "type": "text",
        "id": 12,
        "isClick": false,
        "content": "Settings"
    },
    {
        "location": {
            "left": 308,
            "top": 496,
            "bottom": 513,
            "right": 320
        },
        "type": "text",
        "id": 13,
        "isClick": false,
        "content": "?"
    },
    {
        "location": {
            "left": 362,
            "top": 497,
            "bottom": 517,
            "right": 411
        },
        "type": "text",
        "id": 14,
        "isClick": false,
        "content": "Help"
    },
    {
        "location": {
            "left": 363,
            "top": 560,
            "bottom": 578,
            "right": 407
        },
        "type": "text",
        "id": 15,
        "isClick": false,
        "content": "Quit"
    },
    {
        "location": {
            "left": 71,
            "top": 767,
            "bottom": 785,
            "right": 183
        },
        "type": "text",
        "id": 16,
        "isClick": false,
        "content": "Spotify Music"
    },
    {
        "location": {
            "left": 72,
            "top": 791,
            "bottom": 801,
            "right": 295
        },
        "type": "text",
        "id": 17,
        "isClick": false,
        "content": "FREE Over 106 million people use this"
    },
    {
        "location": {
            "left": 479,
            "top": 777,
            "bottom": 790,
            "right": 511
        },
        "type": "text",
        "id": 18,
        "isClick": false,
        "content": "Install"
    },
    {
        "location": {
            "left": 96,
            "top": 865,
            "bottom": 880,
            "right": 264
        },
        "type": "text",
        "id": 19,
        "isClick": false,
        "content": "st is empty , please su"
    },
    {
        "location": {
            "left": 258,
            "top": 914,
            "bottom": 943,
            "right": 281
        },
        "type": "text",
        "id": 20,
        "isClick": false,
        "content": "O"
    }
]