[
    {
        "location": {
            "left": 20,
            "top": 5,
            "bottom": 25,
            "right": 25
        },
        "type": "text",
        "id": 0,
        "isClick": false,
        "content": "."
    },
    {
        "location": {
            "left": 46,
            "top": 4,
            "bottom": 25,
            "right": 381
        },
        "type": "text",
        "id": 1,
        "isClick": false,
        "content": "fffffffffff"
    },
    {
        "location": {
            "left": 494,
            "top": 9,
            "bottom": 25,
            "right": 527
        },
        "type": "text",
        "id": 2,
        "isClick": false,
        "content": "4:48"
    },
    {
        "location": {
            "left": 148,
            "top": 134,
            "bottom": 149,
            "right": 244
        },
        "type": "text",
        "id": 3,
        "isClick": true,
        "content": "RecForge"
    },
    {
        "location": {
            "left": 148,
            "top": 149,
            "bottom": 171,
            "right": 244
        },
        "type": "text",
        "id": 4,
        "isClick": true,
        "content": "RecForge"
    },
    {
        "location": {
            "left": 146,
            "top": 170,
            "bottom": 195,
            "right": 257
        },
        "type": "text",
        "id": 5,
        "isClick": true,
        "content": "2 Song ( s )"
    },
    {
        "location": {
            "left": 73,
            "top": 767,
            "bottom": 782,
            "right": 292
        },
        "type": "text",
        "id": 6,
        "isClick": false,
        "content": "Mobile Performance Meter"
    },
    {
        "location": {
            "left": 72,
            "top": 792,
            "bottom": 803,
            "right": 248
        },
        "type": "text",
        "id": 7,
        "isClick": false,
        "content": "FREE 122.975 people use this"
    },
    {
        "location": {
            "left": 479,
            "top": 777,
            "bottom": 790,
            "right": 511
        },
        "type": "text",
        "id": 8,
        "isClick": false,
        "content": "Install"
    },
    {
        "location": {
            "left": 95,
            "top": 865,
            "bottom": 879,
            "right": 263
        },
        "type": "text",
        "id": 9,
        "isClick": false,
        "content": "st is empty , please su"
    },
    {
        "location": {
            "left": 258,
            "top": 914,
            "bottom": 943,
            "right": 281
        },
        "type": "text",
        "id": 10,
        "isClick": false,
        "content": "O"
    }
]