[
    {
        "location": {
            "left": 24,
            "top": 7,
            "bottom": 26,
            "right": 29
        },
        "type": "text",
        "id": 0,
        "isClick": false,
        "content": "."
    },
    {
        "location": {
            "left": 45,
            "top": 5,
            "bottom": 26,
            "right": 381
        },
        "type": "text",
        "id": 1,
        "isClick": false,
        "content": "fffffffffff"
    },
    {
        "location": {
            "left": 494,
            "top": 9,
            "bottom": 25,
            "right": 527
        },
        "type": "text",
        "id": 2,
        "isClick": false,
        "content": "4:48"
    },
    {
        "location": {
            "left": 148,
            "top": 134,
            "bottom": 149,
            "right": 244
        },
        "type": "text",
        "id": 3,
        "isClick": false,
        "content": "RecForge"
    },
    {
        "location": {
            "left": 159,
            "top": 148,
            "bottom": 171,
            "right": 240
        },
        "type": "text",
        "id": 4,
        "isClick": false,
        "content": "RecForge"
    },
    {
        "location": {
            "left": 146,
            "top": 176,
            "bottom": 191,
            "right": 392
        },
        "type": "text",
        "id": 5,
        "isClick": false,
        "content": "20161228_011545"
    },
    {
        "location": {
            "left": 146,
            "top": 273,
            "bottom": 290,
            "right": 242
        },
        "type": "text",
        "id": 6,
        "isClick": false,
        "content": "RecForge"
    },
    {
        "location": {
            "left": 159,
            "top": 297,
            "bottom": 310,
            "right": 232
        },
        "type": "text",
        "id": 7,
        "isClick": true,
        "content": "RecForce"
    },
    {
        "location": {
            "left": 146,
            "top": 315,
            "bottom": 330,
            "right": 278
        },
        "type": "text",
        "id": 8,
        "isClick": true,
        "content": "20161228"
    },
    {
        "location": {
            "left": 294,
            "top": 315,
            "bottom": 331,
            "right": 392
        },
        "type": "text",
        "id": 9,
        "isClick": false,
        "content": "011556"
    },
    {
        "location": {
            "left": 73,
            "top": 767,
            "bottom": 782,
            "right": 292
        },
        "type": "text",
        "id": 10,
        "isClick": false,
        "content": "Mobile Performance Meter"
    },
    {
        "location": {
            "left": 72,
            "top": 792,
            "bottom": 803,
            "right": 248
        },
        "type": "text",
        "id": 11,
        "isClick": false,
        "content": "FREE 122.975 people use this"
    },
    {
        "location": {
            "left": 479,
            "top": 777,
            "bottom": 790,
            "right": 511
        },
        "type": "text",
        "id": 12,
        "isClick": false,
        "content": "Install"
    },
    {
        "location": {
            "left": 102,
            "top": 865,
            "bottom": 880,
            "right": 256
        },
        "type": "text",
        "id": 13,
        "isClick": false,
        "content": "se select a song or"
    },
    {
        "location": {
            "left": 257,
            "top": 914,
            "bottom": 942,
            "right": 280
        },
        "type": "text",
        "id": 14,
        "isClick": false,
        "content": "O"
    }
]