[
    {
        "location": {
            "left": 177,
            "top": 38,
            "bottom": 60,
            "right": 394
        },
        "type": "text",
        "id": 0,
        "isClick": false,
        "content": "Update Available"
    },
    {
        "location": {
            "left": 34,
            "top": 98,
            "bottom": 115,
            "right": 508
        },
        "type": "text",
        "id": 1,
        "isClick": false,
        "content": "A new version of BoomCap Music is now available"
    },
    {
        "location": {
            "left": 38,
            "top": 114,
            "bottom": 134,
            "right": 460
        },
        "type": "text",
        "id": 2,
        "isClick": false,
        "content": "on the Google Play Store . Update now to get"
    },
    {
        "location": {
            "left": 31,
            "top": 133,
            "bottom": 153,
            "right": 432
        },
        "type": "text",
        "id": 3,
        "isClick": false,
        "content": "access to the following features / changes :"
    },
    {
        "location": {
            "left": 39,
            "top": 175,
            "bottom": 188,
            "right": 168
        },
        "type": "text",
        "id": 4,
        "isClick": false,
        "content": "New Features :"
    },
    {
        "location": {
            "left": 48,
            "top": 213,
            "bottom": 229,
            "right": 388
        },
        "type": "text",
        "id": 5,
        "isClick": false,
        "content": "Improved User Interface Aesthetics ."
    },
    {
        "location": {
            "left": 48,
            "top": 249,
            "bottom": 268,
            "right": 502
        },
        "type": "text",
        "id": 6,
        "isClick": false,
        "content": "Improved support for High Fidelity formats such"
    },
    {
        "location": {
            "left": 31,
            "top": 271,
            "bottom": 285,
            "right": 335
        },
        "type": "text",
        "id": 7,
        "isClick": false,
        "content": "as FLAC , ALAC , APE and more ."
    },
    {
        "location": {
            "left": 180,
            "top": 322,
            "bottom": 349,
            "right": 358
        },
        "type": "text",
        "id": 8,
        "isClick": false,
        "content": "Spotify Music"
    },
    {
        "location": {
            "left": 466,
            "top": 321,
            "bottom": 353,
            "right": 493
        },
        "type": "text",
        "id": 9,
        "isClick": false,
        "content": "\u0445"
    },
    {
        "location": {
            "left": 188,
            "top": 385,
            "bottom": 401,
            "right": 463
        },
        "type": "text",
        "id": 10,
        "isClick": false,
        "content": "Make a New Ears Resolution , get"
    },
    {
        "location": {
            "left": 187,
            "top": 398,
            "bottom": 417,
            "right": 484
        },
        "type": "text",
        "id": 11,
        "isClick": false,
        "content": "instant access to millions of songs ."
    },
    {
        "location": {
            "left": 191,
            "top": 432,
            "bottom": 452,
            "right": 211
        },
        "type": "text",
        "id": 12,
        "isClick": false,
        "content": "D"
    },
    {
        "location": {
            "left": 226,
            "top": 433,
            "bottom": 449,
            "right": 335
        },
        "type": "text",
        "id": 13,
        "isClick": false,
        "content": "Install Now"
    },
    {
        "location": {
            "left": 92,
            "top": 556,
            "bottom": 569,
            "right": 156
        },
        "type": "text",
        "id": 14,
        "isClick": true,
        "content": "Cancel"
    },
    {
        "location": {
            "left": 362,
            "top": 554,
            "bottom": 569,
            "right": 469
        },
        "type": "text",
        "id": 15,
        "isClick": false,
        "content": "Install Now"
    },
    {
        "location": {
            "left": 41,
            "top": 593,
            "bottom": 612,
            "right": 395
        },
        "type": "text",
        "id": 16,
        "isClick": true,
        "content": "Specific bug fixes to minimize random"
    },
    {
        "location": {
            "left": 412,
            "top": 595,
            "bottom": 609,
            "right": 493
        },
        "type": "text",
        "id": 17,
        "isClick": false,
        "content": "crashes ."
    },
    {
        "location": {
            "left": 50,
            "top": 633,
            "bottom": 650,
            "right": 507
        },
        "type": "text",
        "id": 18,
        "isClick": false,
        "content": "Miscellaneous bugs fixes discovered in previous"
    },
    {
        "location": {
            "left": 35,
            "top": 653,
            "bottom": 665,
            "right": 102
        },
        "type": "text",
        "id": 19,
        "isClick": false,
        "content": "version ."
    },
    {
        "location": {
            "left": 39,
            "top": 711,
            "bottom": 727,
            "right": 323
        },
        "type": "text",
        "id": 20,
        "isClick": false,
        "content": "Would you like to update now ?"
    },
    {
        "location": {
            "left": 212,
            "top": 845,
            "bottom": 862,
            "right": 329
        },
        "type": "text",
        "id": 21,
        "isClick": false,
        "content": "Update Now"
    }
]