[
    {
        "isClick": false,
        "id": 0,
        "content": "4:20",
        "type": "text",
        "location": {
            "right": 527,
            "top": 9,
            "left": 494,
            "bottom": 22
        }
    },
    {
        "isClick": false,
        "id": 1,
        "content": "Email",
        "type": "text",
        "location": {
            "right": 158,
            "top": 59,
            "left": 98,
            "bottom": 78
        }
    },
    {
        "isClick": false,
        "id": 2,
        "content": "Account setup",
        "type": "text",
        "location": {
            "right": 190,
            "top": 91,
            "left": 21,
            "bottom": 116
        }
    },
    {
        "isClick": false,
        "id": 3,
        "content": "Email",
        "type": "text",
        "location": {
            "right": 122,
            "top": 171,
            "left": 35,
            "bottom": 200
        }
    },
    {
        "isClick": false,
        "id": 4,
        "content": "account",
        "type": "text",
        "location": {
            "right": 271,
            "top": 173,
            "left": 137,
            "bottom": 200
        }
    },
    {
        "isClick": false,
        "id": 5,
        "content": "You can set up your account in just a few",
        "type": "text",
        "location": {
            "right": 492,
            "top": 216,
            "left": 32,
            "bottom": 247
        }
    },
    {
        "isClick": false,
        "id": 6,
        "content": "steps .",
        "type": "text",
        "location": {
            "right": 96,
            "top": 255,
            "left": 33,
            "bottom": 275
        }
    },
    {
        "isClick": false,
        "id": 7,
        "content": "Email address",
        "type": "text",
        "location": {
            "right": 183,
            "top": 324,
            "left": 39,
            "bottom": 341
        }
    },
    {
        "isClick": false,
        "id": 8,
        "content": "MANUAL SETUP",
        "type": "text",
        "location": {
            "right": 192,
            "top": 880,
            "left": 20,
            "bottom": 898
        }
    },
    {
        "isClick": false,
        "id": 9,
        "content": "NEXT",
        "type": "text",
        "location": {
            "right": 469,
            "top": 880,
            "left": 401,
            "bottom": 898
        }
    },
    {
        "isClick": false,
        "id": 10,
        "content": ">",
        "type": "text",
        "location": {
            "right": 511,
            "top": 880,
            "left": 496,
            "bottom": 897
        }
    }
]