[
    {
        "isClick": false,
        "id": 0,
        "content": "Type",
        "type": "text",
        "location": {
            "right": 147,
            "top": 852,
            "left": 37,
            "bottom": 902
        }
    },
    {
        "isClick": false,
        "id": 1,
        "content": "your",
        "type": "text",
        "location": {
            "right": 263,
            "top": 862,
            "left": 163,
            "bottom": 903
        }
    },
    {
        "isClick": false,
        "id": 2,
        "content": "message",
        "type": "text",
        "location": {
            "right": 489,
            "top": 862,
            "left": 281,
            "bottom": 902
        }
    },
    {
        "isClick": false,
        "id": 3,
        "content": ">",
        "type": "text",
        "location": {
            "right": 1007,
            "top": 851,
            "left": 998,
            "bottom": 895
        }
    },
    {
        "isClick": false,
        "id": 4,
        "content": "Welcome to",
        "type": "text",
        "location": {
            "right": 462,
            "top": 993,
            "left": 216,
            "bottom": 1028
        }
    },
    {
        "isClick": false,
        "id": 5,
        "content": "\u00ab Free",
        "type": "text",
        "location": {
            "right": 589,
            "top": 994,
            "left": 479,
            "bottom": 1028
        }
    },
    {
        "isClick": false,
        "id": 6,
        "content": "Video",
        "type": "text",
        "location": {
            "right": 720,
            "top": 993,
            "left": 604,
            "bottom": 1028
        }
    },
    {
        "isClick": false,
        "id": 7,
        "content": "Chat \u00bb !",
        "type": "text",
        "location": {
            "right": 863,
            "top": 993,
            "left": 738,
            "bottom": 1028
        }
    },
    {
        "isClick": false,
        "id": 8,
        "content": "stop",
        "type": "text",
        "location": {
            "right": 869,
            "top": 1594,
            "left": 753,
            "bottom": 1645
        }
    },
    {
        "isClick": false,
        "id": 9,
        "content": "start",
        "type": "text",
        "location": {
            "right": 870,
            "top": 1793,
            "left": 751,
            "bottom": 1833
        }
    }
]