[
    {
        "location": {
            "left": 94,
            "top": 9,
            "bottom": 51,
            "right": 631
        },
        "type": "text",
        "id": 0,
        "isClick": false,
        "content": "fffffffff"
    },
    {
        "location": {
            "left": 780,
            "top": 13,
            "bottom": 47,
            "right": 801
        },
        "type": "text",
        "id": 1,
        "isClick": false,
        "content": "\u51fa"
    },
    {
        "location": {
            "left": 942,
            "top": 12,
            "bottom": 49,
            "right": 965
        },
        "type": "text",
        "id": 2,
        "isClick": false,
        "content": "&"
    },
    {
        "location": {
            "left": 988,
            "top": 17,
            "bottom": 48,
            "right": 1056
        },
        "type": "text",
        "id": 3,
        "isClick": false,
        "content": "3:23"
    },
    {
        "location": {
            "left": 742,
            "top": 80,
            "bottom": 110,
            "right": 1072
        },
        "type": "text",
        "id": 4,
        "isClick": false,
        "content": "ALL COMPETITIONS"
    },
    {
        "location": {
            "left": 41,
            "top": 169,
            "bottom": 210,
            "right": 124
        },
        "type": "text",
        "id": 5,
        "isClick": false,
        "content": "FOX"
    },
    {
        "location": {
            "left": 143,
            "top": 168,
            "bottom": 211,
            "right": 315
        },
        "type": "text",
        "id": 6,
        "isClick": false,
        "content": "SOCCER"
    },
    {
        "location": {
            "left": 333,
            "top": 169,
            "bottom": 212,
            "right": 427
        },
        "type": "text",
        "id": 7,
        "isClick": false,
        "content": "2GO"
    },
    {
        "location": {
            "left": 723,
            "top": 152,
            "bottom": 224,
            "right": 785
        },
        "type": "text",
        "id": 8,
        "isClick": false,
        "content": "C"
    },
    {
        "location": {
            "left": 95,
            "top": 345,
            "bottom": 377,
            "right": 173
        },
        "type": "text",
        "id": 9,
        "isClick": false,
        "content": "LIVE"
    },
    {
        "location": {
            "left": 352,
            "top": 345,
            "bottom": 378,
            "right": 456
        },
        "type": "text",
        "id": 10,
        "isClick": true,
        "content": "NEWS"
    },
    {
        "location": {
            "left": 607,
            "top": 345,
            "bottom": 378,
            "right": 741
        },
        "type": "text",
        "id": 11,
        "isClick": false,
        "content": "VIDEOS"
    },
    {
        "location": {
            "left": 871,
            "top": 345,
            "bottom": 379,
            "right": 1018
        },
        "type": "text",
        "id": 12,
        "isClick": false,
        "content": "SCORES"
    },
    {
        "location": {
            "left": 79,
            "top": 449,
            "bottom": 479,
            "right": 196
        },
        "type": "text",
        "id": 13,
        "isClick": false,
        "content": "Access"
    },
    {
        "location": {
            "left": 211,
            "top": 451,
            "bottom": 479,
            "right": 311
        },
        "type": "text",
        "id": 14,
        "isClick": false,
        "content": "Issues"
    },
    {
        "location": {
            "left": 79,
            "top": 568,
            "bottom": 601,
            "right": 280
        },
        "type": "text",
        "id": 15,
        "isClick": false,
        "content": "Audio / Video"
    },
    {
        "location": {
            "left": 295,
            "top": 569,
            "bottom": 601,
            "right": 395
        },
        "type": "text",
        "id": 16,
        "isClick": false,
        "content": "Issues"
    },
    {
        "location": {
            "left": 80,
            "top": 683,
            "bottom": 725,
            "right": 175
        },
        "type": "text",
        "id": 17,
        "isClick": false,
        "content": "Billing"
    },
    {
        "location": {
            "left": 189,
            "top": 688,
            "bottom": 721,
            "right": 290
        },
        "type": "text",
        "id": 18,
        "isClick": false,
        "content": "Issues"
    },
    {
        "location": {
            "left": 1029,
            "top": 692,
            "bottom": 722,
            "right": 1050
        },
        "type": "text",
        "id": 19,
        "isClick": false,
        "content": ">"
    },
    {
        "location": {
            "left": 81,
            "top": 803,
            "bottom": 838,
            "right": 200
        },
        "type": "text",
        "id": 20,
        "isClick": false,
        "content": "General"
    },
    {
        "location": {
            "left": 216,
            "top": 804,
            "bottom": 838,
            "right": 316
        },
        "type": "text",
        "id": 21,
        "isClick": false,
        "content": "Issues"
    },
    {
        "location": {
            "left": 1029,
            "top": 811,
            "bottom": 842,
            "right": 1050
        },
        "type": "text",
        "id": 22,
        "isClick": false,
        "content": ">"
    },
    {
        "location": {
            "left": 125,
            "top": 1024,
            "bottom": 1237,
            "right": 810
        },
        "type": "text",
        "id": 23,
        "isClick": false,
        "content": "FO"
    },
    {
        "location": {
            "left": 27,
            "top": 1235,
            "bottom": 1415,
            "right": 995
        },
        "type": "text",
        "id": 24,
        "isClick": false,
        "content": "SOGGER"
    },
    {
        "location": {
            "left": 158,
            "top": 1422,
            "bottom": 1626,
            "right": 800
        },
        "type": "text",
        "id": 25,
        "isClick": false,
        "content": "1200"
    },
    {
        "location": {
            "left": 778,
            "top": 1746,
            "bottom": 1787,
            "right": 1064
        },
        "type": "text",
        "id": 26,
        "isClick": false,
        "content": "Score Ticker +"
    }
]