[
    {
        "location": {
            "left": 94,
            "top": 9,
            "bottom": 51,
            "right": 631
        },
        "type": "text",
        "id": 0,
        "isClick": false,
        "content": "fffffffff"
    },
    {
        "location": {
            "left": 942,
            "top": 12,
            "bottom": 49,
            "right": 965
        },
        "type": "text",
        "id": 1,
        "isClick": false,
        "content": "&"
    },
    {
        "location": {
            "left": 988,
            "top": 17,
            "bottom": 48,
            "right": 1057
        },
        "type": "text",
        "id": 2,
        "isClick": false,
        "content": "3:24"
    },
    {
        "location": {
            "left": 742,
            "top": 80,
            "bottom": 110,
            "right": 1072
        },
        "type": "text",
        "id": 3,
        "isClick": false,
        "content": "ALL COMPETITIONS"
    },
    {
        "location": {
            "left": 40,
            "top": 169,
            "bottom": 209,
            "right": 122
        },
        "type": "text",
        "id": 4,
        "isClick": false,
        "content": "FOX"
    },
    {
        "location": {
            "left": 143,
            "top": 165,
            "bottom": 212,
            "right": 439
        },
        "type": "text",
        "id": 5,
        "isClick": false,
        "content": "SOCCER 2GO"
    },
    {
        "location": {
            "left": 723,
            "top": 152,
            "bottom": 224,
            "right": 785
        },
        "type": "text",
        "id": 6,
        "isClick": false,
        "content": "C"
    },
    {
        "location": {
            "left": 95,
            "top": 345,
            "bottom": 378,
            "right": 173
        },
        "type": "text",
        "id": 7,
        "isClick": false,
        "content": "LIVE"
    },
    {
        "location": {
            "left": 352,
            "top": 345,
            "bottom": 378,
            "right": 457
        },
        "type": "text",
        "id": 8,
        "isClick": false,
        "content": "NEWS"
    },
    {
        "location": {
            "left": 606,
            "top": 345,
            "bottom": 379,
            "right": 742
        },
        "type": "text",
        "id": 9,
        "isClick": true,
        "content": "VIDEOS"
    },
    {
        "location": {
            "left": 870,
            "top": 345,
            "bottom": 379,
            "right": 1017
        },
        "type": "text",
        "id": 10,
        "isClick": false,
        "content": "SCORES"
    },
    {
        "location": {
            "left": 734,
            "top": 608,
            "bottom": 681,
            "right": 773
        },
        "type": "text",
        "id": 11,
        "isClick": false,
        "content": "8"
    },
    {
        "location": {
            "left": 26,
            "top": 963,
            "bottom": 997,
            "right": 47
        },
        "type": "text",
        "id": 12,
        "isClick": false,
        "content": "<"
    },
    {
        "location": {
            "left": 28,
            "top": 1057,
            "bottom": 1105,
            "right": 289
        },
        "type": "text",
        "id": 13,
        "isClick": false,
        "content": "Chicharito"
    },
    {
        "location": {
            "left": 308,
            "top": 1071,
            "bottom": 1115,
            "right": 431
        },
        "type": "text",
        "id": 14,
        "isClick": false,
        "content": "goes"
    },
    {
        "location": {
            "left": 448,
            "top": 1058,
            "bottom": 1105,
            "right": 521
        },
        "type": "text",
        "id": 15,
        "isClick": false,
        "content": "for"
    },
    {
        "location": {
            "left": 540,
            "top": 1057,
            "bottom": 1105,
            "right": 723
        },
        "type": "text",
        "id": 16,
        "isClick": false,
        "content": "Mexico"
    },
    {
        "location": {
            "left": 742,
            "top": 1059,
            "bottom": 1115,
            "right": 847
        },
        "type": "text",
        "id": 17,
        "isClick": false,
        "content": "goal"
    },
    {
        "location": {
            "left": 870,
            "top": 1059,
            "bottom": 1105,
            "right": 1029
        },
        "type": "text",
        "id": 18,
        "isClick": false,
        "content": "record"
    },
    {
        "location": {
            "left": 30,
            "top": 1127,
            "bottom": 1174,
            "right": 69
        },
        "type": "text",
        "id": 19,
        "isClick": false,
        "content": "in"
    },
    {
        "location": {
            "left": 88,
            "top": 1126,
            "bottom": 1176,
            "right": 235
        },
        "type": "text",
        "id": 20,
        "isClick": false,
        "content": "World"
    },
    {
        "location": {
            "left": 254,
            "top": 1128,
            "bottom": 1183,
            "right": 353
        },
        "type": "text",
        "id": 21,
        "isClick": false,
        "content": "Cup"
    },
    {
        "location": {
            "left": 370,
            "top": 1125,
            "bottom": 1183,
            "right": 581
        },
        "type": "text",
        "id": 22,
        "isClick": false,
        "content": "qualifier"
    },
    {
        "location": {
            "left": 598,
            "top": 1137,
            "bottom": 1176,
            "right": 669
        },
        "type": "text",
        "id": 23,
        "isClick": false,
        "content": "vs."
    },
    {
        "location": {
            "left": 688,
            "top": 1121,
            "bottom": 1176,
            "right": 897
        },
        "type": "text",
        "id": 24,
        "isClick": false,
        "content": "Trinidad"
    },
    {
        "location": {
            "left": 916,
            "top": 1128,
            "bottom": 1176,
            "right": 949
        },
        "type": "text",
        "id": 25,
        "isClick": false,
        "content": "&"
    },
    {
        "location": {
            "left": 28,
            "top": 1194,
            "bottom": 1248,
            "right": 215
        },
        "type": "text",
        "id": 26,
        "isClick": false,
        "content": "Tobago"
    },
    {
        "location": {
            "left": 924,
            "top": 1296,
            "bottom": 1328,
            "right": 1014
        },
        "type": "text",
        "id": 27,
        "isClick": false,
        "content": "share"
    },
    {
        "location": {
            "left": 29,
            "top": 1296,
            "bottom": 1330,
            "right": 333
        },
        "type": "text",
        "id": 28,
        "isClick": false,
        "content": "Mar 28,2017 21:38"
    },
    {
        "location": {
            "left": 348,
            "top": 1297,
            "bottom": 1328,
            "right": 396
        },
        "type": "text",
        "id": 29,
        "isClick": false,
        "content": "PM"
    },
    {
        "location": {
            "left": 27,
            "top": 1377,
            "bottom": 1420,
            "right": 487
        },
        "type": "text",
        "id": 30,
        "isClick": false,
        "content": "After pulling even with Jared"
    },
    {
        "location": {
            "left": 503,
            "top": 1378,
            "bottom": 1419,
            "right": 1042
        },
        "type": "text",
        "id": 31,
        "isClick": false,
        "content": "Borgetti for Mexico's all - time goal"
    },
    {
        "location": {
            "left": 29,
            "top": 1425,
            "bottom": 1459,
            "right": 445
        },
        "type": "text",
        "id": 32,
        "isClick": false,
        "content": "record , Javier \" Chicharito \""
    },
    {
        "location": {
            "left": 460,
            "top": 1421,
            "bottom": 1457,
            "right": 969
        },
        "type": "text",
        "id": 33,
        "isClick": false,
        "content": "Hernandez sets out to seize the"
    },
    {
        "location": {
            "left": 28,
            "top": 1463,
            "bottom": 1498,
            "right": 482
        },
        "type": "text",
        "id": 34,
        "isClick": false,
        "content": "distinction for his own when"
    },
    {
        "location": {
            "left": 497,
            "top": 1465,
            "bottom": 1505,
            "right": 1015
        },
        "type": "text",
        "id": 35,
        "isClick": false,
        "content": "El Tri plays at Trinidad & Tobago"
    },
    {
        "location": {
            "left": 29,
            "top": 1510,
            "bottom": 1544,
            "right": 156
        },
        "type": "text",
        "id": 36,
        "isClick": false,
        "content": "in World"
    },
    {
        "location": {
            "left": 171,
            "top": 1510,
            "bottom": 1550,
            "right": 546
        },
        "type": "text",
        "id": 37,
        "isClick": false,
        "content": "Cup qualifying Tuesday"
    },
    {
        "location": {
            "left": 557,
            "top": 1510,
            "bottom": 1548,
            "right": 648
        },
        "type": "text",
        "id": 38,
        "isClick": false,
        "content": "night ."
    },
    {
        "location": {
            "left": 28,
            "top": 1594,
            "bottom": 1633,
            "right": 742
        },
        "type": "text",
        "id": 39,
        "isClick": false,
        "content": "Chicharito sits on 46 international goals and"
    },
    {
        "location": {
            "left": 758,
            "top": 1596,
            "bottom": 1626,
            "right": 983
        },
        "type": "text",
        "id": 40,
        "isClick": false,
        "content": "has recovered"
    },
    {
        "location": {
            "left": 27,
            "top": 1634,
            "bottom": 1674,
            "right": 516
        },
        "type": "text",
        "id": 41,
        "isClick": false,
        "content": "from the leg knock that forced"
    },
    {
        "location": {
            "left": 531,
            "top": 1635,
            "bottom": 1673,
            "right": 990
        },
        "type": "text",
        "id": 42,
        "isClick": false,
        "content": "him out of Mexico's win over"
    },
    {
        "location": {
            "left": 28,
            "top": 1682,
            "bottom": 1713,
            "right": 119
        },
        "type": "text",
        "id": 43,
        "isClick": false,
        "content": "Costa"
    },
    {
        "location": {
            "left": 134,
            "top": 1681,
            "bottom": 1713,
            "right": 545
        },
        "type": "text",
        "id": 44,
        "isClick": false,
        "content": "Rica at Estadio Azteca on"
    },
    {
        "location": {
            "left": 560,
            "top": 1681,
            "bottom": 1718,
            "right": 955
        },
        "type": "text",
        "id": 45,
        "isClick": false,
        "content": "Friday - a result that shot"
    },
    {
        "location": {
            "left": 780,
            "top": 1751,
            "bottom": 1785,
            "right": 883
        },
        "type": "text",
        "id": 46,
        "isClick": false,
        "content": "Score"
    },
    {
        "location": {
            "left": 898,
            "top": 1747,
            "bottom": 1785,
            "right": 1013
        },
        "type": "text",
        "id": 47,
        "isClick": false,
        "content": "Ticker"
    },
    {
        "location": {
            "left": 1028,
            "top": 1746,
            "bottom": 1787,
            "right": 1065
        },
        "type": "text",
        "id": 48,
        "isClick": false,
        "content": "+"
    },
    {
        "location": {
            "left": 23,
            "top": 1723,
            "bottom": 1739,
            "right": 129
        },
        "type": "text",
        "id": 49,
        "isClick": false,
        "content": "Mlavia"
    },
    {
        "location": {
            "left": 421,
            "top": 1723,
            "bottom": 1739,
            "right": 498
        },
        "type": "text",
        "id": 50,
        "isClick": false,
        "content": "table"
    },
    {
        "location": {
            "left": 515,
            "top": 1724,
            "bottom": 1739,
            "right": 532
        },
        "type": "text",
        "id": 51,
        "isClick": false,
        "content": "in"
    },
    {
        "location": {
            "left": 554,
            "top": 1724,
            "bottom": 1739,
            "right": 604
        },
        "type": "text",
        "id": 52,
        "isClick": false,
        "content": "the"
    },
    {
        "location": {
            "left": 637,
            "top": 1723,
            "bottom": 1740,
            "right": 735
        },
        "type": "text",
        "id": 53,
        "isClick": false,
        "content": "ANOM"
    }
]