[
    {
        "location": {
            "left": 26,
            "top": 14,
            "bottom": 50,
            "right": 69
        },
        "type": "text",
        "id": 0,
        "isClick": false,
        "content": "."
    },
    {
        "location": {
            "left": 94,
            "top": 14,
            "bottom": 50,
            "right": 127
        },
        "type": "text",
        "id": 1,
        "isClick": false,
        "content": "f"
    },
    {
        "location": {
            "left": 156,
            "top": 12,
            "bottom": 51,
            "right": 189
        },
        "type": "text",
        "id": 2,
        "isClick": false,
        "content": "f"
    },
    {
        "location": {
            "left": 220,
            "top": 14,
            "bottom": 50,
            "right": 253
        },
        "type": "text",
        "id": 3,
        "isClick": false,
        "content": "f"
    },
    {
        "location": {
            "left": 282,
            "top": 14,
            "bottom": 51,
            "right": 315
        },
        "type": "text",
        "id": 4,
        "isClick": false,
        "content": "f"
    },
    {
        "location": {
            "left": 346,
            "top": 14,
            "bottom": 51,
            "right": 379
        },
        "type": "text",
        "id": 5,
        "isClick": false,
        "content": "f"
    },
    {
        "location": {
            "left": 408,
            "top": 14,
            "bottom": 50,
            "right": 441
        },
        "type": "text",
        "id": 6,
        "isClick": false,
        "content": "f"
    },
    {
        "location": {
            "left": 472,
            "top": 14,
            "bottom": 51,
            "right": 505
        },
        "type": "text",
        "id": 7,
        "isClick": false,
        "content": "f"
    },
    {
        "location": {
            "left": 534,
            "top": 14,
            "bottom": 50,
            "right": 567
        },
        "type": "text",
        "id": 8,
        "isClick": false,
        "content": "f"
    },
    {
        "location": {
            "left": 598,
            "top": 14,
            "bottom": 50,
            "right": 631
        },
        "type": "text",
        "id": 9,
        "isClick": false,
        "content": "f"
    },
    {
        "location": {
            "left": 666,
            "top": 10,
            "bottom": 51,
            "right": 687
        },
        "type": "text",
        "id": 10,
        "isClick": false,
        "content": "?"
    },
    {
        "location": {
            "left": 942,
            "top": 12,
            "bottom": 48,
            "right": 966
        },
        "type": "text",
        "id": 11,
        "isClick": false,
        "content": "$"
    },
    {
        "location": {
            "left": 988,
            "top": 17,
            "bottom": 48,
            "right": 1057
        },
        "type": "text",
        "id": 12,
        "isClick": false,
        "content": "3:24"
    },
    {
        "location": {
            "left": 30,
            "top": 105,
            "bottom": 161,
            "right": 141
        },
        "type": "text",
        "id": 13,
        "isClick": false,
        "content": "FOX"
    },
    {
        "location": {
            "left": 162,
            "top": 106,
            "bottom": 161,
            "right": 355
        },
        "type": "text",
        "id": 14,
        "isClick": false,
        "content": "Soccer"
    },
    {
        "location": {
            "left": 376,
            "top": 105,
            "bottom": 161,
            "right": 491
        },
        "type": "text",
        "id": 15,
        "isClick": false,
        "content": "2GO"
    },
    {
        "location": {
            "left": 514,
            "top": 106,
            "bottom": 167,
            "right": 613
        },
        "type": "text",
        "id": 16,
        "isClick": false,
        "content": "Log"
    },
    {
        "location": {
            "left": 638,
            "top": 105,
            "bottom": 160,
            "right": 681
        },
        "type": "text",
        "id": 17,
        "isClick": false,
        "content": "In"
    },
    {
        "location": {
            "left": 28,
            "top": 209,
            "bottom": 241,
            "right": 126
        },
        "type": "text",
        "id": 18,
        "isClick": false,
        "content": "Watch"
    },
    {
        "location": {
            "left": 142,
            "top": 209,
            "bottom": 241,
            "right": 324
        },
        "type": "text",
        "id": 19,
        "isClick": false,
        "content": "live Games !"
    },
    {
        "location": {
            "left": 340,
            "top": 209,
            "bottom": 241,
            "right": 1008
        },
        "type": "text",
        "id": 20,
        "isClick": false,
        "content": "Current FOX Soccer 2GO Subscribers can"
    },
    {
        "location": {
            "left": 28,
            "top": 257,
            "bottom": 288,
            "right": 139
        },
        "type": "text",
        "id": 21,
        "isClick": false,
        "content": "access"
    },
    {
        "location": {
            "left": 154,
            "top": 250,
            "bottom": 288,
            "right": 273
        },
        "type": "text",
        "id": 22,
        "isClick": false,
        "content": "live and"
    },
    {
        "location": {
            "left": 288,
            "top": 253,
            "bottom": 289,
            "right": 469
        },
        "type": "text",
        "id": 23,
        "isClick": false,
        "content": "on - demand"
    },
    {
        "location": {
            "left": 484,
            "top": 249,
            "bottom": 291,
            "right": 643
        },
        "type": "text",
        "id": 24,
        "isClick": false,
        "content": "streaming"
    },
    {
        "location": {
            "left": 658,
            "top": 249,
            "bottom": 292,
            "right": 819
        },
        "type": "text",
        "id": 25,
        "isClick": false,
        "content": "by logging"
    },
    {
        "location": {
            "left": 834,
            "top": 250,
            "bottom": 289,
            "right": 865
        },
        "type": "text",
        "id": 26,
        "isClick": false,
        "content": "in ."
    },
    {
        "location": {
            "left": 36,
            "top": 337,
            "bottom": 376,
            "right": 292
        },
        "type": "text",
        "id": 27,
        "isClick": false,
        "content": "Already have an"
    },
    {
        "location": {
            "left": 307,
            "top": 337,
            "bottom": 369,
            "right": 400
        },
        "type": "text",
        "id": 28,
        "isClick": false,
        "content": "active"
    },
    {
        "location": {
            "left": 415,
            "top": 337,
            "bottom": 369,
            "right": 840
        },
        "type": "text",
        "id": 29,
        "isClick": false,
        "content": "FOX Soccer 2GO account ?"
    },
    {
        "location": {
            "left": 26,
            "top": 378,
            "bottom": 421,
            "right": 160
        },
        "type": "text",
        "id": 30,
        "isClick": false,
        "content": "Tap ' Log"
    },
    {
        "location": {
            "left": 173,
            "top": 377,
            "bottom": 417,
            "right": 311
        },
        "type": "text",
        "id": 31,
        "isClick": false,
        "content": "In ' below"
    },
    {
        "location": {
            "left": 312,
            "top": 385,
            "bottom": 414,
            "right": 316
        },
        "type": "text",
        "id": 32,
        "isClick": false,
        "content": "."
    },
    {
        "location": {
            "left": 28,
            "top": 418,
            "bottom": 457,
            "right": 419
        },
        "type": "text",
        "id": 33,
        "isClick": false,
        "content": "Get Live and on - demand"
    },
    {
        "location": {
            "left": 434,
            "top": 424,
            "bottom": 459,
            "right": 951
        },
        "type": "text",
        "id": 34,
        "isClick": false,
        "content": "streaming for over 1,200 games"
    },
    {
        "location": {
            "left": 964,
            "top": 432,
            "bottom": 459,
            "right": 1013
        },
        "type": "text",
        "id": 35,
        "isClick": false,
        "content": "per"
    },
    {
        "location": {
            "left": 27,
            "top": 465,
            "bottom": 506,
            "right": 408
        },
        "type": "text",
        "id": 36,
        "isClick": false,
        "content": "season on your Android"
    },
    {
        "location": {
            "left": 423,
            "top": 460,
            "bottom": 505,
            "right": 806
        },
        "type": "text",
        "id": 37,
        "isClick": false,
        "content": "Smartphone , Tablet and"
    },
    {
        "location": {
            "left": 822,
            "top": 459,
            "bottom": 497,
            "right": 970
        },
        "type": "text",
        "id": 38,
        "isClick": false,
        "content": "PC with a"
    },
    {
        "location": {
            "left": 985,
            "top": 465,
            "bottom": 497,
            "right": 1048
        },
        "type": "text",
        "id": 39,
        "isClick": false,
        "content": "FOX"
    },
    {
        "location": {
            "left": 28,
            "top": 503,
            "bottom": 545,
            "right": 217
        },
        "type": "text",
        "id": 40,
        "isClick": false,
        "content": "Soccer 2GO"
    },
    {
        "location": {
            "left": 231,
            "top": 506,
            "bottom": 547,
            "right": 440
        },
        "type": "text",
        "id": 41,
        "isClick": false,
        "content": "Subscription ."
    },
    {
        "location": {
            "left": 483,
            "top": 609,
            "bottom": 653,
            "right": 549
        },
        "type": "text",
        "id": 42,
        "isClick": false,
        "content": "Log"
    },
    {
        "location": {
            "left": 565,
            "top": 609,
            "bottom": 649,
            "right": 595
        },
        "type": "text",
        "id": 43,
        "isClick": false,
        "content": "In"
    },
    {
        "location": {
            "left": 327,
            "top": 896,
            "bottom": 1119,
            "right": 572
        },
        "type": "text",
        "id": 44,
        "isClick": false,
        "content": "FO"
    },
    {
        "location": {
            "left": 12,
            "top": 1143,
            "bottom": 1378,
            "right": 1007
        },
        "type": "text",
        "id": 45,
        "isClick": false,
        "content": "SOCCER"
    },
    {
        "location": {
            "left": 158,
            "top": 1383,
            "bottom": 1609,
            "right": 863
        },
        "type": "text",
        "id": 46,
        "isClick": false,
        "content": "200"
    },
    {
        "location": {
            "left": 214,
            "top": 1833,
            "bottom": 1880,
            "right": 258
        },
        "type": "text",
        "id": 47,
        "isClick": true,
        "content": "V"
    }
]