[
    {
        "location": {
            "left": 94,
            "top": 9,
            "bottom": 51,
            "right": 631
        },
        "type": "text",
        "id": 0,
        "isClick": false,
        "content": "fffffffff"
    },
    {
        "location": {
            "left": 942,
            "top": 12,
            "bottom": 49,
            "right": 965
        },
        "type": "text",
        "id": 1,
        "isClick": false,
        "content": "&"
    },
    {
        "location": {
            "left": 988,
            "top": 17,
            "bottom": 48,
            "right": 1057
        },
        "type": "text",
        "id": 2,
        "isClick": false,
        "content": "3:24"
    },
    {
        "location": {
            "left": 742,
            "top": 80,
            "bottom": 110,
            "right": 1072
        },
        "type": "text",
        "id": 3,
        "isClick": false,
        "content": "ALL COMPETITIONS"
    },
    {
        "location": {
            "left": 41,
            "top": 169,
            "bottom": 210,
            "right": 124
        },
        "type": "text",
        "id": 4,
        "isClick": false,
        "content": "FOX"
    },
    {
        "location": {
            "left": 143,
            "top": 168,
            "bottom": 211,
            "right": 315
        },
        "type": "text",
        "id": 5,
        "isClick": false,
        "content": "SOCCER"
    },
    {
        "location": {
            "left": 333,
            "top": 169,
            "bottom": 212,
            "right": 427
        },
        "type": "text",
        "id": 6,
        "isClick": false,
        "content": "2GO"
    },
    {
        "location": {
            "left": 723,
            "top": 152,
            "bottom": 222,
            "right": 785
        },
        "type": "text",
        "id": 7,
        "isClick": false,
        "content": "C"
    },
    {
        "location": {
            "left": 95,
            "top": 345,
            "bottom": 377,
            "right": 173
        },
        "type": "text",
        "id": 8,
        "isClick": false,
        "content": "LIVE"
    },
    {
        "location": {
            "left": 353,
            "top": 345,
            "bottom": 379,
            "right": 457
        },
        "type": "text",
        "id": 9,
        "isClick": false,
        "content": "NEWS"
    },
    {
        "location": {
            "left": 606,
            "top": 346,
            "bottom": 377,
            "right": 741
        },
        "type": "text",
        "id": 10,
        "isClick": false,
        "content": "VIDEOS"
    },
    {
        "location": {
            "left": 871,
            "top": 345,
            "bottom": 378,
            "right": 1018
        },
        "type": "text",
        "id": 11,
        "isClick": true,
        "content": "SCORES"
    },
    {
        "location": {
            "left": 195,
            "top": 449,
            "bottom": 473,
            "right": 345
        },
        "type": "text",
        "id": 12,
        "isClick": false,
        "content": "FEATURED"
    },
    {
        "location": {
            "left": 718,
            "top": 449,
            "bottom": 476,
            "right": 902
        },
        "type": "text",
        "id": 13,
        "isClick": false,
        "content": "FULL MATCH"
    },
    {
        "location": {
            "left": 48,
            "top": 584,
            "bottom": 606,
            "right": 239
        },
        "type": "text",
        "id": 14,
        "isClick": false,
        "content": "BUNDESLIGA SPECIAL"
    },
    {
        "location": {
            "left": 71,
            "top": 613,
            "bottom": 632,
            "right": 109
        },
        "type": "text",
        "id": 15,
        "isClick": false,
        "content": "BES"
    },
    {
        "location": {
            "left": 167,
            "top": 611,
            "bottom": 632,
            "right": 207
        },
        "type": "text",
        "id": 16,
        "isClick": false,
        "content": "ARCH"
    },
    {
        "location": {
            "left": 285,
            "top": 529,
            "bottom": 573,
            "right": 491
        },
        "type": "text",
        "id": 17,
        "isClick": false,
        "content": "Bundesliga"
    },
    {
        "location": {
            "left": 505,
            "top": 529,
            "bottom": 569,
            "right": 797
        },
        "type": "text",
        "id": 18,
        "isClick": false,
        "content": "Best v of March"
    },
    {
        "location": {
            "left": 296,
            "top": 594,
            "bottom": 629,
            "right": 437
        },
        "type": "text",
        "id": 19,
        "isClick": false,
        "content": "03/28/17"
    },
    {
        "location": {
            "left": 285,
            "top": 753,
            "bottom": 793,
            "right": 441
        },
        "type": "text",
        "id": 20,
        "isClick": false,
        "content": "Russia v"
    },
    {
        "location": {
            "left": 455,
            "top": 753,
            "bottom": 795,
            "right": 607
        },
        "type": "text",
        "id": 21,
        "isClick": false,
        "content": "Belgium"
    },
    {
        "location": {
            "left": 296,
            "top": 818,
            "bottom": 850,
            "right": 437
        },
        "type": "text",
        "id": 22,
        "isClick": false,
        "content": "03/28/17"
    },
    {
        "location": {
            "left": 285,
            "top": 977,
            "bottom": 1021,
            "right": 470
        },
        "type": "text",
        "id": 23,
        "isClick": false,
        "content": "MatchDay"
    },
    {
        "location": {
            "left": 485,
            "top": 977,
            "bottom": 1017,
            "right": 536
        },
        "type": "text",
        "id": 24,
        "isClick": false,
        "content": "5 v"
    },
    {
        "location": {
            "left": 551,
            "top": 977,
            "bottom": 1019,
            "right": 740
        },
        "type": "text",
        "id": 25,
        "isClick": false,
        "content": "Highlights"
    },
    {
        "location": {
            "left": 755,
            "top": 979,
            "bottom": 1017,
            "right": 854
        },
        "type": "text",
        "id": 26,
        "isClick": false,
        "content": "Show"
    },
    {
        "location": {
            "left": 296,
            "top": 1041,
            "bottom": 1074,
            "right": 437
        },
        "type": "text",
        "id": 27,
        "isClick": false,
        "content": "03/27/17"
    },
    {
        "location": {
            "left": 1010,
            "top": 1039,
            "bottom": 1096,
            "right": 1049
        },
        "type": "text",
        "id": 28,
        "isClick": false,
        "content": ">"
    },
    {
        "location": {
            "left": 99,
            "top": 1085,
            "bottom": 1104,
            "right": 188
        },
        "type": "text",
        "id": 29,
        "isClick": false,
        "content": "EUROPEAN"
    },
    {
        "location": {
            "left": 86,
            "top": 1102,
            "bottom": 1125,
            "right": 199
        },
        "type": "text",
        "id": 30,
        "isClick": false,
        "content": "QUALIFIERS"
    },
    {
        "location": {
            "left": 274,
            "top": 1197,
            "bottom": 1250,
            "right": 509
        },
        "type": "text",
        "id": 31,
        "isClick": false,
        "content": "Montenegro"
    },
    {
        "location": {
            "left": 522,
            "top": 1201,
            "bottom": 1241,
            "right": 683
        },
        "type": "text",
        "id": 32,
        "isClick": false,
        "content": "v Poland"
    },
    {
        "location": {
            "left": 296,
            "top": 1265,
            "bottom": 1297,
            "right": 437
        },
        "type": "text",
        "id": 33,
        "isClick": false,
        "content": "03/26/17"
    },
    {
        "location": {
            "left": 1010,
            "top": 1263,
            "bottom": 1320,
            "right": 1050
        },
        "type": "text",
        "id": 34,
        "isClick": false,
        "content": ">"
    },
    {
        "location": {
            "left": 286,
            "top": 1425,
            "bottom": 1457,
            "right": 591
        },
        "type": "text",
        "id": 35,
        "isClick": false,
        "content": "Malta v Slovakia"
    },
    {
        "location": {
            "left": 296,
            "top": 1489,
            "bottom": 1520,
            "right": 437
        },
        "type": "text",
        "id": 36,
        "isClick": false,
        "content": "03/26/17"
    },
    {
        "location": {
            "left": 1010,
            "top": 1486,
            "bottom": 1544,
            "right": 1050
        },
        "type": "text",
        "id": 37,
        "isClick": false,
        "content": ">"
    },
    {
        "location": {
            "left": 168,
            "top": 1678,
            "bottom": 1705,
            "right": 291
        },
        "type": "text",
        "id": 38,
        "isClick": false,
        "content": "Previous"
    },
    {
        "location": {
            "left": 301,
            "top": 1678,
            "bottom": 1710,
            "right": 371
        },
        "type": "text",
        "id": 39,
        "isClick": false,
        "content": "Page"
    },
    {
        "location": {
            "left": 738,
            "top": 1674,
            "bottom": 1712,
            "right": 882
        },
        "type": "text",
        "id": 40,
        "isClick": false,
        "content": "Next Page"
    },
    {
        "location": {
            "left": 780,
            "top": 1751,
            "bottom": 1785,
            "right": 883
        },
        "type": "text",
        "id": 41,
        "isClick": false,
        "content": "Score"
    },
    {
        "location": {
            "left": 898,
            "top": 1747,
            "bottom": 1785,
            "right": 1013
        },
        "type": "text",
        "id": 42,
        "isClick": false,
        "content": "Ticker"
    },
    {
        "location": {
            "left": 1028,
            "top": 1746,
            "bottom": 1787,
            "right": 1065
        },
        "type": "text",
        "id": 43,
        "isClick": false,
        "content": "+"
    }
]