[
    {
        "location": {
            "left": 94,
            "top": 10,
            "bottom": 53,
            "right": 127
        },
        "type": "text",
        "id": 0,
        "isClick": false,
        "content": "f"
    },
    {
        "location": {
            "left": 156,
            "top": 14,
            "bottom": 51,
            "right": 189
        },
        "type": "text",
        "id": 1,
        "isClick": false,
        "content": "f"
    },
    {
        "location": {
            "left": 220,
            "top": 14,
            "bottom": 50,
            "right": 253
        },
        "type": "text",
        "id": 2,
        "isClick": false,
        "content": "f"
    },
    {
        "location": {
            "left": 282,
            "top": 14,
            "bottom": 53,
            "right": 315
        },
        "type": "text",
        "id": 3,
        "isClick": false,
        "content": "f"
    },
    {
        "location": {
            "left": 346,
            "top": 14,
            "bottom": 52,
            "right": 379
        },
        "type": "text",
        "id": 4,
        "isClick": false,
        "content": "f"
    },
    {
        "location": {
            "left": 408,
            "top": 11,
            "bottom": 52,
            "right": 441
        },
        "type": "text",
        "id": 5,
        "isClick": false,
        "content": "f"
    },
    {
        "location": {
            "left": 472,
            "top": 13,
            "bottom": 51,
            "right": 505
        },
        "type": "text",
        "id": 6,
        "isClick": false,
        "content": "f"
    },
    {
        "location": {
            "left": 534,
            "top": 13,
            "bottom": 53,
            "right": 567
        },
        "type": "text",
        "id": 7,
        "isClick": false,
        "content": "f"
    },
    {
        "location": {
            "left": 598,
            "top": 10,
            "bottom": 53,
            "right": 631
        },
        "type": "text",
        "id": 8,
        "isClick": false,
        "content": "f"
    },
    {
        "location": {
            "left": 666,
            "top": 10,
            "bottom": 53,
            "right": 687
        },
        "type": "text",
        "id": 9,
        "isClick": false,
        "content": "1"
    },
    {
        "location": {
            "left": 989,
            "top": 17,
            "bottom": 49,
            "right": 1056
        },
        "type": "text",
        "id": 10,
        "isClick": false,
        "content": "5:42"
    },
    {
        "location": {
            "left": 45,
            "top": 119,
            "bottom": 157,
            "right": 128
        },
        "type": "text",
        "id": 11,
        "isClick": false,
        "content": "Pun"
    },
    {
        "location": {
            "left": 147,
            "top": 117,
            "bottom": 156,
            "right": 284
        },
        "type": "text",
        "id": 12,
        "isClick": false,
        "content": "Jokes"
    },
    {
        "location": {
            "left": 110,
            "top": 442,
            "bottom": 496,
            "right": 343
        },
        "type": "text",
        "id": 13,
        "isClick": false,
        "content": "Dentists"
    },
    {
        "location": {
            "left": 368,
            "top": 440,
            "bottom": 493,
            "right": 498
        },
        "type": "text",
        "id": 14,
        "isClick": false,
        "content": "have"
    },
    {
        "location": {
            "left": 518,
            "top": 440,
            "bottom": 496,
            "right": 648
        },
        "type": "text",
        "id": 15,
        "isClick": false,
        "content": "their"
    },
    {
        "location": {
            "left": 669,
            "top": 454,
            "bottom": 492,
            "right": 784
        },
        "type": "text",
        "id": 16,
        "isClick": false,
        "content": "own"
    },
    {
        "location": {
            "left": 106,
            "top": 516,
            "bottom": 584,
            "right": 315
        },
        "type": "text",
        "id": 17,
        "isClick": false,
        "content": "flossify"
    },
    {
        "location": {
            "left": 336,
            "top": 531,
            "bottom": 569,
            "right": 402
        },
        "type": "text",
        "id": 18,
        "isClick": false,
        "content": "on"
    },
    {
        "location": {
            "left": 429,
            "top": 517,
            "bottom": 569,
            "right": 545
        },
        "type": "text",
        "id": 19,
        "isClick": false,
        "content": "how"
    },
    {
        "location": {
            "left": 564,
            "top": 523,
            "bottom": 569,
            "right": 618
        },
        "type": "text",
        "id": 20,
        "isClick": false,
        "content": "to"
    },
    {
        "location": {
            "left": 643,
            "top": 517,
            "bottom": 582,
            "right": 775
        },
        "type": "text",
        "id": 21,
        "isClick": false,
        "content": "keep"
    },
    {
        "location": {
            "left": 796,
            "top": 517,
            "bottom": 569,
            "right": 941
        },
        "type": "text",
        "id": 22,
        "isClick": false,
        "content": "teeth"
    },
    {
        "location": {
            "left": 108,
            "top": 594,
            "bottom": 648,
            "right": 274
        },
        "type": "text",
        "id": 23,
        "isClick": false,
        "content": "clean ."
    },
    {
        "location": {
            "left": 448,
            "top": 1606,
            "bottom": 1647,
            "right": 576
        },
        "type": "text",
        "id": 24,
        "isClick": true,
        "content": "NEXT"
    },
    {
        "location": {
            "left": 591,
            "top": 1615,
            "bottom": 1641,
            "right": 633
        },
        "type": "text",
        "id": 25,
        "isClick": false,
        "content": "- >"
    }
]