[
    {
        "location": {
            "left": 37,
            "top": 14,
            "bottom": 52,
            "right": 49
        },
        "type": "text",
        "id": 0,
        "isClick": false,
        "content": "."
    },
    {
        "location": {
            "left": 110,
            "top": 14,
            "bottom": 52,
            "right": 122
        },
        "type": "text",
        "id": 1,
        "isClick": false,
        "content": "f"
    },
    {
        "location": {
            "left": 156,
            "top": 10,
            "bottom": 50,
            "right": 189
        },
        "type": "text",
        "id": 2,
        "isClick": false,
        "content": "f"
    },
    {
        "location": {
            "left": 220,
            "top": 14,
            "bottom": 51,
            "right": 253
        },
        "type": "text",
        "id": 3,
        "isClick": false,
        "content": "f"
    },
    {
        "location": {
            "left": 282,
            "top": 11,
            "bottom": 51,
            "right": 315
        },
        "type": "text",
        "id": 4,
        "isClick": false,
        "content": "f"
    },
    {
        "location": {
            "left": 346,
            "top": 14,
            "bottom": 50,
            "right": 379
        },
        "type": "text",
        "id": 5,
        "isClick": false,
        "content": "f"
    },
    {
        "location": {
            "left": 408,
            "top": 12,
            "bottom": 50,
            "right": 441
        },
        "type": "text",
        "id": 6,
        "isClick": false,
        "content": "f"
    },
    {
        "location": {
            "left": 472,
            "top": 13,
            "bottom": 51,
            "right": 505
        },
        "type": "text",
        "id": 7,
        "isClick": false,
        "content": "f"
    },
    {
        "location": {
            "left": 534,
            "top": 13,
            "bottom": 52,
            "right": 631
        },
        "type": "text",
        "id": 8,
        "isClick": false,
        "content": "ff"
    },
    {
        "location": {
            "left": 597,
            "top": 9,
            "bottom": 54,
            "right": 687
        },
        "type": "text",
        "id": 9,
        "isClick": false,
        "content": "fi"
    },
    {
        "location": {
            "left": 780,
            "top": 13,
            "bottom": 49,
            "right": 805
        },
        "type": "text",
        "id": 10,
        "isClick": false,
        "content": "4"
    },
    {
        "location": {
            "left": 989,
            "top": 17,
            "bottom": 49,
            "right": 1056
        },
        "type": "text",
        "id": 11,
        "isClick": false,
        "content": "5:43"
    },
    {
        "location": {
            "left": 45,
            "top": 118,
            "bottom": 156,
            "right": 128
        },
        "type": "text",
        "id": 12,
        "isClick": false,
        "content": "Pun"
    },
    {
        "location": {
            "left": 147,
            "top": 117,
            "bottom": 156,
            "right": 284
        },
        "type": "text",
        "id": 13,
        "isClick": false,
        "content": "Jokes"
    },
    {
        "location": {
            "left": 447,
            "top": 489,
            "bottom": 527,
            "right": 632
        },
        "type": "text",
        "id": 14,
        "isClick": false,
        "content": "PEOPLE"
    },
    {
        "location": {
            "left": 448,
            "top": 778,
            "bottom": 817,
            "right": 635
        },
        "type": "text",
        "id": 15,
        "isClick": false,
        "content": "PLACES"
    },
    {
        "location": {
            "left": 372,
            "top": 1065,
            "bottom": 1108,
            "right": 708
        },
        "type": "text",
        "id": 16,
        "isClick": false,
        "content": "TECHNOLOGY"
    },
    {
        "location": {
            "left": 316,
            "top": 1353,
            "bottom": 1397,
            "right": 761
        },
        "type": "text",
        "id": 17,
        "isClick": false,
        "content": "TRANSPORTATION"
    },
    {
        "location": {
            "left": 467,
            "top": 1642,
            "bottom": 1685,
            "right": 614
        },
        "type": "text",
        "id": 18,
        "isClick": true,
        "content": "WORK"
    }
]