[
    {
        "location": {
            "left": 94,
            "top": 12,
            "bottom": 51,
            "right": 631
        },
        "type": "text",
        "id": 0,
        "isClick": false,
        "content": "fffffffff"
    },
    {
        "location": {
            "left": 777,
            "top": 13,
            "bottom": 50,
            "right": 804
        },
        "type": "text",
        "id": 1,
        "isClick": false,
        "content": "4"
    },
    {
        "location": {
            "left": 989,
            "top": 17,
            "bottom": 49,
            "right": 1057
        },
        "type": "text",
        "id": 2,
        "isClick": false,
        "content": "5:44"
    },
    {
        "location": {
            "left": 46,
            "top": 119,
            "bottom": 155,
            "right": 129
        },
        "type": "text",
        "id": 3,
        "isClick": false,
        "content": "Pun"
    },
    {
        "location": {
            "left": 148,
            "top": 117,
            "bottom": 155,
            "right": 299
        },
        "type": "text",
        "id": 4,
        "isClick": false,
        "content": "Jokes :"
    },
    {
        "location": {
            "left": 316,
            "top": 116,
            "bottom": 155,
            "right": 455
        },
        "type": "text",
        "id": 5,
        "isClick": false,
        "content": "About"
    },
    {
        "location": {
            "left": 228,
            "top": 377,
            "bottom": 385,
            "right": 241
        },
        "type": "text",
        "id": 6,
        "isClick": false,
        "content": "-"
    },
    {
        "location": {
            "left": 260,
            "top": 357,
            "bottom": 400,
            "right": 441
        },
        "type": "text",
        "id": 7,
        "isClick": false,
        "content": "Created"
    },
    {
        "location": {
            "left": 460,
            "top": 356,
            "bottom": 407,
            "right": 511
        },
        "type": "text",
        "id": 8,
        "isClick": false,
        "content": "by"
    },
    {
        "location": {
            "left": 526,
            "top": 355,
            "bottom": 401,
            "right": 609
        },
        "type": "text",
        "id": 9,
        "isClick": false,
        "content": "Tux"
    },
    {
        "location": {
            "left": 626,
            "top": 353,
            "bottom": 400,
            "right": 801
        },
        "type": "text",
        "id": 10,
        "isClick": false,
        "content": "Studios"
    },
    {
        "location": {
            "left": 820,
            "top": 377,
            "bottom": 385,
            "right": 833
        },
        "type": "text",
        "id": 11,
        "isClick": false,
        "content": "-"
    },
    {
        "location": {
            "left": 109,
            "top": 489,
            "bottom": 529,
            "right": 183
        },
        "type": "text",
        "id": 12,
        "isClick": false,
        "content": "Pun"
    },
    {
        "location": {
            "left": 201,
            "top": 488,
            "bottom": 528,
            "right": 333
        },
        "type": "text",
        "id": 13,
        "isClick": false,
        "content": "Jokes :"
    },
    {
        "location": {
            "left": 352,
            "top": 490,
            "bottom": 535,
            "right": 473
        },
        "type": "text",
        "id": 14,
        "isClick": false,
        "content": "Funny"
    },
    {
        "location": {
            "left": 490,
            "top": 490,
            "bottom": 528,
            "right": 590
        },
        "type": "text",
        "id": 15,
        "isClick": false,
        "content": "Puns"
    },
    {
        "location": {
            "left": 608,
            "top": 486,
            "bottom": 535,
            "right": 656
        },
        "type": "text",
        "id": 16,
        "isClick": false,
        "content": "( V."
    },
    {
        "location": {
            "left": 676,
            "top": 485,
            "bottom": 535,
            "right": 776
        },
        "type": "text",
        "id": 17,
        "isClick": false,
        "content": "10.0 )"
    },
    {
        "location": {
            "left": 795,
            "top": 490,
            "bottom": 528,
            "right": 825
        },
        "type": "text",
        "id": 18,
        "isClick": false,
        "content": "is"
    },
    {
        "location": {
            "left": 842,
            "top": 499,
            "bottom": 528,
            "right": 861
        },
        "type": "text",
        "id": 19,
        "isClick": false,
        "content": "a"
    },
    {
        "location": {
            "left": 878,
            "top": 488,
            "bottom": 527,
            "right": 942
        },
        "type": "text",
        "id": 20,
        "isClick": false,
        "content": "fun"
    },
    {
        "location": {
            "left": 107,
            "top": 543,
            "bottom": 585,
            "right": 179
        },
        "type": "text",
        "id": 21,
        "isClick": false,
        "content": "and"
    },
    {
        "location": {
            "left": 198,
            "top": 544,
            "bottom": 592,
            "right": 355
        },
        "type": "text",
        "id": 22,
        "isClick": false,
        "content": "exciting"
    },
    {
        "location": {
            "left": 373,
            "top": 543,
            "bottom": 584,
            "right": 571
        },
        "type": "text",
        "id": 23,
        "isClick": false,
        "content": "collection"
    },
    {
        "location": {
            "left": 589,
            "top": 543,
            "bottom": 583,
            "right": 629
        },
        "type": "text",
        "id": 24,
        "isClick": false,
        "content": "of"
    },
    {
        "location": {
            "left": 645,
            "top": 553,
            "bottom": 591,
            "right": 753
        },
        "type": "text",
        "id": 25,
        "isClick": false,
        "content": "puns ."
    },
    {
        "location": {
            "left": 773,
            "top": 543,
            "bottom": 591,
            "right": 883
        },
        "type": "text",
        "id": 26,
        "isClick": false,
        "content": "If you"
    },
    {
        "location": {
            "left": 108,
            "top": 595,
            "bottom": 640,
            "right": 203
        },
        "type": "text",
        "id": 27,
        "isClick": false,
        "content": "have"
    },
    {
        "location": {
            "left": 220,
            "top": 608,
            "bottom": 636,
            "right": 239
        },
        "type": "text",
        "id": 28,
        "isClick": false,
        "content": "a"
    },
    {
        "location": {
            "left": 256,
            "top": 590,
            "bottom": 645,
            "right": 493
        },
        "type": "text",
        "id": 29,
        "isClick": false,
        "content": "suggestion ,"
    },
    {
        "location": {
            "left": 510,
            "top": 597,
            "bottom": 645,
            "right": 641
        },
        "type": "text",
        "id": 30,
        "isClick": false,
        "content": "please"
    },
    {
        "location": {
            "left": 656,
            "top": 597,
            "bottom": 641,
            "right": 727
        },
        "type": "text",
        "id": 31,
        "isClick": false,
        "content": "feel"
    },
    {
        "location": {
            "left": 746,
            "top": 590,
            "bottom": 640,
            "right": 877
        },
        "type": "text",
        "id": 32,
        "isClick": false,
        "content": "free to"
    },
    {
        "location": {
            "left": 106,
            "top": 652,
            "bottom": 691,
            "right": 215
        },
        "type": "text",
        "id": 33,
        "isClick": false,
        "content": "email"
    },
    {
        "location": {
            "left": 233,
            "top": 662,
            "bottom": 691,
            "right": 279
        },
        "type": "text",
        "id": 34,
        "isClick": false,
        "content": "us"
    },
    {
        "location": {
            "left": 295,
            "top": 657,
            "bottom": 691,
            "right": 343
        },
        "type": "text",
        "id": 35,
        "isClick": false,
        "content": "at :"
    },
    {
        "location": {
            "left": 105,
            "top": 762,
            "bottom": 809,
            "right": 676
        },
        "type": "text",
        "id": 36,
        "isClick": false,
        "content": "tuxcreations77@gmail.com"
    },
    {
        "location": {
            "left": 45,
            "top": 1717,
            "bottom": 1756,
            "right": 104
        },
        "type": "text",
        "id": 37,
        "isClick": false,
        "content": "8 + 1"
    },
    {
        "location": {
            "left": 680,
            "top": 1713,
            "bottom": 1753,
            "right": 1015
        },
        "type": "text",
        "id": 38,
        "isClick": false,
        "content": "LEAVE US A REVIEW"
    },
    {
        "location": {
            "left": 1028,
            "top": 1714,
            "bottom": 1755,
            "right": 1046
        },
        "type": "text",
        "id": 39,
        "isClick": false,
        "content": ":)"
    }
]